0.002523,-0.008715,0.795024,0.000000,0.000000,0.709015,0.705194,0.000000,0.000000,0.000000,0.000000,0.000000,0.000000,0.000000,0.000000,0.000000,0.000000,0.000000,0.000000,0.000000,0.000000,0.000000,0.200000,0.200000,0.000000,1.280000,0.000000,0.000000,0.000000,0.200000,-0.200000,0.000000,1.280000,0.000000,0.000000,0.000000
0.002523,-0.008715,0.795024,0.000000,0.000000,0.709015,0.705194,0.000000,-0.000000,-0.000000,-0.000000,0.000000,-0.000000,0.000000,-0.000000,0.000000,-0.000000,0.000000,0.000000,-0.000000,-0.000000,-0.000000,0.200000,0.200000,0.000000,1.280000,-0.000000,0.000000,-0.000000,0.200000,-0.200000,-0.000000,1.280000,-0.000000,0.000000,0.000000
0.002523,-0.008715,0.795024,0.000000,0.000000,0.709015,0.705194,-0.000000,0.000000,0.000000,0.000000,-0.000000,0.000000,-0.000000,0.000000,-0.000000,0.000000,-0.000000,-0.000000,0.000000,0.000000,0.000000,0.200000,0.200000,-0.000000,1.280000,0.000000,-0.000000,0.000000,0.200000,-0.200000,0.000000,1.280000,0.000000,-0.000000,-0.000000
0.002523,-0.008715,0.795024,0.000000,0.000000,0.709015,0.705194,0.000000,-0.000000,-0.000000,-0.000000,0.000000,-0.000000,0.000000,-0.000000,0.000000,-0.000000,0.000000,0.000000,-0.000000,-0.000000,-0.000000,0.200000,0.200000,0.000000,1.280000,-0.000000,0.000000,-0.000000,0.200000,-0.200000,-0.000000,1.280000,-0.000000,0.000000,0.000000
0.002523,-0.008715,0.795024,0.000000,0.000000,0.709015,0.705194,0.000000,0.000000,0.000000,0.000000,0.000000,0.000000,0.000000,0.000000,0.000000,0.000000,0.000000,0.000000,0.000000,0.000000,0.000000,0.200000,0.200000,0.000000,1.280000,0.000000,0.000000,0.000000,0.200000,-0.200000,0.000000,1.280000,0.000000,0.000000,0.000000
0.002523,-0.008715,0.795024,0.000000,0.000000,0.709015,0.705194,-0.000000,0.000000,0.000000,0.000000,-0.000000,0.000000,-0.000000,0.000000,-0.000000,0.000000,-0.000000,-0.000000,0.000000,0.000000,0.000000,0.200000,0.200000,-0.000000,1.280000,0.000000,-0.000000,0.000000,0.200000,-0.200000,0.000000,1.280000,0.000000,-0.000000,-0.000000
0.002523,-0.008715,0.795024,0.000000,0.000000,0.709015,0.705194,0.000000,-0.000000,-0.000000,-0.000000,0.000000,-0.000000,0.000000,-0.000000,0.000000,-0.000000,0.000000,0.000000,-0.000000,-0.000000,-0.000000,0.200000,0.200000,0.000000,1.280000,-0.000000,0.000000,-0.000000,0.200000,-0.200000,-0.000000,1.280000,-0.000000,0.000000,0.000000
0.002523,-0.008715,0.795024,0.000000,0.000000,0.709015,0.705194,-0.000000,0.000000,0.000000,0.000000,-0.000000,0.000000,-0.000000,0.000000,-0.000000,0.000000,-0.000000,-0.000000,0.000000,0.000000,0.000000,0.200000,0.200000,-0.000000,1.280000,0.000000,-0.000000,0.000000,0.200000,-0.200000,0.000000,1.280000,0.000000,-0.000000,-0.000000
0.002523,-0.008715,0.795024,0.000000,0.000000,0.709015,0.705194,0.000000,0.000000,0.000000,0.000000,0.000000,0.000000,0.000000,0.000000,0.000000,0.000000,0.000000,0.000000,0.000000,0.000000,0.000000,0.200000,0.200000,0.000000,1.280000,0.000000,0.000000,0.000000,0.200000,-0.200000,0.000000,1.280000,0.000000,0.000000,0.000000
0.002523,-0.008715,0.795024,0.000000,0.000000,0.709015,0.705194,0.000000,-0.000000,-0.000000,-0.000000,0.000000,-0.000000,0.000000,-0.000000,0.000000,-0.000000,0.000000,0.000000,-0.000000,-0.000000,-0.000000,0.200000,0.200000,0.000000,1.280000,-0.000000,0.000000,-0.000000,0.200000,-0.200000,-0.000000,1.280000,-0.000000,0.000000,0.000000
0.002523,-0.008715,0.795024,0.000000,0.000000,0.709015,0.705194,-0.000000,0.000000,0.000000,0.000000,-0.000000,0.000000,-0.000000,0.000000,-0.000000,0.000000,-0.000000,-0.000000,0.000000,0.000000,0.000000,0.200000,0.200000,-0.000000,1.280000,0.000000,-0.000000,0.000000,0.200000,-0.200000,0.000000,1.280000,0.000000,-0.000000,-0.000000
0.002523,-0.008715,0.795024,0.000000,0.000000,0.709015,0.705194,0.000000,-0.000000,-0.000000,-0.000000,0.000000,-0.000000,0.000000,-0.000000,0.000000,-0.000000,0.000000,0.000000,-0.000000,-0.000000,-0.000000,0.200000,0.200000,0.000000,1.280000,-0.000000,0.000000,-0.000000,0.200000,-0.200000,-0.000000,1.280000,-0.000000,0.000000,0.000000
0.002523,-0.008715,0.795024,0.000000,0.000000,0.709015,0.705194,-0.000000,0.000000,0.000000,0.000000,-0.000000,0.000000,-0.000000,0.000000,-0.000000,0.000000,-0.000000,-0.000000,0.000000,0.000000,0.000000,0.200000,0.200000,-0.000000,1.280000,0.000000,-0.000000,0.000000,0.200000,-0.200000,0.000000,1.280000,0.000000,-0.000000,-0.000000
0.002523,-0.008715,0.795024,0.000000,0.000000,0.709015,0.705194,-0.000000,0.000000,0.000000,0.000000,-0.000000,0.000000,-0.000000,0.000000,-0.000000,0.000000,-0.000000,-0.000000,0.000000,0.000000,0.000000,0.200000,0.200000,-0.000000,1.280000,0.000000,-0.000000,0.000000,0.200000,-0.200000,0.000000,1.280000,0.000000,-0.000000,-0.000000
0.002523,-0.008715,0.795024,0.000000,0.000000,0.709015,0.705194,0.000000,-0.000000,-0.000000,-0.000000,0.000000,-0.000000,0.000000,-0.000000,0.000000,-0.000000,0.000000,0.000000,-0.000000,-0.000000,-0.000000,0.200000,0.200000,0.000000,1.280000,-0.000000,0.000000,-0.000000,0.200000,-0.200000,-0.000000,1.280000,-0.000000,0.000000,0.000000
0.002523,-0.008715,0.795024,0.000000,0.000000,0.709015,0.705194,-0.000000,0.000000,0.000000,0.000000,-0.000000,0.000000,-0.000000,0.000000,-0.000000,0.000000,-0.000000,-0.000000,0.000000,0.000000,0.000000,0.200000,0.200000,-0.000000,1.280000,0.000000,-0.000000,0.000000,0.200000,-0.200000,0.000000,1.280000,0.000000,-0.000000,-0.000000
0.002523,-0.008715,0.795024,0.000000,0.000000,0.709015,0.705194,0.000000,0.000000,0.000000,0.000000,0.000000,0.000000,0.000000,0.000000,0.000000,0.000000,0.000000,0.000000,0.000000,0.000000,0.000000,0.200000,0.200000,0.000000,1.280000,0.000000,0.000000,0.000000,0.200000,-0.200000,0.000000,1.280000,0.000000,0.000000,0.000000
0.002523,-0.008715,0.795024,0.000000,0.000000,0.709015,0.705194,0.000000,-0.000000,-0.000000,-0.000000,0.000000,-0.000000,0.000000,-0.000000,0.000000,-0.000000,0.000000,0.000000,-0.000000,-0.000000,-0.000000,0.200000,0.200000,0.000000,1.280000,-0.000000,0.000000,-0.000000,0.200000,-0.200000,-0.000000,1.280000,-0.000000,0.000000,0.000000
0.002523,-0.008715,0.795024,0.000000,0.000000,0.709015,0.705194,-0.000000,0.000000,0.000000,0.000000,-0.000000,0.000000,-0.000000,0.000000,-0.000000,0.000000,-0.000000,-0.000000,0.000000,0.000000,0.000000,0.200000,0.200000,-0.000000,1.280000,0.000000,-0.000000,0.000000,0.200000,-0.200000,0.000000,1.280000,0.000000,-0.000000,-0.000000
0.002523,-0.008715,0.795024,0.000000,0.000000,0.709015,0.705194,0.000000,-0.000000,-0.000000,-0.000000,0.000000,-0.000000,0.000000,-0.000000,0.000000,-0.000000,0.000000,0.000000,-0.000000,-0.000000,-0.000000,0.200000,0.200000,0.000000,1.280000,-0.000000,0.000000,-0.000000,0.200000,-0.200000,-0.000000,1.280000,-0.000000,0.000000,0.000000
0.002523,-0.008715,0.795024,0.000000,0.000000,0.709015,0.705194,0.000000,0.000000,0.000000,0.000000,0.000000,0.000000,0.000000,0.000000,0.000000,0.000000,0.000000,0.000000,0.000000,0.000000,0.000000,0.200000,0.200000,0.000000,1.280000,0.000000,0.000000,0.000000,0.200000,-0.200000,0.000000,1.280000,0.000000,0.000000,0.000000
0.002523,-0.008715,0.795024,0.000000,0.000000,0.709015,0.705194,-0.000000,0.000000,0.000000,0.000000,-0.000000,0.000000,-0.000000,0.000000,-0.000000,0.000000,-0.000000,-0.000000,0.000000,0.000000,0.000000,0.200000,0.200000,-0.000000,1.280000,0.000000,-0.000000,0.000000,0.200000,-0.200000,0.000000,1.280000,0.000000,-0.000000,-0.000000
0.002523,-0.008715,0.795024,0.000000,0.000000,0.709015,0.705194,0.000000,-0.000000,-0.000000,-0.000000,0.000000,-0.000000,0.000000,-0.000000,0.000000,-0.000000,0.000000,0.000000,-0.000000,-0.000000,-0.000000,0.200000,0.200000,0.000000,1.280000,-0.000000,0.000000,-0.000000,0.200000,-0.200000,-0.000000,1.280000,-0.000000,0.000000,0.000000
0.002523,-0.008715,0.795024,0.000000,0.000000,0.709015,0.705194,-0.000000,0.000000,0.000000,0.000000,-0.000000,0.000000,-0.000000,0.000000,-0.000000,0.000000,-0.000000,-0.000000,0.000000,0.000000,0.000000,0.200000,0.200000,-0.000000,1.280000,0.000000,-0.000000,0.000000,0.200000,-0.200000,0.000000,1.280000,0.000000,-0.000000,-0.000000
0.002523,-0.008715,0.795024,0.000000,0.000000,0.709015,0.705194,0.000000,-0.000000,-0.000000,-0.000000,0.000000,-0.000000,0.000000,-0.000000,0.000000,-0.000000,0.000000,0.000000,-0.000000,-0.000000,-0.000000,0.200000,0.200000,0.000000,1.280000,-0.000000,0.000000,-0.000000,0.200000,-0.200000,-0.000000,1.280000,-0.000000,0.000000,0.000000
0.002523,-0.008715,0.795024,0.000000,0.000000,0.709015,0.705194,0.000000,-0.000000,-0.000000,-0.000000,0.000000,-0.000000,0.000000,-0.000000,0.000000,-0.000000,0.000000,0.000000,-0.000000,-0.000000,-0.000000,0.200000,0.200000,0.000000,1.280000,-0.000000,0.000000,-0.000000,0.200000,-0.200000,-0.000000,1.280000,-0.000000,0.000000,0.000000
0.002523,-0.008715,0.795024,0.000000,0.000000,0.709015,0.705194,-0.000000,0.000000,0.000000,0.000000,-0.000000,0.000000,-0.000000,0.000000,-0.000000,0.000000,-0.000000,-0.000000,0.000000,0.000000,0.000000,0.200000,0.200000,-0.000000,1.280000,0.000000,-0.000000,0.000000,0.200000,-0.200000,0.000000,1.280000,0.000000,-0.000000,-0.000000
0.002523,-0.008715,0.795024,0.000000,0.000000,0.709015,0.705194,0.000000,-0.000000,-0.000000,-0.000000,0.000000,-0.000000,0.000000,-0.000000,0.000000,-0.000000,0.000000,0.000000,-0.000000,-0.000000,-0.000000,0.200000,0.200000,0.000000,1.280000,-0.000000,0.000000,-0.000000,0.200000,-0.200000,-0.000000,1.280000,-0.000000,0.000000,0.000000
0.002523,-0.008715,0.795024,0.000000,0.000000,0.709015,0.705194,0.000000,0.000000,0.000000,0.000000,0.000000,0.000000,0.000000,0.000000,0.000000,0.000000,0.000000,0.000000,0.000000,0.000000,0.000000,0.200000,0.200000,0.000000,1.280000,0.000000,0.000000,0.000000,0.200000,-0.200000,0.000000,1.280000,0.000000,0.000000,0.000000
0.002523,-0.008715,0.795024,0.000000,0.000000,0.709015,0.705194,-0.000000,0.000000,0.000000,0.000000,-0.000000,0.000000,-0.000000,0.000000,-0.000000,0.000000,-0.000000,-0.000000,0.000000,0.000000,0.000000,0.200000,0.200000,-0.000000,1.280000,0.000000,-0.000000,0.000000,0.200000,-0.200000,0.000000,1.280000,0.000000,-0.000000,-0.000000
0.002523,-0.008715,0.795024,0.000000,0.000000,0.709015,0.705194,0.000000,-0.000000,-0.000000,-0.000000,0.000000,-0.000000,0.000000,-0.000000,0.000000,-0.000000,0.000000,0.000000,-0.000000,-0.000000,-0.000000,0.200000,0.200000,0.000000,1.280000,-0.000000,0.000000,-0.000000,0.200000,-0.200000,-0.000000,1.280000,-0.000000,0.000000,0.000000
0.002523,-0.008715,0.795024,0.000000,0.000000,0.709015,0.705194,-0.000000,0.000000,0.000000,0.000000,-0.000000,0.000000,-0.000000,0.000000,-0.000000,0.000000,-0.000000,-0.000000,0.000000,0.000000,0.000000,0.200000,0.200000,-0.000000,1.280000,0.000000,-0.000000,0.000000,0.200000,-0.200000,0.000000,1.280000,0.000000,-0.000000,-0.000000
0.002523,-0.008715,0.795024,0.000000,0.000000,0.709015,0.705194,0.000000,0.000000,0.000000,0.000000,0.000000,0.000000,0.000000,0.000000,0.000000,0.000000,0.000000,0.000000,0.000000,0.000000,0.000000,0.200000,0.200000,0.000000,1.280000,0.000000,0.000000,0.000000,0.200000,-0.200000,0.000000,1.280000,0.000000,0.000000,0.000000
0.002523,-0.008715,0.795023,0.000000,0.000000,0.709015,0.705194,0.000001,-0.000000,-0.000000,-0.000002,0.000001,-0.000000,0.000000,-0.000000,0.000000,-0.000001,0.000001,0.000000,-0.000000,-0.000000,-0.000000,0.200000,0.200000,0.000001,1.280000,-0.000000,0.000000,-0.000000,0.200000,-0.200000,-0.000001,1.280000,-0.000000,0.000000,0.000001
0.002523,-0.008715,0.795029,0.000000,0.000000,0.709015,0.705194,-0.000002,0.000000,0.000001,0.000006,-0.000003,0.000001,-0.000000,0.000000,-0.000001,0.000003,-0.000002,-0.000000,0.000000,0.000000,0.000000,0.200001,0.200000,-0.000004,1.279999,0.000001,-0.000001,0.000001,0.199999,-0.200001,0.000004,1.279998,0.000001,-0.000000,-0.000002
0.002523,-0.008715,0.795047,0.000000,0.000000,0.709015,0.705194,0.000004,-0.000001,-0.000003,-0.000012,0.000006,-0.000002,0.000001,-0.000001,0.000002,-0.000005,0.000004,0.000000,-0.000001,-0.000001,-0.000001,0.199998,0.200000,0.000008,1.280002,-0.000003,0.000002,-0.000002,0.200002,-0.199997,-0.000008,1.280003,-0.000002,0.000001,0.000004
0.002523,-0.008715,0.795078,0.000000,0.000000,0.709015,0.705194,0.000000,-0.000000,-0.000000,-0.000000,0.000000,-0.000000,0.000000,-0.000000,0.000000,-0.000000,0.000000,0.000000,-0.000000,-0.000000,-0.000000,0.200000,0.200000,0.000000,1.280000,-0.000000,0.000000,-0.000000,0.200000,-0.200000,-0.000000,1.280000,-0.000000,0.000000,0.000000
0.002523,-0.008715,0.795109,0.000000,0.000000,0.709015,0.705194,-0.000029,0.000006,0.000020,0.000078,-0.000042,0.000014,-0.000005,0.000004,-0.000012,0.000034,-0.000028,-0.000001,0.000006,0.000006,0.000004,0.200012,0.200000,-0.000054,1.279986,0.000018,-0.000015,0.000013,0.199989,-0.200017,0.000053,1.279978,0.000011,-0.000006,-0.000027
0.002523,-0.008715,0.795090,0.000000,0.000000,0.709015,0.705194,0.000111,-0.000022,-0.000077,-0.000302,0.000163,-0.000053,0.000021,-0.000015,0.000045,-0.000131,0.000108,0.000004,-0.000022,-0.000025,-0.000015,0.199954,0.199999,0.000208,1.280055,-0.000068,0.000057,-0.000051,0.200042,-0.199934,-0.000206,1.280085,-0.000044,0.000023,0.000106
0.002523,-0.008715,0.795052,-0.000011,0.000053,0.709014,0.705194,-0.000259,0.000051,0.000179,0.000704,-0.000380,0.000124,-0.000049,0.000036,-0.000105,0.000305,-0.000252,-0.000009,0.000051,0.000058,0.000035,0.200107,0.200002,-0.000486,1.279872,0.000158,-0.000133,0.000118,0.199903,-0.200154,0.000479,1.279802,0.000102,-0.000054,-0.000247
0.002523,-0.008715,0.795096,-0.000042,0.000213,0.709013,0.705195,-0.002418,0.000473,0.001671,0.006557,-0.003542,0.001158,-0.000456,0.000335,-0.000976,0.002842,-0.002345,-0.000082,0.000479,0.000545,0.000328,0.200997,0.200023,-0.004525,1.278808,0.001470,-0.001239,0.001103,0.199098,-0.201438,0.004467,1.278157,0.000954,-0.000499,-0.002301
0.002523,-0.008715,0.795297,-0.000135,0.000686,0.709009,0.705199,-0.007342,0.001435,0.005074,0.019904,-0.010754,0.003514,-0.001383,0.001018,-0.002962,0.008628,-0.007118,-0.000250,0.001454,0.001656,0.000997,0.203026,0.200070,-0.013736,1.276382,0.004464,-0.003762,0.003347,0.197263,-0.204367,0.013560,1.274404,0.002897,-0.001515,-0.006984
0.002523,-0.008715,0.795593,-0.000267,0.001357,0.709004,0.705204,-0.014871,0.002907,0.010277,0.040314,-0.021780,0.007118,-0.002802,0.002061,-0.005999,0.017475,-0.014417,-0.000506,0.002944,0.003354,0.002020,0.206129,0.200143,-0.027822,1.272671,0.009041,-0.007621,0.006779,0.194456,-0.208845,0.027464,1.268665,0.005869,-0.003069,-0.014146
0.002523,-0.008715,0.795920,-0.000435,0.002214,0.708996,0.705209,-0.024767,0.004841,0.017116,0.067146,-0.036275,0.011855,-0.004667,0.003433,-0.009992,0.029106,-0.024013,-0.000843,0.004904,0.005586,0.003364,0.210207,0.200238,-0.046339,1.267793,0.015058,-0.012693,0.011291,0.190767,-0.214731,0.045743,1.261121,0.009774,-0.005110,-0.023561
0.002523,-0.008715,0.796237,-0.000638,0.003248,0.708986,0.705214,-0.036864,0.007206,0.025476,0.099943,-0.053994,0.017645,-0.006946,0.005110,-0.014873,0.043323,-0.035743,-0.001254,0.007300,0.008315,0.005007,0.215193,0.200354,-0.068972,1.261830,0.022413,-0.018893,0.016806,0.186257,-0.221927,0.068086,1.251900,0.014547,-0.007606,-0.035070
0.002523,-0.008715,0.796510,-0.000886,0.004509,0.708973,0.705220,-0.050887,0.009947,0.035167,0.137960,-0.074532,0.024357,-0.009588,0.007053,-0.020530,0.059803,-0.049339,-0.001731,0.010077,0.011478,0.006912,0.220973,0.200489,-0.095208,1.254918,0.030939,-0.026079,0.023199,0.181030,-0.230267,0.093985,1.241211,0.020081,-0.010500,-0.048410
0.002523,-0.008715,0.796712,-0.001156,0.005888,0.708958,0.705225,-0.066531,0.013005,0.045979,0.180374,-0.097446,0.031845,-0.012537,0.009221,-0.026843,0.078189,-0.064507,-0.002263,0.013175,0.015007,0.009037,0.227420,0.200640,-0.124479,1.247207,0.040450,-0.034096,0.030331,0.175197,-0.239572,0.122880,1.229287,0.026255,-0.013728,-0.063294
0.002523,-0.008715,0.796817,-0.001446,0.007366,0.708939,0.705229,-0.083461,0.016315,0.057678,0.226271,-0.122242,0.039949,-0.015727,0.011568,-0.033674,0.098085,-0.080922,-0.002839,0.016527,0.018825,0.011337,0.234398,0.200802,-0.156154,1.238863,0.050742,-0.042773,0.038049,0.168886,-0.249641,0.154147,1.216382,0.032935,-0.017221,-0.079399
0.002523,-0.008715,0.796802,-0.001752,0.008926,0.708918,0.705232,-0.101308,0.019803,0.070012,0.274657,-0.148382,0.048491,-0.019090,0.014042,-0.040874,0.119059,-0.098226,-0.003446,0.020061,0.022850,0.013761,0.241753,0.200974,-0.189546,1.230066,0.061593,-0.051920,0.046185,0.162233,-0.260257,0.187110,1.202778,0.039978,-0.020903,-0.096378
0.002523,-0.008715,0.796650,-0.002071,0.010549,0.708895,0.705233,-0.119687,0.023396,0.082713,0.324485,-0.175301,0.057288,-0.022552,0.016590,-0.048288,0.140657,-0.116046,-0.004071,0.023700,0.026995,0.016257,0.249327,0.201150,-0.223932,1.221008,0.072767,-0.061339,0.054564,0.155381,-0.271189,0.221055,1.188769,0.047231,-0.024696,-0.113863
0.002523,-0.008715,0.796342,-0.002390,0.012172,0.708869,0.705232,-0.138200,0.027015,0.095507,0.374674,-0.202415,0.066149,-0.026041,0.019156,-0.055757,0.162413,-0.133995,-0.004701,0.027366,0.031171,0.018771,0.256956,0.201327,-0.258568,1.211883,0.084023,-0.070827,0.063003,0.148480,-0.282200,0.255246,1.174658,0.054537,-0.028515,-0.131474
0.002523,-0.008715,0.795883,-0.002704,0.013773,0.708841,0.705229,-0.156445,0.030581,0.108115,0.424140,-0.229138,0.074882,-0.029478,0.021684,-0.063119,0.183855,-0.151685,-0.005322,0.030979,0.035286,0.021250,0.264476,0.201503,-0.292705,1.202890,0.095116,-0.080177,0.071321,0.141678,-0.293052,0.288944,1.160750,0.061736,-0.032279,-0.148831
0.002523,-0.008715,0.795302,-0.003010,0.015333,0.708813,0.705223,-0.174029,0.034018,0.120267,0.471810,-0.254892,0.083298,-0.032792,0.024122,-0.070213,0.204520,-0.168734,-0.005920,0.034461,0.039252,0.023638,0.271723,0.201672,-0.325604,1.194223,0.105806,-0.089188,0.079337,0.135123,-0.303510,0.321420,1.147348,0.068675,-0.035908,-0.165559
0.002523,-0.008715,0.794632,-0.003292,0.016772,0.708785,0.705217,-0.190573,0.037253,0.131699,0.516650,-0.279120,0.091216,-0.035912,0.026415,-0.076888,0.223961,-0.184772,-0.006481,0.037737,0.042984,0.025883,0.278541,0.201829,-0.356551,1.186072,0.115862,-0.097667,0.086879,0.128957,-0.313349,0.351971,1.134741,0.075203,-0.039323,-0.181294
0.002523,-0.008716,0.793892,-0.003551,0.018091,0.708759,0.705210,-0.205696,0.040207,0.142157,0.557714,-0.301287,0.098461,-0.038752,0.028510,-0.082993,0.241745,-0.199450,-0.007002,0.040733,0.046394,0.027949,0.284777,0.201983,-0.384877,1.178602,0.125070,-0.105415,0.093774,0.123313,-0.322352,0.379924,1.123194,0.081175,-0.042436,-0.195702
0.002522,-0.008714,0.793205,-0.003784,0.019276,0.708733,0.705203,-0.219149,0.042841,0.151438,0.594031,-0.320952,0.104884,-0.041309,0.030379,-0.088411,0.257528,-0.212457,-0.007445,0.043393,0.049429,0.029750,0.290314,0.202094,-0.409971,1.172010,0.133215,-0.112317,0.099906,0.118312,-0.330334,0.404720,1.112987,0.086474,-0.045230,-0.208449
0.002523,-0.008715,0.792622,-0.003987,0.020310,0.708710,0.705196,-0.230514,0.045060,0.159303,0.624948,-0.337624,0.110335,-0.043436,0.031951,-0.093003,0.270903,-0.223501,-0.007841,0.045646,0.051992,0.031311,0.295003,0.202215,-0.431287,1.166382,0.140148,-0.118137,0.105087,0.114066,-0.337107,0.425745,1.104292,0.090966,-0.047563,-0.219296
0.002527,-0.008723,0.792028,-0.004138,0.021078,0.708693,0.705190,-0.239454,0.046789,0.165551,0.649887,-0.350896,0.114691,-0.045021,0.033168,-0.096653,0.281537,-0.232339,-0.008210,0.047435,0.054007,0.032643,0.298724,0.202382,-0.448360,1.161802,0.145735,-0.122689,0.109167,0.110669,-0.342511,0.442489,1.097260,0.094539,-0.049324,-0.228037
0.002509,-0.008683,0.791522,-0.004250,0.021650,0.708680,0.705186,-0.247029,0.048360,0.170448,0.667011,-0.361126,0.117944,-0.046933,0.034326,-0.099496,0.289821,-0.238858,-0.008155,0.048843,0.055726,0.033096,0.301666,0.202060,-0.460848,1.158913,0.149601,-0.126716,0.112603,0.108156,-0.346596,0.455350,1.092544,0.097307,-0.051294,-0.234097
0.002552,-0.008778,0.791131,-0.004322,0.022018,0.708671,0.705182,-0.248923,0.048517,0.172560,0.680255,-0.365955,0.119736,-0.046138,0.034332,-0.100768,0.293515,-0.242655,-0.008962,0.049438,0.056127,0.034722,0.302873,0.203018,-0.468394,1.155972,0.152509,-0.127342,0.113508,0.106713,-0.348720,0.461531,1.088586,0.098581,-0.050718,-0.238620
0.002523,-0.008715,0.790745,-0.004354,0.022178,0.708667,0.705181,-0.251726,0.049206,0.173962,0.682455,-0.368692,0.120488,-0.047433,0.034891,-0.101561,0.295831,-0.244068,-0.008563,0.049846,0.056777,0.034192,0.303745,0.202419,-0.470974,1.155927,0.153044,-0.129008,0.114758,0.106158,-0.349724,0.464922,1.088124,0.099336,-0.051940,-0.239475
0.002086,-0.007572,0.790326,-0.010644,0.021506,0.707477,0.706329,-0.273120,0.054954,0.179990,0.652077,-0.377436,0.120965,-0.063660,0.040535,-0.104229,0.306020,-0.244423,-0.000874,0.051660,0.061574,0.022494,0.308516,0.192904,-0.469844,1.165789,0.147587,-0.143811,0.123875,0.105680,-0.352306,0.477085,1.097661,0.103062,-0.066402,-0.231317
0.001821,-0.005782,0.790417,-0.014968,0.024494,0.705356,0.708271,-0.287995,0.055338,0.181234,0.601653,-0.374926,0.117400,-0.077006,0.044664,-0.101779,0.313887,-0.243240,0.009074,0.051973,0.063173,0.011187,0.313714,0.185938,-0.468828,1.171331,0.141362,-0.155798,0.129002,0.104915,-0.354695,0.486727,1.104347,0.109665,-0.077076,-0.222448
0.001780,-0.003575,0.790982,-0.017333,0.028151,0.702856,0.710564,-0.289628,0.048627,0.176008,0.541596,-0.358504,0.109845,-0.082236,0.045544,-0.093407,0.316707,-0.241017,0.018631,0.050173,0.060080,0.003896,0.317301,0.184722,-0.468817,1.169529,0.136421,-0.160303,0.127607,0.103963,-0.356334,0.490430,1.104927,0.118094,-0.079319,-0.215522
0.001684,-0.000882,0.791644,-0.017745,0.029484,0.700543,0.712780,-0.285789,0.039418,0.169124,0.476963,-0.335886,0.100807,-0.084250,0.045102,-0.083242,0.317551,-0.238861,0.027697,0.047200,0.055179,-0.002212,0.318817,0.186096,-0.468969,1.165749,0.132345,-0.162036,0.124070,0.103043,-0.358236,0.491994,1.102734,0.126980,-0.078576,-0.208593
0.001424,0.002239,0.792223,-0.017812,0.031329,0.699359,0.713862,-0.277276,0.029698,0.163191,0.416658,-0.309801,0.091728,-0.082952,0.043468,-0.073914,0.316229,-0.237599,0.034650,0.043095,0.049470,-0.006731,0.316873,0.190020,-0.469294,1.161621,0.130097,-0.161406,0.119269,0.102297,-0.361087,0.492097,1.097390,0.134631,-0.075776,-0.201866
0.000622,0.005649,0.792536,-0.017796,0.032386,0.698896,0.714268,-0.266376,0.022199,0.158528,0.371995,-0.284196,0.084618,-0.078593,0.041973,-0.066247,0.314225,-0.238887,0.037661,0.038616,0.044445,-0.010013,0.310531,0.195377,-0.469602,1.159117,0.129571,-0.158685,0.115199,0.102158,-0.364308,0.490333,1.091521,0.140119,-0.071336,-0.195496
-0.000729,0.009324,0.792493,-0.017736,0.033150,0.698958,0.714174,-0.254860,0.016452,0.156427,0.340882,-0.263456,0.080513,-0.073425,0.040031,-0.060527,0.313407,-0.242813,0.037311,0.034411,0.039693,-0.012533,0.298280,0.202213,-0.469993,1.159240,0.131725,-0.154763,0.114423,0.102489,-0.367735,0.488104,1.085461,0.143530,-0.066623,-0.189343
-0.002305,0.013317,0.792194,-0.017669,0.034117,0.699347,0.713749,-0.242944,0.010437,0.157374,0.316588,-0.249557,0.079728,-0.069739,0.036296,-0.056635,0.315773,-0.248609,0.035432,0.030605,0.034102,-0.015011,0.279896,0.210875,-0.470279,1.161681,0.136549,-0.150112,0.118915,0.102996,-0.371236,0.487157,1.078763,0.145953,-0.062344,-0.183110
-0.003781,0.017565,0.791866,-0.017050,0.035661,0.699656,0.713385,-0.230120,0.003505,0.159203,0.298909,-0.241090,0.082115,-0.067932,0.030791,-0.053881,0.322945,-0.255918,0.033123,0.026960,0.027727,-0.018325,0.257541,0.220519,-0.469774,1.165589,0.141697,-0.144227,0.128880,0.103637,-0.373997,0.487492,1.072835,0.148913,-0.057604,-0.176862
-0.005080,0.021618,0.791502,-0.016082,0.037257,0.699736,0.713248,-0.218117,-0.003873,0.160214,0.286372,-0.237778,0.085680,-0.067784,0.024458,-0.051411,0.333881,-0.264136,0.030774,0.023667,0.021245,-0.021954,0.232342,0.229798,-0.468941,1.171290,0.146895,-0.137535,0.141862,0.103852,-0.375290,0.487979,1.068655,0.152787,-0.053000,-0.171923
-0.006271,0.025343,0.791211,-0.014830,0.038918,0.699756,0.713167,-0.207280,-0.011690,0.160287,0.276003,-0.237613,0.089131,-0.069340,0.017472,-0.049435,0.348140,-0.272117,0.029640,0.020665,0.015281,-0.025733,0.206272,0.238247,-0.467594,1.178030,0.152223,-0.131148,0.155155,0.103884,-0.375546,0.487080,1.066389,0.157542,-0.048702,-0.167935
-0.007236,0.028715,0.791110,-0.013355,0.040653,0.699887,0.712971,-0.197576,-0.019884,0.159869,0.266335,-0.237463,0.091615,-0.072655,0.009768,-0.048698,0.365211,-0.278853,0.030660,0.017805,0.010297,-0.029616,0.182385,0.245605,-0.466270,1.183862,0.157359,-0.126153,0.166592,0.103884,-0.375556,0.484463,1.065613,0.162441,-0.044617,-0.164312
-0.007669,0.031515,0.791148,-0.011728,0.042629,0.700257,0.712521,-0.190024,-0.027743,0.158968,0.258558,-0.235187,0.092206,-0.077391,0.001820,-0.049590,0.383240,-0.284105,0.033245,0.015310,0.006568,-0.033107,0.163695,0.251197,-0.466936,1.186613,0.161484,-0.123068,0.174704,0.103157,-0.375626,0.481403,1.065754,0.166175,-0.041030,-0.161843
-0.007952,0.033751,0.791289,-0.010292,0.044646,0.700794,0.711891,-0.184260,-0.035143,0.157914,0.251339,-0.231126,0.091629,-0.083121,-0.006177,-0.052139,0.400697,-0.288020,0.036776,0.013859,0.003888,-0.036039,0.151036,0.255358,-0.469119,1.185107,0.163472,-0.121898,0.179293,0.102003,-0.376341,0.477595,1.066603,0.168900,-0.038003,-0.160339
-0.008263,0.035524,0.791465,-0.008957,0.046639,0.701462,0.711123,-0.179749,-0.042253,0.156685,0.244568,-0.226014,0.090560,-0.089467,-0.014216,-0.055646,0.417679,-0.291161,0.040561,0.013594,0.002014,-0.038357,0.143907,0.258197,-0.472082,1.180013,0.164085,-0.122234,0.182524,0.101052,-0.377746,0.472923,1.067855,0.169884,-0.035859,-0.160692
-0.008639,0.036979,0.791599,-0.007630,0.048542,0.702222,0.710261,-0.175863,-0.049290,0.155194,0.238538,-0.220761,0.089513,-0.095952,-0.022303,-0.059309,0.434636,-0.294175,0.043962,0.014328,0.000752,-0.040149,0.141086,0.259912,-0.475022,1.172787,0.164602,-0.123465,0.186104,0.100857,-0.379561,0.467520,1.069338,0.168349,-0.034731,-0.163583
-0.009237,0.038293,0.791647,-0.006278,0.050092,0.703085,0.709311,-0.171686,-0.056361,0.153498,0.232383,-0.216563,0.089024,-0.101869,-0.030302,-0.062801,0.450994,-0.297346,0.046656,0.015968,-0.000131,-0.041669,0.141020,0.261050,-0.476687,1.164833,0.165090,-0.125039,0.189458,0.101713,-0.381493,0.461333,1.071346,0.164639,-0.034334,-0.168445
-0.010036,0.039614,0.791624,-0.004825,0.051257,0.703873,0.708457,-0.166564,-0.063380,0.150894,0.225860,-0.213738,0.088903,-0.106502,-0.037876,-0.065716,0.466150,-0.300340,0.048851,0.018204,-0.000939,-0.043058,0.142161,0.261079,-0.476120,1.158637,0.165427,-0.126700,0.193736,0.103569,-0.382773,0.454616,1.074487,0.158808,-0.035069,-0.176347
-0.011099,0.040792,0.791562,-0.003185,0.051996,0.704546,0.707743,-0.160317,-0.070525,0.146930,0.219289,-0.211896,0.089477,-0.110000,-0.045067,-0.067376,0.480948,-0.303013,0.050821,0.020807,-0.001639,-0.044043,0.143187,0.259963,-0.473884,1.154835,0.165912,-0.128603,0.199458,0.105568,-0.383194,0.448120,1.079299,0.151663,-0.036840,-0.187565
-0.012469,0.041752,0.791509,-0.001274,0.052265,0.705064,0.707214,-0.153527,-0.077863,0.141807,0.213598,-0.210435,0.090733,-0.112961,-0.052013,-0.067466,0.496297,-0.304962,0.053093,0.023541,-0.002029,-0.044533,0.143321,0.257671,-0.470948,1.153397,0.166514,-0.130793,0.206105,0.106831,-0.382589,0.442326,1.086618,0.144061,-0.039156,-0.201662
-0.014070,0.042723,0.791526,0.000658,0.052240,0.705483,0.706799,-0.147206,-0.085105,0.136210,0.209599,-0.208850,0.091561,-0.115802,-0.058700,-0.066488,0.511793,-0.305347,0.056420,0.026131,-0.002036,-0.045003,0.142418,0.253671,-0.467396,1.155003,0.166482,-0.132957,0.212864,0.107189,-0.380364,0.436906,1.097389,0.136239,-0.041743,-0.218149
-0.016011,0.043559,0.791609,0.002496,0.052141,0.705746,0.706539,-0.141076,-0.092427,0.130542,0.205595,-0.206445,0.091405,-0.118945,-0.065531,-0.064976,0.527116,-0.304523,0.060644,0.028673,-0.001715,-0.045607,0.140387,0.248458,-0.463090,1.158816,0.165967,-0.135298,0.219642,0.106576,-0.376663,0.431604,1.110628,0.129008,-0.044827,-0.235740
-0.018180,0.044150,0.791729,0.004223,0.051991,0.705906,0.706382,-0.135272,-0.099573,0.125259,0.201357,-0.203093,0.090636,-0.122512,-0.072228,-0.062952,0.541976,-0.302580,0.065253,0.030880,-0.001019,-0.046188,0.137159,0.242434,-0.458273,1.164991,0.164969,-0.137558,0.226703,0.105198,-0.371714,0.426755,1.125116,0.122824,-0.048035,-0.253023
-0.020300,0.044484,0.791905,0.005825,0.051809,0.706018,0.706272,-0.130085,-0.106153,0.121257,0.197211,-0.198779,0.089752,-0.126565,-0.078505,-0.060543,0.556181,-0.299603,0.069799,0.032319,0.000196,-0.046630,0.133142,0.235994,-0.453323,1.173457,0.163460,-0.139228,0.233713,0.103459,-0.365911,0.422649,1.139499,0.117570,-0.050593,-0.268445
-0.022162,0.044558,0.792234,0.007321,0.051880,0.706020,0.706251,-0.125315,-0.112162,0.119540,0.192368,-0.193172,0.088673,-0.131280,-0.084698,-0.058317,0.569658,-0.296229,0.073989,0.032845,0.001920,-0.047036,0.129356,0.229845,-0.448458,1.182703,0.161836,-0.140213,0.239590,0.101907,-0.359971,0.419096,1.152053,0.112869,-0.052085,-0.280382
-0.023790,0.044339,0.792767,0.008785,0.052079,0.706057,0.706182,-0.120839,-0.117730,0.119467,0.186577,-0.186495,0.087305,-0.136446,-0.090619,-0.056042,0.582286,-0.293040,0.077310,0.032540,0.003498,-0.047270,0.126357,0.224511,-0.444190,1.192351,0.160828,-0.141143,0.244594,0.101391,-0.354417,0.416483,1.161450,0.108745,-0.053107,-0.288203
-0.025284,0.043775,0.793286,0.010276,0.052412,0.706105,0.706090,-0.116431,-0.123198,0.121287,0.179632,-0.179373,0.085727,-0.142599,-0.096911,-0.054079,0.595375,-0.290539,0.079674,0.031947,0.004619,-0.047174,0.124027,0.220746,-0.441890,1.201290,0.162164,-0.142522,0.249030,0.102063,-0.349758,0.415602,1.167123,0.105025,-0.053968,-0.292952
-0.026780,0.042907,0.793330,0.011854,0.052884,0.706137,0.705998,-0.111953,-0.128871,0.125080,0.171585,-0.172559,0.084399,-0.150736,-0.103521,-0.051157,0.610295,-0.287073,0.082286,0.030719,0.005024,-0.046546,0.122176,0.218780,-0.442551,1.209043,0.166556,-0.144167,0.253030,0.103467,-0.346174,0.416813,1.169459,0.101390,-0.054525,-0.296679
-0.028421,0.041918,0.792502,0.013322,0.053291,0.706503,0.705575,-0.107393,-0.134675,0.129452,0.162817,-0.166611,0.083967,-0.161680,-0.109240,-0.044350,0.627556,-0.280060,0.086760,0.027361,0.004296,-0.045215,0.120825,0.217992,-0.445685,1.216526,0.172649,-0.145417,0.256970,0.105129,-0.343319,0.419697,1.169446,0.097343,-0.054675,-0.301273
-0.030189,0.040946,0.791085,0.014577,0.053386,0.706836,0.705209,-0.102256,-0.140005,0.133503,0.153207,-0.161701,0.084246,-0.176048,-0.116323,-0.037176,0.649634,-0.275852,0.090304,0.022791,0.003068,-0.043489,0.119102,0.218687,-0.450381,1.222377,0.180687,-0.146547,0.261881,0.107120,-0.340894,0.424291,1.167243,0.091503,-0.055048,-0.307428
-0.031856,0.040305,0.789358,0.015734,0.053041,0.706992,0.705054,-0.096847,-0.143806,0.137298,0.144991,-0.159291,0.086060,-0.193828,-0.126880,-0.033537,0.678928,-0.279437,0.089020,0.017596,0.001706,-0.040869,0.115624,0.220826,-0.455999,1.227636,0.190613,-0.146681,0.267877,0.109085,-0.338423,0.430492,1.163213,0.084077,-0.055203,-0.314333
-0.033139,0.039649,0.787455,0.016910,0.052132,0.706826,0.705261,-0.091062,-0.145933,0.141349,0.139783,-0.159808,0.089743,-0.214578,-0.141302,-0.034019,0.719739,-0.290779,0.081502,0.011542,-0.000203,-0.036358,0.109184,0.224235,-0.461948,1.233490,0.200745,-0.145167,0.274347,0.109867,-0.335296,0.438457,1.157447,0.075979,-0.054456,-0.320507
-0.033831,0.037821,0.785485,0.019816,0.049985,0.706401,0.705767,-0.083711,-0.147681,0.145601,0.136083,-0.160990,0.093838,-0.237640,-0.157978,-0.035484,0.777770,-0.305797,0.070389,0.004097,-0.003573,-0.029519,0.099530,0.229049,-0.467431,1.238836,0.208382,-0.143053,0.280445,0.108448,-0.330964,0.448584,1.149247,0.067809,-0.053044,-0.324675
-0.033774,0.035210,0.783687,0.023473,0.047435,0.706055,0.706177,-0.075437,-0.149195,0.148431,0.133718,-0.161748,0.097696,-0.261816,-0.173760,-0.035272,0.849914,-0.320475,0.059161,-0.005214,-0.008615,-0.021463,0.087964,0.235059,-0.471933,1.244492,0.213601,-0.141114,0.284628,0.106914,-0.325196,0.459628,1.138211,0.061766,-0.051315,-0.325828
-0.033276,0.032351,0.782388,0.027403,0.044718,0.705817,0.706450,-0.067397,-0.150314,0.150048,0.132618,-0.161992,0.101510,-0.285764,-0.186356,-0.033408,0.927013,-0.332284,0.049287,-0.015704,-0.014742,-0.013407,0.075357,0.241656,-0.475323,1.250957,0.216580,-0.138917,0.287024,0.106676,-0.318803,0.470218,1.124704,0.060230,-0.049149,-0.324403
-0.032833,0.029782,0.781830,0.031132,0.042068,0.705720,0.706555,-0.060523,-0.151226,0.150870,0.132400,-0.162019,0.105280,-0.308425,-0.193638,-0.029090,0.997714,-0.338679,0.042366,-0.026977,-0.021334,-0.006396,0.062692,0.247952,-0.477959,1.258173,0.217381,-0.136233,0.288642,0.108292,-0.312799,0.479427,1.109778,0.064279,-0.046518,-0.321467
-0.032747,0.028201,0.782014,0.033279,0.040128,0.706386,0.705905,-0.055378,-0.152167,0.149789,0.132616,-0.162049,0.108288,-0.328997,-0.193351,-0.019618,1.051431,-0.338025,0.040590,-0.039675,-0.027893,-0.001280,0.051586,0.253197,-0.480191,1.265535,0.215935,-0.134020,0.289708,0.112144,-0.307771,0.486890,1.094700,0.073099,-0.043938,-0.317584
-0.033202,0.027953,0.782673,0.033333,0.038467,0.707333,0.705045,-0.052487,-0.151517,0.147220,0.133422,-0.162348,0.110481,-0.345960,-0.186600,-0.009699,1.078959,-0.337617,0.039408,-0.052179,-0.032213,0.001932,0.042255,0.257621,-0.480719,1.270444,0.209809,-0.132297,0.289146,0.117352,-0.305170,0.492733,1.080062,0.085720,-0.041565,-0.312710
-0.034485,0.029967,0.783394,0.030950,0.037007,0.708285,0.704276,-0.052404,-0.147438,0.144318,0.136769,-0.165469,0.111427,-0.358133,-0.176088,-0.006030,1.070968,-0.343219,0.035278,-0.061883,-0.032203,0.003800,0.034110,0.260284,-0.479185,1.272714,0.195961,-0.130408,0.283986,0.123719,-0.306199,0.494703,1.066505,0.105351,-0.039107,-0.303706
-0.036590,0.034308,0.784051,0.025782,0.035668,0.708951,0.703884,-0.054796,-0.139113,0.142578,0.142637,-0.172073,0.109907,-0.364155,-0.163103,-0.011436,1.023244,-0.353129,0.028075,-0.067064,-0.027275,0.004807,0.026915,0.260997,-0.476546,1.272263,0.175284,-0.128569,0.273640,0.130739,-0.310965,0.491590,1.053844,0.131826,-0.036529,-0.288862
-0.038752,0.039372,0.784949,0.017975,0.034258,0.709248,0.703896,-0.058257,-0.127013,0.142882,0.147273,-0.178280,0.104366,-0.362193,-0.146280,-0.022647,0.940740,-0.358675,0.020346,-0.067645,-0.018600,0.004834,0.021306,0.261869,-0.474080,1.267078,0.153921,-0.128331,0.262164,0.136791,-0.317794,0.485851,1.041244,0.156950,-0.034516,-0.271546
-0.039662,0.044806,0.786045,0.009648,0.033212,0.709141,0.704218,-0.062609,-0.111649,0.143114,0.150656,-0.182832,0.094631,-0.351898,-0.125479,-0.036176,0.832380,-0.354435,0.015073,-0.063304,-0.007441,0.003318,0.017531,0.263845,-0.471773,1.258420,0.134902,-0.129604,0.251385,0.141678,-0.322977,0.478422,1.030992,0.177840,-0.033685,-0.254870
-0.039189,0.050053,0.787099,0.001510,0.032555,0.708653,0.704804,-0.067399,-0.095023,0.143292,0.153487,-0.185959,0.082669,-0.335335,-0.103375,-0.050502,0.713695,-0.341357,0.012226,-0.055205,0.004082,0.000531,0.015855,0.266395,-0.470312,1.248180,0.120528,-0.131797,0.244671,0.145005,-0.325832,0.471034,1.023808,0.193655,-0.034263,-0.242137
-0.037778,0.054608,0.787897,-0.005727,0.032311,0.707822,0.705628,-0.071873,-0.079831,0.144008,0.156165,-0.188009,0.070543,-0.315852,-0.083242,-0.063806,0.602774,-0.323226,0.011173,-0.045552,0.013729,-0.003067,0.016736,0.268537,-0.470104,1.237639,0.112785,-0.134567,0.244620,0.146448,-0.326971,0.465292,1.019478,0.203417,-0.036153,-0.235735
-0.035484,0.058433,0.788375,-0.010124,0.032875,0.706861,0.706516,-0.075358,-0.067988,0.144036,0.158869,-0.188847,0.059035,-0.296552,-0.066542,-0.072330,0.514285,-0.303155,0.012595,-0.036525,0.020252,-0.007247,0.020409,0.269859,-0.470042,1.227418,0.111705,-0.137773,0.249842,0.145974,-0.325809,0.461337,1.018353,0.206329,-0.039003,-0.236104
-0.032551,0.060892,0.788529,-0.012321,0.033399,0.705912,0.707404,-0.076952,-0.060020,0.142942,0.161523,-0.188701,0.050193,-0.279770,-0.053645,-0.074276,0.455965,-0.285671,0.014045,-0.030014,0.023668,-0.010257,0.025675,0.270361,-0.468858,1.218325,0.112350,-0.140342,0.256620,0.142187,-0.323154,0.459101,1.019262,0.205340,-0.041987,-0.242683
-0.029761,0.062646,0.788437,-0.013006,0.033761,0.705020,0.708264,-0.076394,-0.055183,0.140795,0.164467,-0.189361,0.044447,-0.267037,-0.044916,-0.072179,0.425010,-0.274830,0.015017,-0.026219,0.025218,-0.011797,0.031689,0.268810,-0.465761,1.211963,0.110146,-0.141238,0.260784,0.136392,-0.321005,0.456962,1.021125,0.205697,-0.044268,-0.251134
-0.027775,0.064655,0.788266,-0.012866,0.033839,0.704222,0.709057,-0.073906,-0.052097,0.138740,0.166920,-0.191293,0.040708,-0.258307,-0.039681,-0.069317,0.411788,-0.271001,0.016140,-0.024658,0.026247,-0.012646,0.038322,0.264471,-0.460714,1.209413,0.104845,-0.140426,0.260891,0.131004,-0.321179,0.454008,1.022396,0.209228,-0.045664,-0.257695
-0.026448,0.066877,0.788209,-0.012852,0.033676,0.703569,0.709712,-0.069777,-0.049502,0.138539,0.166715,-0.192123,0.037699,-0.251723,-0.035732,-0.066244,0.406098,-0.270178,0.017166,-0.025144,0.027242,-0.013317,0.045538,0.258729,-0.454433,1.210297,0.100246,-0.138901,0.258980,0.126795,-0.323740,0.451720,1.021334,0.212031,-0.046793,-0.262718
-0.025170,0.069277,0.788287,-0.012742,0.033429,0.702852,0.710436,-0.064373,-0.046893,0.139075,0.164910,-0.192027,0.034905,-0.245547,-0.032087,-0.063228,0.402257,-0.270229,0.018422,-0.026469,0.028205,-0.013995,0.052194,0.253001,-0.447980,1.214481,0.096330,-0.136783,0.254696,0.123442,-0.326385,0.450688,1.019934,0.213647,-0.047834,-0.265263
-0.024124,0.071667,0.788408,-0.012501,0.033098,0.702087,0.711212,-0.058249,-0.044715,0.140761,0.162849,-0.191956,0.032619,-0.239718,-0.029248,-0.060773,0.399738,-0.271252,0.019577,-0.028470,0.028480,-0.014517,0.057872,0.247597,-0.442864,1.221400,0.093770,-0.134610,0.249528,0.121110,-0.329301,0.451627,1.017751,0.215125,-0.048900,-0.264993
-0.023629,0.073975,0.788507,-0.012097,0.032686,0.701293,0.712021,-0.052276,-0.043306,0.144127,0.161533,-0.192473,0.031111,-0.234514,-0.027624,-0.059078,0.398808,-0.273521,0.020217,-0.031225,0.027754,-0.014801,0.062692,0.242482,-0.439855,1.229810,0.093490,-0.132863,0.245076,0.120024,-0.333156,0.454462,1.014116,0.216977,-0.049814,-0.262408
-0.023312,0.076305,0.788617,-0.011741,0.032435,0.700556,0.712763,-0.047465,-0.042183,0.147745,0.161823,-0.193403,0.030163,-0.229380,-0.026464,-0.057589,0.397501,-0.276011,0.020469,-0.033925,0.026739,-0.015022,0.066449,0.238114,-0.438436,1.238136,0.094757,-0.131344,0.240651,0.119647,-0.336483,0.457623,1.010888,0.218858,-0.050060,-0.258286
-0.022824,0.078062,0.788723,-0.011218,0.032235,0.699897,0.713427,-0.044135,-0.041284,0.150779,0.163836,-0.194303,0.030117,-0.224728,-0.025431,-0.055718,0.395942,-0.278046,0.019912,-0.036006,0.025923,-0.014914,0.068466,0.234725,-0.438927,1.245522,0.095817,-0.130146,0.235949,0.119050,-0.338634,0.460118,1.007901,0.222059,-0.049817,-0.253486
-0.022147,0.079246,0.788850,-0.010759,0.032114,0.699412,0.713916,-0.042624,-0.040239,0.152788,0.167236,-0.195240,0.030344,-0.220665,-0.024303,-0.054218,0.393538,-0.279120,0.018811,-0.037280,0.025703,-0.014811,0.069143,0.232300,-0.441061,1.250894,0.096285,-0.129440,0.232055,0.118168,-0.339804,0.462005,1.005364,0.225657,-0.049290,-0.249134
-0.021377,0.080159,0.789036,-0.010596,0.032103,0.699198,0.714128,-0.042867,-0.038634,0.154036,0.171263,-0.196272,0.029898,-0.217081,-0.022881,-0.053813,0.389625,-0.278909,0.017729,-0.037837,0.026287,-0.015084,0.069208,0.230595,-0.444060,1.253726,0.096403,-0.129433,0.229866,0.117174,-0.340322,0.463627,1.003805,0.228196,-0.048783,-0.246129
-0.020471,0.080824,0.789275,-0.010850,0.032230,0.699210,0.714107,-0.044016,-0.036473,0.155307,0.174941,-0.197046,0.028664,-0.214021,-0.021074,-0.054013,0.384716,-0.277498,0.016782,-0.037907,0.027603,-0.015495,0.068782,0.229281,-0.447246,1.254541,0.095779,-0.130208,0.228905,0.115753,-0.340140,0.464837,1.003378,0.229931,-0.048720,-0.244780
-0.019417,0.081417,0.789533,-0.011285,0.032405,0.699270,0.714034,-0.045422,-0.033982,0.156070,0.177951,-0.197812,0.027242,-0.211249,-0.019000,-0.054893,0.379285,-0.275591,0.015909,-0.037752,0.029597,-0.016012,0.068318,0.228382,-0.450166,1.253108,0.094095,-0.131163,0.229252,0.113971,-0.339275,0.465263,1.004483,0.230661,-0.048841,-0.245391
-0.018407,0.082014,0.789795,-0.011884,0.032594,0.699306,0.713981,-0.046780,-0.031260,0.156729,0.180198,-0.198725,0.025807,-0.208642,-0.016708,-0.056172,0.373383,-0.273207,0.015546,-0.037576,0.031898,-0.016630,0.067869,0.227814,-0.452685,1.249702,0.091919,-0.131983,0.230401,0.111917,-0.338138,0.464579,1.006611,0.230635,-0.048995,-0.247916
-0.017530,0.082539,0.790055,-0.012632,0.032760,0.699244,0.714021,-0.047989,-0.028478,0.157885,0.181787,-0.199606,0.024443,-0.206149,-0.014352,-0.057484,0.367053,-0.270310,0.015822,-0.037568,0.034113,-0.017291,0.067096,0.227491,-0.454963,1.245148,0.089791,-0.132542,0.231476,0.109326,-0.336811,0.462722,1.009378,0.230267,-0.049091,-0.252086
-0.016593,0.082884,0.790294,-0.013132,0.032947,0.699007,0.714235,-0.048945,-0.026015,0.159156,0.182993,-0.200041,0.023545,-0.203706,-0.012270,-0.058816,0.360783,-0.267427,0.016134,-0.037902,0.036191,-0.017902,0.065635,0.227377,-0.457156,1.240447,0.087322,-0.132615,0.231841,0.105735,-0.334782,0.460065,1.013239,0.229706,-0.048980,-0.257311
-0.015667,0.083184,0.790519,-0.013513,0.033137,0.698706,0.714513,-0.049496,-0.023916,0.160153,0.183792,-0.199704,0.022981,-0.201465,-0.010425,-0.059925,0.355268,-0.264377,0.016893,-0.038535,0.038219,-0.018353,0.063462,0.226878,-0.458710,1.236756,0.084037,-0.132234,0.231091,0.101661,-0.332610,0.457440,1.017391,0.229420,-0.048978,-0.261667
-0.014750,0.083534,0.790717,-0.013820,0.033345,0.698435,0.714762,-0.050103,-0.022081,0.160462,0.184745,-0.198799,0.022625,-0.199327,-0.008672,-0.060609,0.350216,-0.261274,0.017634,-0.039459,0.040284,-0.018637,0.060773,0.226077,-0.459879,1.234105,0.080211,-0.131565,0.229039,0.097567,-0.330372,0.455315,1.021854,0.229379,-0.049090,-0.263939
-0.013793,0.083923,0.790869,-0.014101,0.033585,0.698291,0.714887,-0.051115,-0.020344,0.160172,0.186483,-0.197806,0.022480,-0.197215,-0.006924,-0.060923,0.345511,-0.258335,0.017783,-0.040740,0.042445,-0.018603,0.057555,0.225255,-0.461171,1.232511,0.076571,-0.130698,0.225649,0.093610,-0.327932,0.453859,1.026681,0.229605,-0.049213,-0.263573
-0.012817,0.084285,0.790974,-0.014244,0.033703,0.698253,0.714916,-0.052315,-0.018557,0.159753,0.189216,-0.197044,0.022607,-0.195326,-0.005179,-0.061141,0.341985,-0.255481,0.017626,-0.042356,0.044748,-0.017934,0.053534,0.224285,-0.462569,1.232612,0.073447,-0.129575,0.221057,0.089822,-0.325521,0.453204,1.031153,0.230797,-0.049386,-0.260130
-0.011817,0.084576,0.791033,-0.014373,0.033792,0.698416,0.714749,-0.054378,-0.016813,0.158080,0.193654,-0.196498,0.023039,-0.193545,-0.003419,-0.061265,0.339027,-0.252718,0.016967,-0.043845,0.047246,-0.016901,0.049188,0.223521,-0.464330,1.233016,0.070014,-0.128301,0.215808,0.086402,-0.323144,0.453272,1.035847,0.233501,-0.049194,-0.253770
-0.010787,0.084893,0.791089,-0.014510,0.033917,0.698779,0.714386,-0.057744,-0.015056,0.155444,0.200241,-0.196122,0.023536,-0.191586,-0.001770,-0.061820,0.335701,-0.249829,0.016050,-0.044895,0.049991,-0.015749,0.045032,0.223384,-0.466905,1.232625,0.067176,-0.127009,0.210441,0.083801,-0.320935,0.453685,1.040688,0.236274,-0.048554,-0.245737
-0.009629,0.085230,0.791189,-0.014676,0.034142,0.699340,0.713822,-0.062585,-0.013302,0.152415,0.209250,-0.195805,0.024086,-0.189219,-0.000381,-0.063193,0.331326,-0.246499,0.014868,-0.044938,0.052961,-0.014539,0.041163,0.224273,-0.470802,1.230901,0.065023,-0.125791,0.204917,0.082154,-0.318641,0.454009,1.045626,0.238436,-0.047442,-0.237144
-0.008207,0.085383,0.791358,-0.014660,0.034563,0.699991,0.713165,-0.069013,-0.011736,0.148481,0.220875,-0.195358,0.024954,-0.186397,0.000776,-0.065056,0.325550,-0.242407,0.012888,-0.043099,0.056078,-0.013325,0.037457,0.226330,-0.476123,1.227527,0.061233,-0.124741,0.198710,0.081024,-0.315704,0.454153,1.051337,0.241474,-0.045701,-0.228006
-0.006830,0.085544,0.791625,-0.014810,0.035015,0.700596,0.712545,-0.076705,-0.009998,0.144311,0.234515,-0.194894,0.025199,-0.183089,0.001966,-0.067430,0.318058,-0.236947,0.011169,-0.039789,0.059496,-0.012543,0.034736,0.228657,-0.481592,1.222807,0.056816,-0.124188,0.192439,0.080416,-0.313324,0.454614,1.057373,0.243321,-0.044056,-0.218531
-0.005696,0.085674,0.791958,-0.015075,0.035468,0.701209,0.711914,-0.085931,-0.008284,0.139591,0.250394,-0.195170,0.024933,-0.179323,0.003191,-0.069762,0.308781,-0.230761,0.009252,-0.034578,0.063139,-0.012416,0.033134,0.231672,-0.487025,1.215479,0.053035,-0.124337,0.186507,0.080341,-0.311592,0.455192,1.064306,0.242988,-0.042873,-0.209937
-0.004747,0.085620,0.792308,-0.015409,0.035894,0.701882,0.711221,-0.096697,-0.006866,0.134121,0.269052,-0.196758,0.024756,-0.175373,0.004353,-0.071486,0.298743,-0.224809,0.006593,-0.027195,0.066792,-0.012688,0.032204,0.235861,-0.492589,1.205343,0.050447,-0.125070,0.181225,0.080493,-0.310106,0.455699,1.072128,0.240488,-0.042346,-0.203482
-0.003893,0.085427,0.792644,-0.015569,0.036057,0.702244,0.710852,-0.108306,-0.005462,0.128699,0.290602,-0.199714,0.024512,-0.171694,0.005567,-0.072705,0.289835,-0.219397,0.004119,-0.018584,0.070402,-0.012890,0.031765,0.240497,-0.497533,1.194474,0.049365,-0.126184,0.177162,0.080459,-0.309184,0.456509,1.079382,0.235604,-0.042952,-0.199439
-0.003472,0.085269,0.792878,-0.015997,0.035872,0.702875,0.710228,-0.121679,-0.003915,0.122194,0.315820,-0.205324,0.023531,-0.168187,0.007143,-0.073587,0.281793,-0.215506,0.001411,-0.008853,0.074227,-0.013293,0.032445,0.245796,-0.501123,1.180864,0.050790,-0.128324,0.174450,0.080819,-0.308803,0.456921,1.087389,0.229006,-0.044970,-0.197793
-0.003409,0.085103,0.792992,-0.016546,0.035347,0.703778,0.709347,-0.137885,-0.001951,0.113653,0.347546,-0.213776,0.021233,-0.164565,0.009264,-0.073989,0.274651,-0.213809,-0.002725,0.001831,0.078402,-0.013451,0.034083,0.251876,-0.503741,1.164610,0.055610,-0.131472,0.173725,0.081833,-0.308872,0.457424,1.095533,0.219537,-0.048430,-0.199759
-0.003407,0.084888,0.793049,-0.017070,0.034493,0.704955,0.708207,-0.156974,0.001549,0.104938,0.387059,-0.226016,0.019382,-0.160781,0.011478,-0.074228,0.268668,-0.214131,-0.008446,0.013001,0.082461,-0.012936,0.036017,0.258733,-0.505833,1.147147,0.062647,-0.135093,0.174344,0.083506,-0.308983,0.458262,1.102597,0.207874,-0.052724,-0.205001
-0.003404,0.084755,0.793129,-0.017372,0.033817,0.706730,0.706461,-0.177675,0.008410,0.100731,0.431687,-0.244709,0.022393,-0.157098,0.012750,-0.075245,0.263582,-0.215599,-0.014173,0.023903,0.085323,-0.012172,0.037995,0.266365,-0.506997,1.129116,0.069037,-0.138875,0.173903,0.085726,-0.308640,0.458337,1.108904,0.197961,-0.056762,-0.210430
-0.003582,0.084550,0.793237,-0.017389,0.033127,0.708468,0.704751,-0.198566,0.018635,0.102351,0.479859,-0.268991,0.031592,-0.153394,0.012967,-0.076473,0.259123,-0.217730,-0.019353,0.033424,0.086354,-0.011261,0.040438,0.274070,-0.507379,1.112452,0.076369,-0.143002,0.173201,0.087245,-0.308946,0.458482,1.114008,0.187699,-0.060656,-0.216561
-0.004102,0.084103,0.793336,-0.017136,0.032323,0.710006,0.703244,-0.218155,0.030918,0.108510,0.528038,-0.296701,0.046296,-0.149385,0.012616,-0.077395,0.255033,-0.220048,-0.023935,0.041733,0.085555,-0.010322,0.043439,0.281306,-0.506773,1.098204,0.084109,-0.147219,0.173049,0.087566,-0.309955,0.458666,1.118352,0.177124,-0.064502,-0.224390
-0.004797,0.083489,0.793438,-0.016630,0.031308,0.711184,0.702111,-0.234275,0.043146,0.117817,0.567742,-0.324632,0.064036,-0.145427,0.011896,-0.078601,0.251690,-0.221479,-0.026231,0.049025,0.083118,-0.009762,0.047321,0.287476,-0.504537,1.087629,0.090498,-0.150776,0.173263,0.087007,-0.310843,0.458324,1.122009,0.168549,-0.067722,-0.232439
-0.005233,0.083053,0.793629,-0.015836,0.030802,0.711190,0.702146,-0.244213,0.052832,0.129794,0.587006,-0.348493,0.080677,-0.142662,0.010339,-0.081355,0.250011,-0.220649,-0.022987,0.054385,0.079106,-0.010300,0.053126,0.291692,-0.499895,1.082708,0.095722,-0.153074,0.173298,0.086091,-0.311015,0.457416,1.123968,0.163403,-0.069480,-0.237170
-0.005614,0.082943,0.793886,-0.015083,0.030758,0.710663,0.702698,-0.247048,0.057674,0.141501,0.581361,-0.364678,0.091868,-0.141175,0.008023,-0.084657,0.249304,-0.218153,-0.015549,0.057795,0.073976,-0.012505,0.061327,0.293583,-0.492275,1.082195,0.101853,-0.154822,0.173921,0.085302,-0.310419,0.455772,1.125435,0.160699,-0.070588,-0.239893
-0.005896,0.082958,0.794193,-0.014230,0.031122,0.709740,0.703633,-0.243417,0.056504,0.149436,0.553394,-0.370108,0.095118,-0.140712,0.005206,-0.087255,0.249373,-0.214739,-0.006405,0.059408,0.068412,-0.015870,0.071056,0.292888,-0.482651,1.085686,0.108821,-0.155894,0.176341,0.084800,-0.309278,0.453650,1.126265,0.159284,-0.071096,-0.242726
-0.006032,0.082910,0.794572,-0.013136,0.031845,0.708556,0.704813,-0.234419,0.050060,0.153349,0.508732,-0.364742,0.091541,-0.141114,0.001511,-0.088792,0.250398,-0.210793,0.003240,0.058972,0.062749,-0.019701,0.080829,0.289735,-0.472329,1.092452,0.114877,-0.156001,0.180563,0.084650,-0.308102,0.451084,1.125697,0.158812,-0.070764,-0.246076
-0.006339,0.082885,0.795041,-0.011708,0.033296,0.707854,0.705477,-0.221035,0.040711,0.156692,0.453606,-0.352486,0.085474,-0.142290,-0.003960,-0.089410,0.252130,-0.206761,0.013363,0.055990,0.056789,-0.023884,0.089426,0.284826,-0.461774,1.100202,0.118566,-0.155718,0.185281,0.084939,-0.307696,0.447477,1.124128,0.159435,-0.070157,-0.249234
-0.006951,0.082832,0.795505,-0.010209,0.034813,0.707493,0.705789,-0.205296,0.029934,0.158294,0.398087,-0.335772,0.079540,-0.143669,-0.010273,-0.087321,0.253933,-0.204036,0.021201,0.051158,0.050873,-0.027710,0.095745,0.278694,-0.451921,1.108954,0.119489,-0.155410,0.191565,0.085233,-0.308781,0.443001,1.122574,0.160232,-0.070037,-0.255212
-0.008077,0.082658,0.795865,-0.008791,0.036103,0.707458,0.705778,-0.189361,0.019266,0.157829,0.350533,-0.317374,0.075299,-0.144542,-0.016098,-0.082086,0.255483,-0.202858,0.024993,0.045689,0.045665,-0.030417,0.099076,0.271908,-0.443620,1.117672,0.116620,-0.155169,0.198965,0.085295,-0.311759,0.438130,1.121539,0.161638,-0.070515,-0.263884
-0.009810,0.082481,0.796065,-0.007608,0.036871,0.707734,0.705475,-0.174800,0.009830,0.156641,0.313337,-0.300521,0.073368,-0.144850,-0.020908,-0.075262,0.257033,-0.202816,0.025355,0.040510,0.041636,-0.031990,0.099800,0.265666,-0.437380,1.123795,0.110191,-0.154688,0.205695,0.085638,-0.316504,0.432966,1.120715,0.164639,-0.070784,-0.271825
-0.011916,0.082720,0.796096,-0.007225,0.037403,0.708437,0.704745,-0.162279,0.001780,0.156146,0.283233,-0.287787,0.073446,-0.145356,-0.025172,-0.069069,0.259163,-0.203887,0.024304,0.035913,0.038707,-0.033394,0.099355,0.261700,-0.433326,1.125137,0.103193,-0.153308,0.210403,0.087168,-0.322343,0.427415,1.119462,0.168867,-0.069647,-0.275711
-0.014067,0.083632,0.795975,-0.007317,0.038013,0.709142,0.704003,-0.151891,-0.004820,0.156255,0.260042,-0.279489,0.075101,-0.146098,-0.028826,-0.063693,0.261867,-0.206028,0.021858,0.032211,0.036483,-0.035333,0.098276,0.260304,-0.431234,1.123519,0.098218,-0.150650,0.213095,0.089225,-0.328584,0.423048,1.118172,0.171890,-0.067216,-0.276296
-0.016196,0.085229,0.795645,-0.007833,0.038626,0.709949,0.703149,-0.143629,-0.010031,0.156641,0.243122,-0.275442,0.077531,-0.146868,-0.031934,-0.060101,0.265237,-0.209271,0.018374,0.029562,0.035197,-0.037919,0.097004,0.261079,-0.430357,1.119438,0.095697,-0.146845,0.214885,0.091660,-0.335014,0.420024,1.116457,0.172519,-0.063587,-0.274580
-0.018264,0.087308,0.795106,-0.008722,0.039168,0.710960,0.702086,-0.137261,-0.014072,0.157108,0.231158,-0.274722,0.079918,-0.147479,-0.034804,-0.059358,0.269510,-0.213287,0.015104,0.027789,0.035001,-0.041004,0.095870,0.263376,-0.429895,1.112789,0.094886,-0.142484,0.216621,0.094166,-0.341398,0.418110,1.113751,0.170448,-0.059027,-0.271119
-0.020054,0.089573,0.794503,-0.009556,0.039532,0.712069,0.700931,-0.132186,-0.017258,0.157409,0.223063,-0.275468,0.081710,-0.147821,-0.037730,-0.061231,0.274685,-0.217253,0.013443,0.026471,0.035304,-0.044486,0.094829,0.266418,-0.429340,1.105072,0.095285,-0.138392,0.218242,0.095525,-0.347044,0.417999,1.110263,0.165440,-0.054430,-0.266853
-0.021601,0.091866,0.793897,-0.010268,0.039754,0.713125,0.699834,-0.127817,-0.019850,0.157016,0.217325,-0.276795,0.082158,-0.147814,-0.040621,-0.064939,0.280073,-0.220914,0.013290,0.025578,0.035752,-0.048034,0.093650,0.269243,-0.427912,1.098464,0.096524,-0.135254,0.220610,0.095553,-0.351493,0.419144,1.106163,0.159149,-0.050636,-0.263590
-0.022986,0.093985,0.793338,-0.010772,0.039789,0.714119,0.698809,-0.123348,-0.022093,0.156318,0.212526,-0.277989,0.081639,-0.147537,-0.043379,-0.069202,0.285906,-0.224180,0.013544,0.025210,0.035560,-0.051052,0.091897,0.271319,-0.424901,1.094325,0.097288,-0.133316,0.223509,0.094404,-0.354291,0.421470,1.101549,0.154005,-0.047755,-0.260880
-0.024307,0.095795,0.792875,-0.010983,0.039592,0.715044,0.697871,-0.118539,-0.024318,0.155539,0.208146,-0.278371,0.081051,-0.147142,-0.046119,-0.073105,0.292420,-0.226920,0.013568,0.025205,0.034202,-0.053163,0.089511,0.272660,-0.420696,1.092988,0.096973,-0.132409,0.226394,0.092415,-0.355551,0.425269,1.096160,0.151211,-0.045499,-0.257759
-0.025660,0.097361,0.792544,-0.010865,0.039302,0.715723,0.697193,-0.113950,-0.026899,0.153928,0.204476,-0.277575,0.080919,-0.146754,-0.049072,-0.076516,0.298961,-0.229014,0.013837,0.025046,0.031874,-0.054551,0.086935,0.273542,-0.416795,1.094853,0.096880,-0.132003,0.229343,0.090211,-0.355978,0.430734,1.089516,0.150039,-0.043629,-0.254538
-0.026975,0.098777,0.792336,-0.010520,0.039001,0.716178,0.696748,-0.109005,-0.029888,0.151806,0.200448,-0.275860,0.081759,-0.146526,-0.052062,-0.078774,0.305643,-0.230623,0.013960,0.024513,0.028077,-0.055453,0.083694,0.273861,-0.413008,1.102824,0.097632,-0.131220,0.231742,0.088706,-0.355008,0.438591,1.082133,0.150727,-0.041829,-0.250049
-0.028457,0.099895,0.792236,-0.009879,0.038551,0.716562,0.696387,-0.103329,-0.033492,0.149800,0.195638,-0.273387,0.083513,-0.146248,-0.055366,-0.080056,0.312725,-0.232027,0.013211,0.023655,0.022702,-0.055716,0.079542,0.273368,-0.409055,1.118285,0.098681,-0.130204,0.233972,0.089080,-0.352942,0.448884,1.072832,0.153957,-0.040455,-0.244359
-0.030338,0.100504,0.792225,-0.008877,0.037814,0.717027,0.695963,-0.096642,-0.037833,0.148759,0.190005,-0.270241,0.086081,-0.145685,-0.059337,-0.080846,0.320565,-0.233484,0.011726,0.022343,0.015831,-0.055026,0.074283,0.271912,-0.404771,1.141228,0.100074,-0.129196,0.236821,0.091849,-0.350402,0.461837,1.060597,0.159190,-0.039993,-0.238010
-0.032558,0.100545,0.792245,-0.007027,0.036393,0.717375,0.695701,-0.088399,-0.042726,0.149571,0.183425,-0.266781,0.089584,-0.144838,-0.063944,-0.081099,0.329747,-0.235206,0.010881,0.020384,0.007208,-0.053211,0.067448,0.269564,-0.399977,1.171464,0.103931,-0.127590,0.240728,0.096213,-0.347214,0.478464,1.046837,0.163500,-0.040412,-0.231388
-0.035021,0.099934,0.792187,-0.004294,0.034419,0.717493,0.695701,-0.078445,-0.048218,0.151962,0.177012,-0.263839,0.093008,-0.143463,-0.069392,-0.080713,0.340893,-0.237599,0.011279,0.018982,-0.003534,-0.050078,0.059071,0.266492,-0.395093,1.207832,0.112817,-0.125231,0.246855,0.100974,-0.342823,0.498479,1.033749,0.162928,-0.041671,-0.227607
-0.037567,0.098706,0.792024,-0.000761,0.032070,0.717437,0.695884,-0.066688,-0.054384,0.155638,0.170337,-0.261524,0.095912,-0.142221,-0.075624,-0.079057,0.355210,-0.241495,0.012836,0.018273,-0.016255,-0.045742,0.049741,0.262956,-0.389072,1.247253,0.124976,-0.122420,0.255064,0.105475,-0.336511,0.519893,1.022850,0.157967,-0.044047,-0.227722
-0.039917,0.097143,0.791777,0.003487,0.029523,0.717264,0.696167,-0.054101,-0.061251,0.159472,0.163482,-0.259657,0.098494,-0.141956,-0.082535,-0.076022,0.372850,-0.247618,0.015491,0.018214,-0.030153,-0.040982,0.040634,0.259209,-0.381605,1.285901,0.137873,-0.119498,0.264799,0.109397,-0.327753,0.540246,1.015647,0.149662,-0.047152,-0.231957
-0.041790,0.095623,0.791427,0.008331,0.027599,0.717152,0.696320,-0.042579,-0.068990,0.161251,0.158409,-0.258422,0.101017,-0.143312,-0.090282,-0.072148,0.393593,-0.256299,0.019311,0.019359,-0.044242,-0.036759,0.032904,0.255493,-0.374554,1.320811,0.151447,-0.116443,0.275662,0.112223,-0.316200,0.557739,1.014502,0.136139,-0.049375,-0.241363
-0.043387,0.093965,0.790868,0.013857,0.026067,0.717283,0.696156,-0.031142,-0.078407,0.160582,0.154173,-0.257896,0.103560,-0.148810,-0.099086,-0.065556,0.424082,-0.268348,0.022889,0.020165,-0.058673,-0.032071,0.025818,0.252235,-0.367614,1.350471,0.162865,-0.112897,0.284768,0.113098,-0.300813,0.570764,1.021740,0.119035,-0.049562,-0.254585
-0.044559,0.092442,0.790041,0.020113,0.025064,0.717741,0.695568,-0.020008,-0.089852,0.156856,0.151021,-0.258330,0.106072,-0.160345,-0.109722,-0.057347,0.466842,-0.283323,0.024889,0.020088,-0.072705,-0.026687,0.018932,0.249238,-0.361368,1.374683,0.169786,-0.108946,0.291414,0.111927,-0.281953,0.578023,1.037157,0.100451,-0.047579,-0.271934
-0.045131,0.090948,0.788896,0.027146,0.024727,0.718604,0.694450,-0.009370,-0.103485,0.150356,0.149807,-0.259712,0.108390,-0.179078,-0.122802,-0.048690,0.523165,-0.301558,0.024325,0.019072,-0.085779,-0.020401,0.011690,0.246251,-0.357145,1.393970,0.172301,-0.104520,0.296116,0.108893,-0.261268,0.580536,1.058903,0.080906,-0.043545,-0.293259
-0.045319,0.088561,0.787379,0.036456,0.024486,0.719469,0.693135,0.002061,-0.119497,0.143169,0.150416,-0.261656,0.110343,-0.205348,-0.138246,-0.038177,0.595914,-0.325226,0.020744,0.016682,-0.098594,-0.012220,0.002991,0.243444,-0.355823,1.409212,0.172911,-0.098969,0.298860,0.103963,-0.240732,0.581735,1.085101,0.059791,-0.037270,-0.315928
-0.045220,0.085718,0.785579,0.046605,0.024360,0.719974,0.692005,0.013649,-0.136946,0.136292,0.152935,-0.264547,0.112079,-0.236392,-0.156291,-0.027850,0.678785,-0.353475,0.015356,0.014100,-0.111036,-0.002923,-0.006643,0.240447,-0.357768,1.421961,0.173728,-0.092422,0.301158,0.097942,-0.222054,0.581714,1.113651,0.039663,-0.029368,-0.339172
-0.044916,0.082468,0.783589,0.057259,0.024297,0.720230,0.690941,0.024879,-0.154909,0.130519,0.156910,-0.267423,0.113722,-0.269697,-0.175873,-0.017936,0.768324,-0.383374,0.008444,0.011521,-0.122745,0.006975,-0.016108,0.237962,-0.362241,1.431732,0.175214,-0.085794,0.303391,0.092319,-0.206779,0.581030,1.140139,0.023396,-0.021609,-0.359945
-0.044555,0.078876,0.781517,0.068082,0.024245,0.720355,0.689830,0.034968,-0.172513,0.126276,0.161708,-0.269141,0.115751,-0.302656,-0.195738,-0.008201,0.861760,-0.411117,0.000103,0.009122,-0.133025,0.016786,-0.024190,0.236812,-0.368979,1.437221,0.177732,-0.080124,0.305740,0.089102,-0.196115,0.580014,1.160592,0.013143,-0.015370,-0.375171
-0.044367,0.075606,0.779499,0.077326,0.024576,0.720907,0.688266,0.042575,-0.188825,0.123077,0.166978,-0.269573,0.119041,-0.332157,-0.215430,0.000311,0.953770,-0.432960,-0.008486,0.007965,-0.140876,0.025329,-0.030052,0.236895,-0.378937,1.438192,0.182202,-0.075891,0.309063,0.089961,-0.190559,0.577604,1.174370,0.010185,-0.010529,-0.384620
-0.044527,0.072707,0.777597,0.085177,0.025070,0.721733,0.686453,0.048174,-0.203593,0.119471,0.172162,-0.267619,0.123420,-0.357729,-0.233330,0.009409,1.044814,-0.445810,-0.015939,0.007231,-0.145991,0.033252,-0.034270,0.238420,-0.391150,1.434831,0.186543,-0.072956,0.312181,0.093865,-0.189549,0.573923,1.182467,0.014535,-0.007166,-0.388626
-0.044572,0.070812,0.775913,0.091402,0.025945,0.722852,0.684440,0.051011,-0.216366,0.113576,0.177275,-0.263197,0.128635,-0.378934,-0.248406,0.018939,1.128709,-0.448467,-0.020653,0.007112,-0.147617,0.039691,-0.036359,0.240322,-0.404735,1.426675,0.189128,-0.072295,0.315718,0.099179,-0.192858,0.567882,1.186388,0.023811,-0.005935,-0.390108
-0.044216,0.070014,0.774597,0.095770,0.027420,0.724279,0.682273,0.050997,-0.226464,0.104821,0.182321,-0.256701,0.133922,-0.395484,-0.259150,0.028401,1.198197,-0.443033,-0.022322,0.007976,-0.145303,0.044073,-0.036322,0.241594,-0.419312,1.413680,0.188834,-0.074214,0.319631,0.104343,-0.200533,0.559946,1.186838,0.034931,-0.006941,-0.390985
-0.043939,0.069203,0.773819,0.098077,0.028162,0.725431,0.680689,0.050199,-0.233337,0.094438,0.186491,-0.248167,0.137877,-0.407637,-0.263316,0.038705,1.250696,-0.434228,-0.021949,0.009134,-0.139649,0.047374,-0.035647,0.242404,-0.434516,1.397246,0.184374,-0.077218,0.321401,0.108035,-0.212416,0.553303,1.183746,0.045973,-0.008978,-0.390046
-0.043804,0.068831,0.773749,0.098293,0.028461,0.726428,0.679581,0.048548,-0.236740,0.082081,0.188508,-0.238712,0.140483,-0.414272,-0.262032,0.047533,1.276650,-0.424090,-0.017445,0.010590,-0.130965,0.047416,-0.033140,0.241796,-0.449424,1.378836,0.175529,-0.081687,0.321516,0.109823,-0.228289,0.546547,1.179078,0.055758,-0.010974,-0.389144
-0.044555,0.069833,0.774438,0.095873,0.027908,0.727562,0.678736,0.046692,-0.235305,0.067903,0.189121,-0.232935,0.142546,-0.413604,-0.254911,0.050891,1.269666,-0.415929,-0.011046,0.011894,-0.118662,0.045616,-0.027509,0.239594,-0.463986,1.357490,0.161224,-0.087674,0.315938,0.110222,-0.248982,0.539847,1.170199,0.065361,-0.012420,-0.384216
-0.046910,0.073226,0.775810,0.090274,0.026094,0.729105,0.677921,0.045455,-0.227623,0.052631,0.189243,-0.234494,0.145299,-0.403650,-0.242075,0.044103,1.226340,-0.411212,-0.004953,0.011775,-0.101583,0.043393,-0.017381,0.235599,-0.478139,1.332677,0.140127,-0.094837,0.301583,0.111147,-0.275490,0.533406,1.153242,0.080070,-0.012677,-0.367759
-0.050525,0.079782,0.777683,0.079151,0.023124,0.730937,0.677445,0.044589,-0.213366,0.037065,0.188066,-0.241896,0.148789,-0.382669,-0.225773,0.023224,1.144323,-0.406135,0.003561,0.008662,-0.078778,0.037853,-0.001291,0.229096,-0.491539,1.307316,0.112602,-0.103259,0.282417,0.115463,-0.307795,0.525720,1.128050,0.107856,-0.010452,-0.335427
-0.054274,0.088989,0.779752,0.065403,0.019908,0.733108,0.676667,0.043657,-0.192200,0.022559,0.185526,-0.251655,0.147931,-0.350113,-0.204378,-0.011395,1.027820,-0.395410,0.015966,0.002349,-0.050604,0.026830,0.019583,0.221629,-0.506523,1.285656,0.082931,-0.113711,0.263216,0.124026,-0.344895,0.519193,1.096458,0.149410,-0.004817,-0.289873
-0.057368,0.099933,0.781935,0.050153,0.016850,0.735377,0.675589,0.041688,-0.166321,0.010768,0.183236,-0.260491,0.140894,-0.308171,-0.178404,-0.053551,0.887591,-0.376246,0.030914,-0.005746,-0.019506,0.011211,0.043209,0.213708,-0.522477,1.269452,0.056874,-0.126280,0.247527,0.135133,-0.383837,0.513904,1.062529,0.197073,0.002611,-0.239532
-0.059212,0.111485,0.784125,0.034533,0.014354,0.737548,0.674259,0.038346,-0.139378,0.002989,0.183403,-0.266359,0.128068,-0.261643,-0.150564,-0.096006,0.741613,-0.350095,0.046251,-0.013931,0.010788,-0.006268,0.066303,0.206278,-0.538274,1.259408,0.039845,-0.140074,0.237431,0.147096,-0.420506,0.509936,1.029338,0.242462,0.009323,-0.192637
-0.059117,0.122188,0.785957,0.022659,0.013064,0.739302,0.672865,0.034585,-0.114695,-0.000701,0.187414,-0.268663,0.109557,-0.216611,-0.123806,-0.134091,0.611873,-0.321760,0.061105,-0.021433,0.036675,-0.023094,0.084731,0.201872,-0.554839,1.256520,0.035163,-0.153714,0.234175,0.159524,-0.451204,0.509640,0.997441,0.281403,0.013978,-0.154164
-0.056972,0.130399,0.787254,0.014794,0.012401,0.740692,0.671567,0.030623,-0.095362,-0.002215,0.195536,-0.267739,0.088877,-0.177748,-0.101076,-0.161234,0.511019,-0.294667,0.074918,-0.027700,0.055968,-0.037766,0.097997,0.200279,-0.570016,1.258244,0.041758,-0.166478,0.238995,0.169295,-0.474286,0.511095,0.970245,0.305958,0.015694,-0.132741
-0.053655,0.136366,0.788016,0.010342,0.012068,0.741882,0.670342,0.026860,-0.081764,-0.003267,0.208551,-0.267704,0.070534,-0.146495,-0.083117,-0.176276,0.441443,-0.274880,0.084588,-0.032026,0.068305,-0.047323,0.106867,0.200939,-0.582201,1.259923,0.054947,-0.177253,0.246981,0.175502,-0.489618,0.512549,0.948169,0.314771,0.014147,-0.128274
-0.049950,0.141344,0.788435,0.008706,0.011763,0.742997,0.669134,0.023868,-0.072469,-0.005418,0.226178,-0.271528,0.058060,-0.122252,-0.069629,-0.182598,0.398710,-0.265879,0.088463,-0.034431,0.075128,-0.050760,0.113259,0.202927,-0.590088,1.258837,0.068521,-0.184971,0.253564,0.179264,-0.497911,0.513421,0.930650,0.312636,0.009930,-0.134054
-0.045787,0.145970,0.788851,0.009072,0.011493,0.743456,0.668624,0.021872,-0.065728,-0.010082,0.245566,-0.277072,0.052278,-0.103846,-0.060092,-0.184293,0.374879,-0.263866,0.089404,-0.036062,0.079063,-0.051603,0.119866,0.204772,-0.592579,1.256307,0.077481,-0.189592,0.260325,0.181642,-0.500541,0.513897,0.919134,0.305973,0.004677,-0.143691
-0.041605,0.150040,0.789448,0.009286,0.010972,0.743807,0.668240,0.020295,-0.059228,-0.016318,0.263437,-0.283074,0.049814,-0.089107,-0.050989,-0.184120,0.359226,-0.264102,0.088864,-0.037308,0.082151,-0.052482,0.126668,0.206593,-0.592760,1.253152,0.080893,-0.192496,0.266665,0.182739,-0.500156,0.515101,0.914137,0.300071,0.000259,-0.153936
-0.037939,0.153387,0.790195,0.009188,0.010256,0.744025,0.668010,0.018397,-0.052238,-0.022407,0.278822,-0.287772,0.048645,-0.077155,-0.040790,-0.181906,0.346138,-0.262586,0.086171,-0.037491,0.085039,-0.053689,0.132764,0.207788,-0.590644,1.250197,0.079161,-0.193981,0.270999,0.181660,-0.497419,0.516831,0.917302,0.294463,-0.003561,-0.164885
-0.034875,0.156083,0.790867,0.008616,0.009401,0.744088,0.667960,0.015676,-0.045322,-0.027306,0.292423,-0.290193,0.047818,-0.068118,-0.030521,-0.177996,0.335073,-0.258211,0.081697,-0.035904,0.087267,-0.054828,0.137157,0.208280,-0.586293,1.248021,0.074403,-0.194408,0.272399,0.178333,-0.492062,0.518765,0.928281,0.288502,-0.007649,-0.175935
-0.032081,0.158268,0.791229,0.007770,0.008941,0.744016,0.668057,0.011921,-0.039127,-0.031113,0.304973,-0.291548,0.046297,-0.061949,-0.021774,-0.174955,0.326711,-0.253036,0.078226,-0.032804,0.088263,-0.056243,0.139241,0.209331,-0.582823,1.246365,0.070013,-0.195284,0.271212,0.174320,-0.484940,0.521278,0.942720,0.285713,-0.011921,-0.183885
-0.030030,0.159839,0.791493,0.006547,0.008504,0.743949,0.668150,0.006826,-0.033581,-0.033662,0.316651,-0.293485,0.045490,-0.057854,-0.013834,-0.170947,0.318753,-0.247399,0.075288,-0.029050,0.088847,-0.057430,0.139818,0.209886,-0.578875,1.244121,0.065583,-0.196584,0.267603,0.169678,-0.477859,0.522253,0.958184,0.285517,-0.017104,-0.189557
-0.028961,0.160685,0.791736,0.005085,0.007926,0.743970,0.668147,0.000320,-0.028768,-0.035472,0.328694,-0.296443,0.046173,-0.054824,-0.006406,-0.165207,0.310444,-0.241585,0.072960,-0.025288,0.089137,-0.058203,0.139541,0.209591,-0.574432,1.240873,0.062162,-0.197842,0.261192,0.164654,-0.471850,0.521061,0.973403,0.285007,-0.022907,-0.193742
-0.028654,0.160915,0.791918,0.003521,0.007041,0.744159,0.667956,-0.007125,-0.024470,-0.036894,0.341764,-0.300247,0.048057,-0.052203,0.000374,-0.159097,0.302615,-0.235751,0.071831,-0.021966,0.089347,-0.058786,0.139115,0.208722,-0.570749,1.237281,0.061626,-0.198763,0.252997,0.159667,-0.467170,0.518956,0.987801,0.281522,-0.028550,-0.196807
-0.028800,0.160775,0.792048,0.001976,0.005582,0.744507,0.667588,-0.014638,-0.020013,-0.037554,0.354824,-0.305190,0.050901,-0.049928,0.006649,-0.154330,0.296078,-0.229632,0.071765,-0.019572,0.090587,-0.059340,0.139623,0.207188,-0.568349,1.234307,0.064293,-0.199279,0.245828,0.154737,-0.464012,0.517311,1.001024,0.274493,-0.033629,-0.199304
-0.029664,0.159948,0.792062,0.000616,0.003595,0.744702,0.667387,-0.022017,-0.016021,-0.038174,0.368265,-0.311970,0.055962,-0.048044,0.012258,-0.150051,0.291176,-0.223844,0.072376,-0.018493,0.092745,-0.059567,0.141358,0.204879,-0.567263,1.231216,0.068981,-0.199104,0.239203,0.149694,-0.462959,0.515202,1.011840,0.265317,-0.037285,-0.200624
-0.031030,0.158671,0.791976,-0.000607,0.001310,0.744787,0.667300,-0.029158,-0.012540,-0.038810,0.381709,-0.320224,0.062664,-0.046836,0.017214,-0.145963,0.288311,-0.218578,0.073643,-0.018541,0.095712,-0.059437,0.144157,0.202079,-0.567512,1.228320,0.073880,-0.198360,0.231690,0.144674,-0.463458,0.512983,1.021004,0.254531,-0.038979,-0.199868
-0.032423,0.157241,0.791835,-0.001739,-0.001039,0.744807,0.667276,-0.035563,-0.009330,-0.039298,0.392983,-0.329089,0.069656,-0.046809,0.021620,-0.142213,0.287531,-0.213832,0.075439,-0.019194,0.099394,-0.059243,0.147526,0.199137,-0.568441,1.226187,0.077276,-0.197324,0.222353,0.139783,-0.464544,0.511435,1.029478,0.241706,-0.038931,-0.196672
-0.033706,0.155526,0.791636,-0.002880,-0.002753,0.744593,0.667507,-0.040440,-0.006788,-0.039888,0.398750,-0.337825,0.076791,-0.048729,0.025325,-0.138039,0.288428,-0.210066,0.077101,-0.020064,0.103311,-0.059315,0.150905,0.196098,-0.568288,1.224223,0.077957,-0.195913,0.210963,0.134938,-0.465773,0.509863,1.036702,0.226765,-0.037957,-0.191385
-0.035191,0.154020,0.791418,-0.004346,-0.003459,0.744331,0.667788,-0.043910,-0.005838,-0.040041,0.397403,-0.344646,0.084484,-0.053820,0.027697,-0.131429,0.291583,-0.207981,0.078196,-0.021191,0.106702,-0.059651,0.154454,0.193005,-0.565550,1.221624,0.075129,-0.193587,0.196999,0.130743,-0.466499,0.506733,1.043520,0.211561,-0.036422,-0.184064
-0.037139,0.152267,0.791250,-0.006002,-0.003356,0.744076,0.668060,-0.046036,-0.006752,-0.039738,0.388458,-0.347902,0.092102,-0.062021,0.028367,-0.122663,0.296458,-0.206596,0.078660,-0.023077,0.109293,-0.059977,0.157577,0.189830,-0.560494,1.217809,0.068803,-0.190546,0.181790,0.126521,-0.467144,0.502263,1.049796,0.197025,-0.035098,-0.175550
-0.039520,0.149742,0.791164,-0.007710,-0.002644,0.743881,0.668263,-0.046745,-0.009351,-0.038722,0.372416,-0.346711,0.098751,-0.072797,0.027128,-0.113236,0.302654,-0.204990,0.079018,-0.026202,0.111111,-0.060109,0.159531,0.186765,-0.554341,1.213159,0.060300,-0.187096,0.168133,0.121499,-0.467930,0.497523,1.055169,0.184166,-0.034206,-0.167080
-0.042056,0.146825,0.791123,-0.009038,-0.000947,0.743432,0.668749,-0.046167,-0.013591,-0.036028,0.351131,-0.341104,0.104225,-0.086010,0.023758,-0.103647,0.311076,-0.203949,0.080146,-0.030534,0.111963,-0.060037,0.160309,0.184368,-0.547899,1.208911,0.052010,-0.183006,0.158492,0.116163,-0.467708,0.492686,1.060075,0.174907,-0.032855,-0.159687
-0.044573,0.143468,0.791099,-0.009710,0.001073,0.742731,0.669519,-0.044887,-0.019540,-0.032178,0.328410,-0.331730,0.108124,-0.100470,0.018529,-0.093407,0.321516,-0.203736,0.081958,-0.035554,0.111235,-0.059178,0.159941,0.183028,-0.541301,1.204936,0.045402,-0.178577,0.152678,0.110753,-0.465629,0.487051,1.064191,0.168665,-0.031150,-0.154528
-0.046875,0.139967,0.791038,-0.009789,0.003297,0.741829,0.670509,-0.043638,-0.026595,-0.027736,0.307387,-0.320235,0.110795,-0.115317,0.012128,-0.083098,0.333873,-0.204466,0.084311,-0.040492,0.109068,-0.057080,0.158080,0.183148,-0.536022,1.201838,0.041934,-0.173856,0.149207,0.105181,-0.461371,0.481795,1.068800,0.163534,-0.028964,-0.151515
-0.048897,0.136505,0.790883,-0.009341,0.005605,0.740782,0.671657,-0.042813,-0.034042,-0.022809,0.289413,-0.308469,0.112972,-0.130323,0.005253,-0.073293,0.348435,-0.206171,0.086694,-0.044812,0.106075,-0.053646,0.154245,0.184707,-0.533028,1.200395,0.042691,-0.168856,0.147004,0.099078,-0.455284,0.477880,1.074931,0.158008,-0.026455,-0.150634
-0.050792,0.132827,0.790620,-0.008236,0.007655,0.739623,0.672928,-0.042451,-0.041673,-0.017298,0.274412,-0.297516,0.115086,-0.145706,-0.001751,-0.063549,0.365567,-0.208692,0.088331,-0.048475,0.102689,-0.049253,0.148392,0.187064,-0.531167,1.200535,0.047580,-0.163785,0.146011,0.092170,-0.448167,0.474114,1.081765,0.152022,-0.024458,-0.152641
-0.052554,0.129433,0.790303,-0.007194,0.009732,0.738523,0.674120,-0.043361,-0.049187,-0.011626,0.262867,-0.287613,0.117202,-0.161918,-0.008810,-0.054579,0.385204,-0.211672,0.090255,-0.051444,0.099159,-0.045016,0.141458,0.189906,-0.530009,1.202075,0.055146,-0.158361,0.145342,0.085285,-0.440289,0.470343,1.089675,0.146124,-0.022761,-0.155904
-0.054436,0.126115,0.789952,-0.006229,0.011726,0.737527,0.675187,-0.045626,-0.056398,-0.005578,0.254043,-0.278864,0.119364,-0.178615,-0.015688,-0.046663,0.405977,-0.214403,0.091780,-0.054118,0.095816,-0.041143,0.133550,0.192807,-0.529645,1.204270,0.064118,-0.153150,0.145271,0.078565,-0.432990,0.466672,1.097133,0.141250,-0.021857,-0.159996
-0.056478,0.122763,0.789558,-0.005360,0.013524,0.736680,0.676085,-0.048827,-0.063281,0.001242,0.247405,-0.271597,0.121821,-0.195358,-0.022533,-0.040570,0.427506,-0.217036,0.092439,-0.056791,0.092813,-0.037473,0.124686,0.195749,-0.530609,1.206870,0.074582,-0.148671,0.146764,0.072114,-0.427100,0.463753,1.102488,0.138221,-0.021736,-0.164781
-0.058166,0.120112,0.789108,-0.004422,0.015511,0.735562,0.677266,-0.052525,-0.069777,0.008913,0.243686,-0.266335,0.124759,-0.212125,-0.030213,-0.037956,0.451956,-0.221632,0.093361,-0.059273,0.089766,-0.034178,0.115579,0.199551,-0.533296,1.210527,0.087874,-0.144538,0.150133,0.066803,-0.421522,0.462709,1.105788,0.137144,-0.021132,-0.169202
-0.059243,0.118036,0.788581,-0.002977,0.017316,0.734441,0.678445,-0.055545,-0.075381,0.018083,0.241985,-0.263268,0.127230,-0.227845,-0.039237,-0.038108,0.480913,-0.231268,0.092163,-0.061777,0.085783,-0.030706,0.105950,0.204988,-0.536111,1.214438,0.103999,-0.140964,0.154484,0.062855,-0.415458,0.463150,1.105835,0.136932,-0.020738,-0.174071
-0.059452,0.116305,0.787952,-0.000687,0.018822,0.733279,0.679667,-0.056415,-0.080423,0.027954,0.241941,-0.261943,0.129399,-0.241761,-0.050474,-0.040202,0.516681,-0.247560,0.087710,-0.063700,0.080050,-0.026694,0.095411,0.212417,-0.538226,1.219140,0.122431,-0.137693,0.159703,0.059778,-0.408281,0.465876,1.103374,0.135627,-0.020673,-0.180095
-0.058802,0.114828,0.787194,0.002789,0.019911,0.732037,0.680969,-0.054566,-0.085552,0.037385,0.243299,-0.261827,0.131795,-0.253518,-0.064359,-0.043283,0.559320,-0.270119,0.080539,-0.064357,0.072293,-0.022108,0.084184,0.221528,-0.539076,1.225033,0.141990,-0.134630,0.165796,0.057123,-0.399837,0.471009,1.099783,0.133124,-0.020908,-0.187401
-0.057666,0.113632,0.786303,0.007354,0.020675,0.730704,0.682341,-0.050781,-0.090842,0.046162,0.245021,-0.262544,0.133952,-0.262737,-0.080065,-0.046080,0.604507,-0.296607,0.071820,-0.063810,0.062895,-0.017267,0.073267,0.231411,-0.537409,1.230880,0.160309,-0.132422,0.171988,0.055190,-0.390558,0.476517,1.095303,0.132208,-0.022082,-0.195479
-0.055956,0.112849,0.785342,0.012274,0.021371,0.729442,0.683599,-0.045291,-0.095974,0.053531,0.246175,-0.262690,0.134911,-0.268906,-0.096234,-0.048735,0.647899,-0.322584,0.063643,-0.061926,0.052344,-0.013309,0.063563,0.241332,-0.532745,1.236550,0.173897,-0.131193,0.177991,0.054697,-0.380569,0.482153,1.090803,0.133439,-0.024038,-0.202602
-0.053927,0.111997,0.784365,0.017355,0.022063,0.728237,0.684750,-0.038690,-0.101143,0.059613,0.245692,-0.260893,0.134272,-0.271962,-0.111729,-0.049965,0.685276,-0.344317,0.057321,-0.058669,0.041123,-0.010469,0.055271,0.250826,-0.525227,1.240656,0.182020,-0.131385,0.183706,0.055220,-0.370303,0.487185,1.086404,0.135746,-0.026670,-0.208709
-0.051952,0.111062,0.783438,0.022405,0.022817,0.727081,0.685807,-0.031866,-0.106431,0.065015,0.242947,-0.256940,0.132109,-0.271898,-0.125617,-0.049615,0.711960,-0.359785,0.053700,-0.053857,0.029756,-0.008690,0.048859,0.259530,-0.515529,1.241936,0.185489,-0.133328,0.188539,0.056631,-0.360022,0.490897,1.082693,0.138275,-0.029702,-0.213575
-0.050121,0.111119,0.782652,0.025857,0.024278,0.725698,0.687098,-0.025552,-0.110930,0.070125,0.238279,-0.252223,0.128644,-0.268427,-0.136855,-0.050398,0.723557,-0.368907,0.053379,-0.047235,0.018903,-0.008408,0.045401,0.267142,-0.504791,1.240796,0.184879,-0.136530,0.191289,0.060131,-0.349436,0.493371,1.081348,0.141166,-0.032392,-0.215506
-0.048554,0.112203,0.782042,0.027708,0.025745,0.724278,0.688470,-0.020216,-0.113035,0.075520,0.232530,-0.248575,0.124433,-0.261721,-0.144146,-0.052387,0.719868,-0.373633,0.054901,-0.039728,0.009458,-0.009417,0.044122,0.273755,-0.494329,1.237322,0.182344,-0.139841,0.191573,0.065438,-0.338684,0.493986,1.081919,0.143265,-0.034314,-0.215616
-0.047331,0.114451,0.781605,0.028009,0.027109,0.722860,0.689894,-0.015924,-0.112443,0.080659,0.227624,-0.247050,0.119908,-0.252023,-0.147328,-0.055238,0.703367,-0.375500,0.056840,-0.031653,0.001978,-0.011470,0.044105,0.279081,-0.484722,1.232660,0.179035,-0.142827,0.189553,0.071786,-0.328046,0.493677,1.084162,0.144203,-0.035531,-0.213947
-0.046475,0.117952,0.781295,0.026812,0.028261,0.721482,0.691336,-0.013149,-0.109230,0.084818,0.224906,-0.248426,0.115357,-0.239770,-0.146497,-0.059056,0.676064,-0.375179,0.058075,-0.022986,-0.003104,-0.014584,0.044721,0.282585,-0.476075,1.228191,0.175028,-0.145357,0.185385,0.078019,-0.317812,0.493346,1.088102,0.144328,-0.036488,-0.210658
-0.045845,0.122285,0.781080,0.023127,0.029199,0.720179,0.692787,-0.013023,-0.102910,0.087980,0.224323,-0.253321,0.110830,-0.225701,-0.141254,-0.064057,0.638715,-0.372879,0.057662,-0.014136,-0.005405,-0.018842,0.045471,0.284023,-0.468639,1.224414,0.170311,-0.147008,0.179167,0.082562,-0.308219,0.492418,1.093153,0.144036,-0.037678,-0.207458
-0.044830,0.126816,0.781140,0.018954,0.029882,0.719035,0.694072,-0.015479,-0.094245,0.089444,0.227510,-0.260100,0.105563,-0.210394,-0.132407,-0.069417,0.596235,-0.368729,0.055657,-0.005656,-0.005473,-0.023530,0.045990,0.283953,-0.462948,1.221495,0.165411,-0.147799,0.172051,0.084239,-0.299323,0.491550,1.097825,0.143882,-0.039035,-0.204429
-0.043178,0.130648,0.781509,0.014677,0.030262,0.718066,0.695162,-0.020227,-0.084148,0.088964,0.234472,-0.267892,0.099399,-0.194834,-0.121235,-0.074108,0.553514,-0.363130,0.052297,0.002079,-0.003952,-0.027871,0.045853,0.282907,-0.458466,1.218910,0.160422,-0.148291,0.165510,0.082196,-0.291317,0.491255,1.101365,0.142982,-0.040993,-0.202981
-0.040951,0.133272,0.782139,0.010680,0.030293,0.717292,0.696032,-0.027139,-0.073516,0.086653,0.244684,-0.276172,0.092584,-0.180039,-0.109122,-0.077811,0.513619,-0.356595,0.048270,0.008993,-0.001533,-0.031550,0.045176,0.280784,-0.454183,1.216673,0.154367,-0.149020,0.159689,0.076877,-0.284352,0.491314,1.104153,0.141203,-0.043981,-0.204146
-0.038227,0.134940,0.783014,0.007543,0.030076,0.716839,0.696549,-0.036068,-0.063183,0.082624,0.258524,-0.284003,0.085328,-0.166666,-0.097202,-0.081077,0.477965,-0.349570,0.044772,0.015184,0.000993,-0.034662,0.044807,0.277097,-0.449822,1.215676,0.146100,-0.149982,0.153192,0.070281,-0.278361,0.491120,1.107144,0.140330,-0.047683,-0.206754
-0.035169,0.135709,0.784027,0.004967,0.029614,0.716493,0.696947,-0.046194,-0.053136,0.077372,0.274921,-0.291872,0.078407,-0.155482,-0.085708,-0.083914,0.447973,-0.342646,0.042016,0.020477,0.003296,-0.036697,0.044897,0.272678,-0.446261,1.214580,0.137824,-0.150965,0.146734,0.063492,-0.273383,0.491049,1.110404,0.139461,-0.051506,-0.210195
-0.032077,0.135882,0.785108,0.002940,0.028959,0.716279,0.697206,-0.056893,-0.043815,0.071683,0.293254,-0.299292,0.072140,-0.146553,-0.075361,-0.086907,0.424169,-0.336167,0.040394,0.024840,0.005197,-0.037506,0.045699,0.267819,-0.443349,1.212304,0.129876,-0.152547,0.140802,0.057569,-0.269833,0.491977,1.113412,0.138773,-0.055750,-0.213261
-0.029221,0.135750,0.786185,0.001452,0.028163,0.716219,0.697306,-0.067665,-0.035538,0.066671,0.313015,-0.305801,0.066734,-0.139637,-0.066732,-0.090676,0.406325,-0.330335,0.039990,0.028442,0.006611,-0.037566,0.047553,0.262591,-0.440551,1.208591,0.122140,-0.154979,0.135423,0.053167,-0.267957,0.494308,1.115728,0.138355,-0.060662,-0.215093
-0.026659,0.135310,0.787121,0.000600,0.027124,0.716094,0.697476,-0.078006,-0.027899,0.063289,0.333287,-0.311887,0.062501,-0.134613,-0.059506,-0.095105,0.393819,-0.325308,0.040186,0.031509,0.007595,-0.037595,0.050548,0.257585,-0.438295,1.203507,0.116307,-0.157316,0.130644,0.050034,-0.267429,0.497554,1.117291,0.136721,-0.065492,-0.215800
-0.024261,0.134647,0.787824,0.000211,0.026002,0.715975,0.697641,-0.088069,-0.020965,0.060736,0.354211,-0.316449,0.058641,-0.130818,-0.053557,-0.099851,0.385401,-0.320810,0.041183,0.034088,0.008321,-0.037517,0.054368,0.253308,-0.437820,1.196799,0.113111,-0.159206,0.126264,0.047780,-0.268101,0.501473,1.117659,0.133853,-0.069628,-0.214281
-0.021959,0.133822,0.788193,0.000272,0.024779,0.715865,0.697799,-0.097911,-0.014639,0.059242,0.376182,-0.319500,0.055954,-0.127676,-0.048596,-0.104381,0.380131,-0.316782,0.042809,0.036454,0.009097,-0.037127,0.058475,0.250241,-0.438719,1.188281,0.111541,-0.160768,0.122651,0.046268,-0.269815,0.505494,1.116653,0.129234,-0.073047,-0.211532
-0.019837,0.132896,0.788265,0.000773,0.023436,0.715764,0.697948,-0.107590,-0.008827,0.059482,0.399385,-0.322132,0.055372,-0.124895,-0.044462,-0.108194,0.377335,-0.312940,0.045351,0.038823,0.009949,-0.036653,0.062465,0.248349,-0.440197,1.178744,0.110201,-0.162293,0.120120,0.045437,-0.272243,0.508818,1.114948,0.123309,-0.076069,-0.209246
-0.018115,0.132024,0.788256,0.001603,0.022105,0.715737,0.698018,-0.117314,-0.003820,0.061315,0.423353,-0.325662,0.056343,-0.122456,-0.041373,-0.111057,0.376304,-0.308664,0.049766,0.041138,0.010511,-0.036640,0.066238,0.246985,-0.442475,1.169751,0.108701,-0.164040,0.118319,0.045149,-0.274951,0.510783,1.113957,0.118202,-0.078935,-0.207665
-0.017063,0.131470,0.788175,0.002253,0.021004,0.715793,0.697993,-0.126793,-0.000219,0.064501,0.446220,-0.331724,0.059105,-0.120572,-0.039343,-0.113033,0.376420,-0.304591,0.054647,0.043675,0.011050,-0.036663,0.069609,0.246146,-0.444947,1.160686,0.107083,-0.166273,0.117108,0.045498,-0.277847,0.511047,1.114242,0.113429,-0.081613,-0.206635
-0.016635,0.131295,0.788015,0.002684,0.020209,0.715972,0.697832,-0.135628,0.001467,0.068724,0.466118,-0.339977,0.063477,-0.119385,-0.038521,-0.114649,0.377240,-0.301129,0.059682,0.046162,0.011792,-0.036836,0.072664,0.245402,-0.447474,1.151872,0.104413,-0.169553,0.116527,0.046456,-0.280860,0.509727,1.115876,0.109989,-0.084523,-0.206153
-0.016871,0.131451,0.787797,0.002860,0.019794,0.716315,0.697490,-0.143619,0.000947,0.073560,0.481711,-0.349094,0.068778,-0.119094,-0.039144,-0.116386,0.378767,-0.298438,0.065296,0.048117,0.012962,-0.037642,0.075759,0.244059,-0.449842,1.143999,0.100386,-0.174161,0.116783,0.048022,-0.284379,0.506825,1.118597,0.109059,-0.088163,-0.206455
-0.018066,0.131902,0.787564,0.002538,0.019921,0.716659,0.697135,-0.150459,-0.001996,0.078410,0.491228,-0.357687,0.074032,-0.120033,-0.041406,-0.118256,0.381325,-0.296744,0.071441,0.049219,0.014819,-0.039381,0.079267,0.241912,-0.451255,1.136913,0.096406,-0.179463,0.117793,0.050240,-0.289106,0.501791,1.121981,0.110329,-0.092166,-0.207154
-0.019733,0.132428,0.787414,0.002237,0.020593,0.716848,0.696922,-0.154416,-0.007884,0.082373,0.489789,-0.362196,0.077733,-0.122196,-0.045479,-0.120242,0.384468,-0.295882,0.078393,0.048643,0.016963,-0.042461,0.083079,0.239846,-0.451802,1.130966,0.092637,-0.184180,0.117887,0.052546,-0.294062,0.494208,1.125908,0.114962,-0.094520,-0.205110
-0.021553,0.133107,0.787366,0.002076,0.021710,0.716949,0.696785,-0.154869,-0.016169,0.084883,0.477347,-0.361266,0.080381,-0.125112,-0.050884,-0.121829,0.388123,-0.295869,0.085480,0.046423,0.019206,-0.046557,0.086108,0.238345,-0.451522,1.127367,0.089219,-0.187717,0.116980,0.055162,-0.299400,0.485219,1.129328,0.121959,-0.095021,-0.200291
-0.023409,0.133867,0.787374,0.002176,0.023172,0.717028,0.696656,-0.151221,-0.026049,0.086203,0.455896,-0.355233,0.082769,-0.128372,-0.057387,-0.122176,0.393142,-0.297120,0.092197,0.042843,0.021256,-0.050839,0.087327,0.237438,-0.450159,1.127286,0.086070,-0.189636,0.116222,0.058193,-0.305320,0.475953,1.131360,0.130081,-0.094126,-0.194399
-0.025142,0.134207,0.787391,0.003691,0.024794,0.716690,0.696941,-0.142190,-0.037339,0.087190,0.425871,-0.344643,0.084271,-0.132020,-0.065514,-0.120760,0.400796,-0.300196,0.098915,0.037652,0.022592,-0.054476,0.086773,0.237083,-0.447315,1.130714,0.082469,-0.189216,0.116311,0.060888,-0.310740,0.466164,1.132225,0.139629,-0.091390,-0.187948
-0.026712,0.134189,0.787374,0.005854,0.026414,0.716390,0.697175,-0.129398,-0.049274,0.087739,0.391389,-0.331542,0.085336,-0.136015,-0.074728,-0.118297,0.410750,-0.304960,0.104355,0.030943,0.023817,-0.056764,0.084881,0.237018,-0.442732,1.136144,0.077902,-0.186933,0.116664,0.063512,-0.315354,0.456200,1.131656,0.148488,-0.087506,-0.181402
-0.028136,0.134170,0.787251,0.008581,0.027926,0.716143,0.697342,-0.114393,-0.060991,0.088304,0.357444,-0.318331,0.086707,-0.140251,-0.084491,-0.115249,0.423586,-0.311378,0.108073,0.023387,0.025023,-0.057449,0.081702,0.236504,-0.437320,1.143765,0.072562,-0.183096,0.118050,0.066011,-0.318479,0.446451,1.130979,0.156399,-0.083218,-0.176598
-0.029551,0.134137,0.786959,0.011790,0.029223,0.715967,0.697423,-0.098639,-0.072178,0.089376,0.327957,-0.306377,0.088740,-0.144879,-0.094751,-0.111663,0.440175,-0.319221,0.110239,0.016172,0.025901,-0.056587,0.077468,0.235072,-0.432416,1.153421,0.067593,-0.178308,0.122233,0.068297,-0.319856,0.436881,1.131072,0.164037,-0.079381,-0.176127
-0.031087,0.133552,0.786488,0.015827,0.030036,0.715767,0.697514,-0.083918,-0.083212,0.090752,0.304378,-0.295505,0.091154,-0.150395,-0.105781,-0.107718,0.460295,-0.327777,0.111014,0.010526,0.026295,-0.054547,0.073143,0.233209,-0.428731,1.162698,0.064509,-0.173836,0.130092,0.070759,-0.320206,0.427010,1.130728,0.171314,-0.076823,-0.181183
-0.032294,0.132645,0.785852,0.020120,0.030829,0.715485,0.697657,-0.070523,-0.094115,0.092386,0.284688,-0.285659,0.093499,-0.156950,-0.117317,-0.104323,0.482970,-0.336661,0.111689,0.006555,0.025904,-0.052663,0.069568,0.231837,-0.426424,1.170503,0.063169,-0.169943,0.139683,0.073476,-0.319303,0.416673,1.129967,0.179158,-0.074684,-0.188539
-0.033337,0.131635,0.785070,0.024543,0.031532,0.715201,0.697775,-0.058857,-0.104715,0.093672,0.268540,-0.277497,0.096160,-0.164326,-0.128904,-0.101445,0.507162,-0.345212,0.112327,0.004262,0.024645,-0.051553,0.066507,0.231478,-0.426452,1.176657,0.064276,-0.167181,0.149811,0.076630,-0.318378,0.406890,1.127916,0.186324,-0.073264,-0.197479
-0.034299,0.130478,0.784140,0.028970,0.032077,0.714995,0.697792,-0.048696,-0.115021,0.094016,0.255919,-0.270940,0.099481,-0.172050,-0.140472,-0.098766,0.532454,-0.353344,0.112533,0.003864,0.022415,-0.051003,0.063449,0.232292,-0.429073,1.181179,0.067653,-0.165633,0.160164,0.080048,-0.318563,0.398877,1.123663,0.191056,-0.072811,-0.208332
-0.034613,0.129057,0.783068,0.034007,0.032505,0.714667,0.697881,-0.038807,-0.125196,0.093469,0.245075,-0.264591,0.102918,-0.179705,-0.152281,-0.096527,0.558906,-0.361724,0.112606,0.005385,0.019056,-0.050696,0.060495,0.234331,-0.432939,1.183867,0.071051,-0.164341,0.169947,0.082911,-0.319425,0.393071,1.117404,0.192916,-0.072157,-0.219522
-0.034630,0.127700,0.781980,0.038635,0.032783,0.714528,0.697769,-0.029670,-0.134502,0.092050,0.235326,-0.258895,0.106172,-0.187492,-0.163373,-0.094523,0.585241,-0.369057,0.112391,0.007595,0.015301,-0.051043,0.057756,0.237423,-0.438251,1.184617,0.074263,-0.163156,0.177206,0.084786,-0.321707,0.390091,1.109077,0.190561,-0.071093,-0.229897
-0.034722,0.126895,0.781002,0.042731,0.032697,0.714700,0.697359,-0.020915,-0.142091,0.089538,0.226884,-0.254999,0.109442,-0.194722,-0.173152,-0.093713,0.611760,-0.374267,0.111940,0.009747,0.011452,-0.051508,0.055065,0.240954,-0.445639,1.184319,0.075992,-0.160980,0.183300,0.085444,-0.326079,0.391928,1.099085,0.187600,-0.068964,-0.237991
-0.034839,0.126668,0.780271,0.046173,0.032037,0.715303,0.696551,-0.011899,-0.147541,0.085858,0.219937,-0.252845,0.112640,-0.200580,-0.181188,-0.094518,0.638476,-0.377521,0.110807,0.011611,0.007809,-0.051414,0.052263,0.244664,-0.455041,1.183988,0.075564,-0.156768,0.189302,0.084807,-0.332549,0.398998,1.087608,0.187043,-0.065215,-0.242852
-0.034691,0.126537,0.779949,0.048941,0.030559,0.716309,0.695393,-0.002935,-0.150910,0.081338,0.214084,-0.250973,0.115227,-0.205098,-0.186852,-0.095942,0.663355,-0.380135,0.107920,0.012737,0.005125,-0.050788,0.049546,0.248929,-0.465865,1.183810,0.074441,-0.150833,0.192497,0.083285,-0.340790,0.408878,1.073942,0.187707,-0.059934,-0.243641
-0.034661,0.126916,0.780085,0.050637,0.028503,0.717824,0.693795,0.005449,-0.151951,0.076106,0.209043,-0.250354,0.118120,-0.208055,-0.190198,-0.099721,0.685217,-0.383169,0.104128,0.011742,0.003476,-0.048869,0.047512,0.253072,-0.479483,1.183678,0.072249,-0.144076,0.191310,0.082534,-0.351770,0.422679,1.057066,0.196022,-0.052383,-0.235205
-0.035026,0.127449,0.780724,0.051191,0.025573,0.720032,0.691577,0.013559,-0.149632,0.069834,0.204203,-0.250822,0.120305,-0.206823,-0.189325,-0.107228,0.698943,-0.385289,0.100831,0.005900,0.004692,-0.045683,0.047562,0.257401,-0.495422,1.182549,0.069416,-0.139673,0.186323,0.083299,-0.369232,0.442122,1.032147,0.218272,-0.042630,-0.213731
-0.035792,0.128044,0.781795,0.050533,0.021474,0.723108,0.688550,0.021473,-0.143496,0.063307,0.199196,-0.252023,0.119460,-0.199587,-0.182688,-0.118397,0.699329,-0.385552,0.099060,-0.005855,0.009968,-0.042031,0.051034,0.262056,-0.512125,1.180059,0.066006,-0.140168,0.178802,0.085693,-0.395206,0.467490,0.996576,0.254644,-0.031728,-0.179500
-0.036837,0.129924,0.783028,0.047541,0.017528,0.727291,0.684456,0.028121,-0.134624,0.058871,0.194298,-0.254771,0.114012,-0.187998,-0.171329,-0.131866,0.685346,-0.385255,0.099183,-0.021013,0.017922,-0.039088,0.058258,0.266049,-0.528915,1.177432,0.061103,-0.145057,0.168884,0.090207,-0.426576,0.496396,0.954779,0.298322,-0.020929,-0.136858
-0.038000,0.133839,0.784167,0.042906,0.014659,0.731755,0.680058,0.032721,-0.123890,0.056741,0.189498,-0.258615,0.104177,-0.173262,-0.156023,-0.145687,0.656674,-0.383182,0.101251,-0.037406,0.028382,-0.038600,0.068747,0.269932,-0.545738,1.174572,0.057225,-0.154071,0.155562,0.097726,-0.459962,0.523513,0.910654,0.343109,-0.010415,-0.091142
-0.039069,0.139556,0.784952,0.037177,0.012810,0.736276,0.675538,0.035321,-0.112036,0.056683,0.185750,-0.263170,0.090688,-0.155944,-0.138526,-0.159479,0.616846,-0.378417,0.104728,-0.052973,0.040086,-0.040655,0.081328,0.274110,-0.561751,1.170826,0.056066,-0.165729,0.142467,0.107368,-0.492638,0.546733,0.867845,0.382932,-0.001281,-0.048188
-0.039413,0.146134,0.785297,0.030906,0.011924,0.740637,0.671088,0.036146,-0.100039,0.058184,0.184362,-0.267625,0.074824,-0.136970,-0.120973,-0.172661,0.571227,-0.371704,0.108192,-0.065544,0.051503,-0.044384,0.093980,0.278860,-0.575361,1.165972,0.058288,-0.177666,0.131893,0.117216,-0.520763,0.563734,0.830414,0.411334,0.005442,-0.013427
-0.038181,0.152515,0.785370,0.026074,0.012541,0.743702,0.667884,0.035193,-0.089221,0.060037,0.186043,-0.270649,0.059015,-0.118218,-0.105040,-0.183184,0.524859,-0.365119,0.109692,-0.073386,0.061904,-0.049015,0.104352,0.284440,-0.585289,1.160635,0.064510,-0.187507,0.120629,0.125907,-0.539318,0.569664,0.802500,0.423392,0.010018,0.009487
-0.035938,0.158179,0.785274,0.022688,0.013296,0.745693,0.665771,0.033324,-0.080487,0.060582,0.191114,-0.272990,0.046977,-0.101135,-0.092432,-0.191153,0.484771,-0.359701,0.108566,-0.077010,0.069793,-0.052946,0.112002,0.289710,-0.592217,1.155352,0.074407,-0.193198,0.111072,0.133105,-0.548082,0.566623,0.785801,0.422025,0.012766,0.020313
-0.033081,0.162092,0.785164,0.020712,0.013623,0.746887,0.664489,0.031380,-0.072926,0.058645,0.198982,-0.274910,0.039319,-0.085166,-0.082034,-0.197593,0.452466,-0.354146,0.105610,-0.078451,0.076134,-0.054875,0.116846,0.294137,-0.595648,1.150124,0.084987,-0.195909,0.105584,0.137306,-0.550904,0.559646,0.778042,0.413725,0.013514,0.020638
-0.029800,0.163933,0.785159,0.020111,0.012960,0.747553,0.663771,0.029659,-0.065589,0.054497,0.208657,-0.276694,0.034842,-0.070293,-0.072201,-0.202608,0.426840,-0.347688,0.101940,-0.079083,0.081899,-0.054712,0.119256,0.297046,-0.594808,1.146061,0.092837,-0.196873,0.104381,0.137543,-0.550856,0.552559,0.776701,0.402800,0.011863,0.012862
-0.026509,0.165052,0.785261,0.020299,0.011939,0.747457,0.663893,0.027846,-0.059061,0.049704,0.219366,-0.279422,0.032961,-0.058512,-0.063212,-0.204995,0.408044,-0.342046,0.098011,-0.078506,0.085829,-0.053561,0.120310,0.297215,-0.590409,1.145501,0.097075,-0.195036,0.106092,0.135283,-0.547521,0.545919,0.781926,0.389468,0.007789,-0.000367
-0.023590,0.166439,0.785515,0.020217,0.011212,0.747329,0.664052,0.025548,-0.053418,0.044596,0.230386,-0.283038,0.032999,-0.049163,-0.054933,-0.205348,0.393196,-0.337388,0.094122,-0.077113,0.088330,-0.052019,0.120620,0.295877,-0.584019,1.147060,0.099649,-0.192245,0.109798,0.132649,-0.542504,0.539133,0.792534,0.377088,0.002257,-0.016273
-0.021066,0.168254,0.785892,0.019854,0.010755,0.747155,0.664266,0.022877,-0.048226,0.039907,0.241106,-0.287170,0.033929,-0.041321,-0.047066,-0.204456,0.380274,-0.333302,0.090779,-0.075376,0.089441,-0.050846,0.120893,0.293875,-0.576412,1.150008,0.101899,-0.189332,0.114659,0.130419,-0.537654,0.533089,0.805586,0.366670,-0.003614,-0.030936
-0.018651,0.170282,0.786294,0.019204,0.010543,0.746921,0.664552,0.020084,-0.043153,0.036051,0.251092,-0.291401,0.035078,-0.034493,-0.039432,-0.202817,0.368406,-0.329629,0.088114,-0.073496,0.089192,-0.050545,0.121647,0.291636,-0.567915,1.154025,0.104031,-0.186307,0.118658,0.128861,-0.533650,0.528176,0.817884,0.358714,-0.008603,-0.040394
-0.016110,0.172396,0.786617,0.018491,0.010703,0.746674,0.664848,0.017199,-0.038367,0.032539,0.260283,-0.295393,0.036469,-0.028323,-0.032139,-0.200851,0.357008,-0.326676,0.085630,-0.071481,0.088212,-0.050951,0.122967,0.289905,-0.559294,1.157737,0.106117,-0.183669,0.119272,0.128635,-0.529990,0.522700,0.827741,0.355249,-0.011636,-0.042826
-0.013819,0.174283,0.786807,0.017958,0.010725,0.746445,0.665118,0.014450,-0.033970,0.030131,0.269453,-0.299360,0.037553,-0.022259,-0.025622,-0.199210,0.346286,-0.324526,0.083497,-0.069562,0.086297,-0.051970,0.125190,0.289066,-0.551821,1.159701,0.109315,-0.181634,0.118531,0.129262,-0.527175,0.516532,0.835707,0.354598,-0.013162,-0.040802
-0.011795,0.175672,0.786954,0.017581,0.010607,0.746287,0.665307,0.011335,-0.029734,0.029232,0.279276,-0.303554,0.038311,-0.016834,-0.019945,-0.198271,0.337161,-0.322905,0.081673,-0.067489,0.083740,-0.052592,0.128095,0.288760,-0.545998,1.159469,0.112434,-0.180367,0.116395,0.129653,-0.524762,0.510578,0.843474,0.354659,-0.013788,-0.037877
-0.009892,0.176556,0.787138,0.017336,0.010343,0.746252,0.665357,0.007490,-0.025458,0.029617,0.289957,-0.308480,0.039339,-0.012645,-0.014816,-0.197624,0.330016,-0.321764,0.080020,-0.065083,0.080993,-0.052320,0.131317,0.288464,-0.541519,1.157897,0.114117,-0.179479,0.111758,0.129295,-0.521917,0.505491,0.851772,0.353913,-0.013832,-0.035583
-0.008258,0.177141,0.787310,0.017180,0.009915,0.745860,0.665808,0.003375,-0.021353,0.030869,0.301326,-0.314847,0.041392,-0.009361,-0.010034,-0.196220,0.324207,-0.321616,0.078533,-0.062667,0.078037,-0.052041,0.134743,0.288066,-0.537837,1.156417,0.115075,-0.178085,0.105662,0.128706,-0.518415,0.501014,0.860100,0.351361,-0.013569,-0.033449
-0.007120,0.177214,0.787468,0.017124,0.009306,0.745574,0.666138,-0.001193,-0.017883,0.032862,0.313275,-0.322209,0.044843,-0.007103,-0.006053,-0.193903,0.320217,-0.322580,0.076818,-0.060082,0.074918,-0.051326,0.137692,0.287460,-0.534831,1.154859,0.114853,-0.176700,0.100939,0.127772,-0.513988,0.497199,0.871050,0.346814,-0.013891,-0.034615
-0.006471,0.176675,0.787616,0.017057,0.008534,0.745303,0.666453,-0.005874,-0.014790,0.035351,0.324365,-0.330355,0.049512,-0.005942,-0.002525,-0.190594,0.317387,-0.323781,0.075382,-0.057842,0.072159,-0.050373,0.140079,0.286130,-0.532647,1.154089,0.112733,-0.175038,0.097255,0.126839,-0.508636,0.494293,0.884496,0.340837,-0.014532,-0.038331
-0.006207,0.175747,0.787760,0.016868,0.007619,0.744953,0.666861,-0.010117,-0.011815,0.037807,0.333308,-0.339064,0.055180,-0.005820,0.000985,-0.186184,0.315058,-0.324543,0.074535,-0.056239,0.070242,-0.049770,0.142099,0.283680,-0.530641,1.155072,0.108600,-0.172398,0.093396,0.126488,-0.502312,0.491833,0.899210,0.333836,-0.014893,-0.042453
-0.006328,0.174784,0.787902,0.016410,0.006803,0.744560,0.667320,-0.013950,-0.009381,0.039799,0.340458,-0.347629,0.061777,-0.006837,0.004092,-0.180730,0.313989,-0.325273,0.073520,-0.054530,0.069114,-0.049559,0.143488,0.280311,-0.527493,1.157249,0.103488,-0.168742,0.090348,0.126707,-0.494557,0.488180,0.916083,0.325042,-0.015316,-0.047852
-0.006864,0.173628,0.788006,0.015738,0.006168,0.744211,0.667730,-0.018097,-0.007483,0.042163,0.346387,-0.355618,0.068332,-0.009681,0.006480,-0.174542,0.314775,-0.325915,0.072513,-0.052467,0.068589,-0.049252,0.143494,0.276249,-0.524546,1.159280,0.099530,-0.164479,0.088947,0.126312,-0.484751,0.481893,0.936927,0.312397,-0.016629,-0.056432
-0.007711,0.172326,0.788079,0.014845,0.005749,0.743876,0.668128,-0.022866,-0.005928,0.045211,0.351522,-0.362690,0.074436,-0.014384,0.008173,-0.168209,0.317328,-0.326259,0.071614,-0.049936,0.068430,-0.048785,0.142103,0.271381,-0.522238,1.160695,0.097169,-0.159925,0.089504,0.124804,-0.472967,0.473274,0.961400,0.295627,-0.019403,-0.068986
-0.008758,0.170974,0.788129,0.013722,0.005584,0.743520,0.668549,-0.028113,-0.004691,0.048821,0.355799,-0.368666,0.080005,-0.020656,0.009247,-0.162028,0.321158,-0.326263,0.070901,-0.047164,0.068539,-0.048419,0.139546,0.265561,-0.520285,1.161780,0.095737,-0.155353,0.092263,0.122109,-0.459852,0.462989,0.987750,0.276107,-0.023741,-0.085243
-0.009969,0.169402,0.788136,0.012488,0.005943,0.742750,0.669426,-0.033557,-0.004130,0.053068,0.358520,-0.373297,0.084805,-0.028734,0.009528,-0.155444,0.326279,-0.326189,0.070590,-0.044655,0.068907,-0.048359,0.135654,0.258869,-0.518518,1.162986,0.094384,-0.151084,0.097618,0.117932,-0.446059,0.450567,1.014711,0.255875,-0.029311,-0.104661
-0.011173,0.167408,0.788126,0.011500,0.006754,0.741609,0.670700,-0.038789,-0.004778,0.058110,0.358740,-0.375225,0.089139,-0.039567,0.008710,-0.147280,0.334510,-0.326394,0.070391,-0.042025,0.068944,-0.048752,0.130520,0.251151,-0.515403,1.164916,0.090711,-0.147186,0.105208,0.112353,-0.431756,0.435574,1.042115,0.237864,-0.035464,-0.126771
-0.012347,0.164919,0.788092,0.010802,0.007946,0.740134,0.672325,-0.043145,-0.006636,0.064054,0.355496,-0.374202,0.092531,-0.052763,0.006816,-0.137678,0.345559,-0.326881,0.070937,-0.040149,0.068845,-0.049484,0.124383,0.242147,-0.510942,1.168247,0.083184,-0.143960,0.114356,0.105592,-0.418082,0.419009,1.068603,0.224820,-0.041598,-0.149562
-0.013601,0.162179,0.788000,0.010435,0.009444,0.738363,0.674257,-0.046006,-0.009819,0.070364,0.348715,-0.370808,0.094728,-0.067316,0.003814,-0.127188,0.358867,-0.327891,0.072619,-0.039859,0.068865,-0.050205,0.117167,0.232362,-0.505990,1.173152,0.072162,-0.141126,0.123668,0.098152,-0.405995,0.401235,1.092780,0.219651,-0.046726,-0.170593
-0.014971,0.159717,0.787833,0.010585,0.011435,0.736507,0.676250,-0.047331,-0.014778,0.075854,0.339670,-0.365620,0.096568,-0.082750,-0.000493,-0.115875,0.375250,-0.330109,0.074638,-0.040628,0.068714,-0.050536,0.108547,0.223266,-0.500871,1.178867,0.059521,-0.137635,0.131155,0.090734,-0.395262,0.381063,1.114674,0.224192,-0.049653,-0.188337
-0.016161,0.157755,0.787605,0.010782,0.013667,0.734681,0.678190,-0.048131,-0.020405,0.080377,0.329692,-0.359657,0.098278,-0.098372,-0.005257,-0.105136,0.392537,-0.333041,0.077055,-0.042648,0.069167,-0.050424,0.099315,0.215421,-0.496200,1.184164,0.046710,-0.134021,0.136535,0.083320,-0.386350,0.360575,1.134338,0.233816,-0.051110,-0.201431
-0.017148,0.156108,0.787337,0.011176,0.015849,0.732971,0.679983,-0.048668,-0.026098,0.083845,0.320682,-0.353982,0.100190,-0.112831,-0.010087,-0.096044,0.409503,-0.336296,0.079402,-0.045177,0.069840,-0.049932,0.089261,0.209879,-0.493333,1.188203,0.036043,-0.130588,0.141497,0.076370,-0.379405,0.342106,1.151736,0.246492,-0.051386,-0.210878
-0.018066,0.154533,0.787069,0.011918,0.017691,0.731470,0.681540,-0.048795,-0.031760,0.086111,0.313842,-0.349292,0.102588,-0.124880,-0.014990,-0.089165,0.425251,-0.339717,0.081193,-0.047225,0.070020,-0.049090,0.078300,0.207425,-0.493224,1.190487,0.029840,-0.127318,0.147027,0.070440,-0.374090,0.327207,1.166842,0.260698,-0.050397,-0.218391
-0.018944,0.152974,0.786859,0.013057,0.018953,0.730161,0.682887,-0.048680,-0.037260,0.087275,0.308631,-0.345645,0.105422,-0.134243,-0.019927,-0.084722,0.438154,-0.343188,0.082626,-0.048494,0.069818,-0.047909,0.067655,0.207780,-0.495360,1.190522,0.028793,-0.124322,0.151861,0.065686,-0.369837,0.316567,1.179565,0.272174,-0.048400,-0.224722
-0.019823,0.151194,0.786724,0.014494,0.019888,0.728937,0.684138,-0.048201,-0.042803,0.087904,0.304134,-0.342526,0.108751,-0.141499,-0.025146,-0.081997,0.448572,-0.346899,0.083643,-0.048456,0.068921,-0.046646,0.057914,0.210939,-0.498584,1.187754,0.031209,-0.121600,0.156057,0.062656,-0.365996,0.309971,1.189248,0.279492,-0.045607,-0.231524
-0.020739,0.149183,0.786589,0.016177,0.020498,0.727913,0.685172,-0.046769,-0.048283,0.088488,0.299052,-0.339371,0.112269,-0.146856,-0.030570,-0.080569,0.456961,-0.350371,0.084407,-0.047019,0.066752,-0.045814,0.049795,0.216147,-0.503090,1.182772,0.035761,-0.119198,0.158991,0.061312,-0.362248,0.309151,1.195044,0.282120,-0.042107,-0.237600
-0.021704,0.147137,0.786413,0.018053,0.020786,0.727202,0.685871,-0.044174,-0.053654,0.089074,0.292696,-0.335695,0.115435,-0.150545,-0.036223,-0.080346,0.463917,-0.353170,0.085316,-0.044371,0.063225,-0.045803,0.043587,0.222379,-0.509793,1.176786,0.041659,-0.116759,0.159730,0.061565,-0.358668,0.314793,1.196303,0.280421,-0.037808,-0.242000
-0.022726,0.145304,0.786274,0.019977,0.021057,0.727217,0.685794,-0.041028,-0.059299,0.089307,0.285466,-0.331113,0.117917,-0.153414,-0.042465,-0.081049,0.470601,-0.355622,0.086736,-0.040807,0.058950,-0.046656,0.039240,0.229181,-0.518868,1.170323,0.047901,-0.113597,0.157656,0.063877,-0.355922,0.324711,1.192298,0.276246,-0.032383,-0.245649
-0.023901,0.143928,0.786208,0.021819,0.021322,0.727649,0.685271,-0.037318,-0.065310,0.089156,0.277148,-0.325536,0.120022,-0.156310,-0.048933,-0.082051,0.478003,-0.357712,0.088622,-0.037288,0.053777,-0.048487,0.038942,0.236613,-0.529215,1.162276,0.053140,-0.110553,0.151138,0.068391,-0.355988,0.340195,1.180753,0.272541,-0.025289,-0.243151
-0.025196,0.142620,0.786257,0.023679,0.021160,0.728863,0.683923,-0.032853,-0.071085,0.087823,0.268337,-0.319179,0.121616,-0.159058,-0.056877,-0.086438,0.488596,-0.357984,0.090259,-0.033596,0.047868,-0.050687,0.042156,0.244333,-0.541342,1.153837,0.055747,-0.109278,0.139750,0.074982,-0.361063,0.362632,1.160721,0.274517,-0.016102,-0.228908
-0.026789,0.140891,0.786431,0.025658,0.020147,0.731218,0.681364,-0.027686,-0.076063,0.084092,0.259744,-0.312774,0.121300,-0.160439,-0.066889,-0.095414,0.503329,-0.355900,0.091446,-0.031078,0.041698,-0.051947,0.047650,0.251810,-0.555998,1.147116,0.055826,-0.111709,0.124846,0.083367,-0.373420,0.393554,1.129974,0.285775,-0.005875,-0.199169
-0.029127,0.139010,0.786669,0.027169,0.017737,0.735740,0.676487,-0.022301,-0.080283,0.077271,0.251513,-0.307578,0.116746,-0.159006,-0.077054,-0.104322,0.519162,-0.353324,0.093356,-0.033743,0.035906,-0.051251,0.056272,0.258831,-0.572399,1.142765,0.055857,-0.119579,0.108904,0.093295,-0.394777,0.434189,1.084374,0.305138,0.002757,-0.153337
-0.031818,0.138308,0.786904,0.027873,0.015312,0.741918,0.669736,-0.017404,-0.083500,0.067899,0.244769,-0.304601,0.107398,-0.154725,-0.086583,-0.111680,0.532720,-0.350795,0.097102,-0.041258,0.031816,-0.049983,0.068171,0.265463,-0.589703,1.140838,0.056418,-0.133545,0.093837,0.104875,-0.423629,0.480255,1.026981,0.330322,0.009196,-0.097808
-0.034555,0.139399,0.787100,0.027686,0.013169,0.749324,0.661493,-0.013516,-0.085605,0.056931,0.240012,-0.303780,0.093904,-0.148313,-0.093946,-0.115213,0.541992,-0.348498,0.102401,-0.052306,0.029559,-0.049215,0.082823,0.271132,-0.605844,1.141385,0.057596,-0.152056,0.081160,0.117434,-0.456053,0.526528,0.963569,0.359178,0.013268,-0.039196
-0.036919,0.142347,0.787234,0.026527,0.011607,0.757538,0.652148,-0.011236,-0.086377,0.045289,0.237599,-0.304788,0.077720,-0.140277,-0.097567,-0.113918,0.544715,-0.346793,0.108066,-0.065023,0.029630,-0.049442,0.098861,0.274976,-0.618820,1.144542,0.058857,-0.171791,0.071039,0.129992,-0.487553,0.567160,0.901695,0.388115,0.015316,0.014871
-0.038259,0.147112,0.787254,0.024198,0.011615,0.765701,0.642637,-0.011165,-0.085662,0.033590,0.238165,-0.307621,0.061205,-0.130689,-0.097162,-0.109924,0.537963,-0.346302,0.112904,-0.076593,0.033599,-0.050967,0.114333,0.276966,-0.628127,1.149600,0.059414,-0.188830,0.061326,0.141889,-0.514506,0.595450,0.849951,0.411976,0.016655,0.055437
-0.038826,0.152706,0.787101,0.021871,0.012347,0.772696,0.634279,-0.012558,-0.084920,0.021785,0.240894,-0.311241,0.048064,-0.120585,-0.093620,-0.103606,0.523178,-0.347568,0.115890,-0.084505,0.039744,-0.053176,0.128229,0.279091,-0.633859,1.152782,0.061014,-0.200124,0.048335,0.152222,-0.534032,0.607339,0.813391,0.429563,0.018689,0.080609
-0.038352,0.157901,0.786877,0.019879,0.013338,0.778621,0.627038,-0.014810,-0.083987,0.009135,0.245274,-0.314657,0.039773,-0.110048,-0.089052,-0.100357,0.503609,-0.348890,0.116222,-0.086779,0.047225,-0.055477,0.139427,0.281479,-0.635782,1.154295,0.061069,-0.205041,0.032301,0.160575,-0.545333,0.604400,0.795013,0.442109,0.021841,0.092215
-0.036687,0.161599,0.786665,0.018556,0.014123,0.783564,0.620873,-0.017845,-0.082338,-0.004835,0.251238,-0.317526,0.035676,-0.098687,-0.084850,-0.103457,0.482278,-0.349122,0.114054,-0.083663,0.055535,-0.057008,0.147513,0.283642,-0.633966,1.155431,0.057230,-0.205049,0.016610,0.166757,-0.549770,0.592592,0.792706,0.450330,0.025087,0.094038
-0.034511,0.163352,0.786405,0.018337,0.014041,0.787387,0.616027,-0.021868,-0.080691,-0.019488,0.258797,-0.320351,0.034382,-0.086744,-0.080628,-0.108611,0.460975,-0.349706,0.110873,-0.077941,0.063195,-0.056772,0.153520,0.286380,-0.629552,1.154876,0.052264,-0.202583,0.004897,0.170601,-0.549965,0.578771,0.798714,0.453352,0.026651,0.090249
-0.032100,0.164365,0.786182,0.018241,0.013784,0.791128,0.611223,-0.026975,-0.078855,-0.033508,0.268207,-0.324196,0.034503,-0.075099,-0.077056,-0.116110,0.440745,-0.350134,0.108261,-0.070609,0.069740,-0.055806,0.158481,0.289881,-0.624078,1.153191,0.047696,-0.199650,-0.000493,0.172800,-0.547843,0.566116,0.809537,0.452753,0.026699,0.082264
-0.029740,0.164959,0.786085,0.018174,0.013384,0.794786,0.606470,-0.033315,-0.076819,-0.045987,0.279416,-0.328363,0.034962,-0.065024,-0.074053,-0.125177,0.423488,-0.349312,0.107038,-0.062242,0.074666,-0.054686,0.163282,0.293264,-0.616522,1.150837,0.041942,-0.196713,0.001649,0.173669,-0.543514,0.555340,0.823218,0.451861,0.025976,0.072202
-0.027497,0.165080,0.786130,0.018040,0.012874,0.798358,0.601775,-0.041045,-0.074629,-0.056483,0.292164,-0.331750,0.034774,-0.057083,-0.071250,-0.134817,0.409823,-0.347024,0.106978,-0.053026,0.077901,-0.053215,0.168067,0.295896,-0.606863,1.147896,0.033731,-0.193698,0.008818,0.173124,-0.536707,0.546960,0.838190,0.453049,0.025690,0.063402
-0.025099,0.165145,0.786279,0.017710,0.012603,0.802231,0.596618,-0.050109,-0.071999,-0.064633,0.306049,-0.334273,0.033305,-0.050617,-0.068894,-0.145873,0.397711,-0.344056,0.107178,-0.042694,0.080194,-0.051174,0.172096,0.298334,-0.598208,1.144302,0.024677,-0.190870,0.014504,0.171252,-0.528121,0.541497,0.852932,0.456284,0.027084,0.059018
-0.022779,0.164673,0.786556,0.017325,0.012406,0.806394,0.590994,-0.059972,-0.068619,-0.069595,0.320021,-0.335002,0.031901,-0.045378,-0.067316,-0.158380,0.386401,-0.339804,0.107459,-0.031880,0.081666,-0.049049,0.175167,0.300782,-0.589527,1.139375,0.015220,-0.187478,0.015838,0.168828,-0.518194,0.535024,0.865430,0.461978,0.029062,0.059550
-0.020662,0.163823,0.786962,0.016866,0.012429,0.811136,0.584482,-0.070112,-0.062943,-0.068704,0.334068,-0.334917,0.031505,-0.040943,-0.067279,-0.173496,0.376035,-0.334599,0.107545,-0.020718,0.082114,-0.047162,0.177217,0.302483,-0.579534,1.134766,0.004879,-0.182412,0.011580,0.166976,-0.506888,0.526472,0.877231,0.469597,0.031574,0.063426
-0.018855,0.162948,0.787451,0.016314,0.012814,0.816731,0.576646,-0.079901,-0.053528,-0.058970,0.348836,-0.335922,0.032873,-0.036877,-0.069261,-0.191604,0.366782,-0.329407,0.107016,-0.009286,0.081420,-0.045863,0.178691,0.302755,-0.567819,1.131979,-0.006684,-0.175523,0.001864,0.165985,-0.494618,0.517231,0.889822,0.477702,0.034669,0.069396
-0.017751,0.161929,0.787925,0.015594,0.013412,0.823039,0.567612,-0.088637,-0.040248,-0.039280,0.364912,-0.339316,0.036890,-0.032895,-0.072913,-0.211115,0.358254,-0.324877,0.105683,0.001660,0.079787,-0.045584,0.180446,0.301853,-0.554513,1.130081,-0.018655,-0.168068,-0.011720,0.164903,-0.482761,0.508228,0.901209,0.484822,0.037005,0.077631
-0.017966,0.161019,0.788248,0.014382,0.013862,0.829956,0.557471,-0.096346,-0.022797,-0.011398,0.383353,-0.346766,0.042594,-0.028255,-0.077972,-0.232553,0.349783,-0.321676,0.103950,0.011379,0.077644,-0.045658,0.181925,0.299950,-0.539943,1.129231,-0.028999,-0.160581,-0.027763,0.163523,-0.472005,0.499376,0.910827,0.490466,0.037778,0.086537
-0.019617,0.160128,0.788327,0.012879,0.013915,0.837180,0.546599,-0.102377,-0.002336,0.020744,0.404656,-0.358239,0.049377,-0.022937,-0.083729,-0.254139,0.341919,-0.319760,0.101778,0.020229,0.075561,-0.046170,0.183740,0.296946,-0.523556,1.129585,-0.038732,-0.152820,-0.044961,0.160587,-0.461138,0.490263,0.920499,0.494192,0.037666,0.095097
-0.022475,0.158887,0.788108,0.011288,0.013323,0.844428,0.535385,-0.105920,0.020104,0.054104,0.429861,-0.372738,0.056412,-0.017021,-0.089518,-0.273791,0.336033,-0.319584,0.099129,0.028819,0.074051,-0.047466,0.186726,0.293375,-0.505637,1.130312,-0.048681,-0.145174,-0.062494,0.154605,-0.448668,0.481915,0.931446,0.493751,0.037196,0.102995
-0.026323,0.156897,0.787553,0.010158,0.011113,0.851927,0.523443,-0.106939,0.045063,0.088194,0.460902,-0.389450,0.062179,-0.010326,-0.095224,-0.291874,0.333411,-0.322481,0.096481,0.036837,0.073536,-0.049366,0.190454,0.290614,-0.486942,1.129949,-0.056602,-0.138881,-0.079685,0.145052,-0.434588,0.475198,0.942649,0.485181,0.035087,0.108832
-0.030928,0.153626,0.786674,0.009160,0.007774,0.859528,0.510948,-0.105964,0.072435,0.121526,0.497088,-0.407125,0.066999,-0.004188,-0.100769,-0.308849,0.334971,-0.327446,0.094104,0.043171,0.074713,-0.052160,0.194255,0.288608,-0.461717,1.129265,-0.062431,-0.132610,-0.093683,0.131749,-0.419708,0.461913,0.955529,0.468096,0.029221,0.107132
-0.036234,0.149424,0.785275,0.008301,0.003501,0.867131,0.497998,-0.102891,0.102121,0.154269,0.535452,-0.425905,0.070581,0.001342,-0.106256,-0.325107,0.340308,-0.333977,0.093049,0.047988,0.077478,-0.056468,0.197561,0.286627,-0.427297,1.129792,-0.066511,-0.126253,-0.101971,0.116170,-0.404986,0.439449,0.971120,0.443970,0.019634,0.094915
-0.042022,0.144423,0.783178,0.007586,-0.001509,0.874646,0.484700,-0.097372,0.131832,0.186358,0.570770,-0.445919,0.072423,0.006798,-0.112229,-0.341070,0.348444,-0.342167,0.093547,0.051780,0.081404,-0.061913,0.198864,0.284378,-0.383579,1.132984,-0.070866,-0.120664,-0.103550,0.100144,-0.391933,0.408049,0.988945,0.418089,0.007820,0.073975
-0.047819,0.138044,0.780592,0.007956,-0.006304,0.881254,0.472535,-0.088852,0.155535,0.215858,0.595375,-0.465295,0.073060,0.011554,-0.120426,-0.356346,0.359523,-0.350660,0.094980,0.053868,0.085815,-0.066536,0.195318,0.282952,-0.329503,1.138948,-0.079863,-0.116210,-0.097881,0.085142,-0.383197,0.363611,1.005648,0.400996,-0.005349,0.047985
-0.053830,0.131659,0.778231,0.009520,-0.009165,0.887313,0.460978,-0.074742,0.166781,0.242519,0.600006,-0.480404,0.074037,0.013440,-0.135218,-0.367123,0.376713,-0.353577,0.101224,0.052829,0.087824,-0.069002,0.185270,0.284938,-0.263818,1.143527,-0.096212,-0.113085,-0.081011,0.075123,-0.382263,0.299615,1.011741,0.404035,-0.020994,0.013576
-0.059893,0.125029,0.776660,0.012318,-0.010353,0.892749,0.450267,-0.055660,0.162361,0.264471,0.582902,-0.488708,0.076538,0.009252,-0.158829,-0.370067,0.403263,-0.349132,0.111950,0.047582,0.086956,-0.068630,0.170375,0.291533,-0.188679,1.140949,-0.123540,-0.112186,-0.053739,0.072481,-0.390212,0.218045,1.000409,0.433122,-0.039581,-0.027292
-0.065943,0.117224,0.776103,0.016391,-0.010126,0.897480,0.440634,-0.033866,0.143966,0.279880,0.548560,-0.490289,0.080531,-0.005402,-0.190535,-0.362396,0.444240,-0.340066,0.123421,0.036119,0.084301,-0.064886,0.152047,0.308077,-0.107163,1.122492,-0.162986,-0.116775,-0.016124,0.076710,-0.410143,0.123540,0.966289,0.485354,-0.063743,-0.073099
-0.072353,0.108410,0.776474,0.021052,-0.009643,0.902475,0.430120,-0.011358,0.117254,0.288954,0.504298,-0.487366,0.084932,-0.034755,-0.228043,-0.342618,0.505369,-0.330276,0.132499,0.016056,0.080396,-0.057290,0.128964,0.343603,-0.021888,1.079627,-0.210236,-0.130580,0.036105,0.084763,-0.447285,0.018062,0.906256,0.549204,-0.097966,-0.128632
-0.078554,0.098981,0.777501,0.025084,-0.008919,0.907365,0.419500,0.006514,0.086902,0.291526,0.461439,-0.480993,0.089592,-0.077692,-0.269265,-0.315741,0.581626,-0.321646,0.137810,-0.009048,0.075854,-0.046513,0.102135,0.390439,0.058685,1.019917,-0.260003,-0.148279,0.097851,0.092515,-0.493500,-0.087648,0.833199,0.610937,-0.136768,-0.192463
-0.084438,0.090238,0.778861,0.028272,-0.008596,0.912216,0.408643,0.017980,0.059304,0.287867,0.428988,-0.475303,0.095464,-0.131265,-0.307641,-0.281888,0.670249,-0.318327,0.137886,-0.037260,0.071005,-0.033745,0.072221,0.447127,0.129450,0.949182,-0.307102,-0.169380,0.165899,0.096988,-0.546858,-0.183828,0.755379,0.659146,-0.177948,-0.260797
-0.089695,0.082726,0.780126,0.030398,-0.009318,0.917087,0.397417,0.020395,0.039766,0.278883,0.415047,-0.476006,0.103380,-0.194085,-0.336128,-0.241222,0.769689,-0.321280,0.132397,-0.067826,0.066461,-0.018415,0.036078,0.518958,0.188963,0.873526,-0.344798,-0.193412,0.237915,0.094996,-0.610514,-0.266468,0.679642,0.683643,-0.218313,-0.328613
-0.093132,0.075398,0.780712,0.030613,-0.011706,0.922127,0.385497,0.007847,0.029324,0.266473,0.426704,-0.486439,0.113073,-0.266305,-0.352342,-0.199376,0.875035,-0.324128,0.124126,-0.099155,0.063030,0.001683,-0.012420,0.609110,0.237395,0.804196,-0.365461,-0.213761,0.309860,0.083322,-0.685197,-0.338070,0.616752,0.677221,-0.249311,-0.391824
-0.094087,0.068852,0.780048,0.030584,-0.014838,0.926902,0.373762,-0.015889,0.026962,0.254639,0.459667,-0.504574,0.123917,-0.342978,-0.357155,-0.157825,0.980429,-0.322301,0.118714,-0.131571,0.059592,0.023684,-0.071900,0.713283,0.278142,0.747480,-0.368531,-0.227806,0.382322,0.065385,-0.769396,-0.404617,0.567352,0.647587,-0.270284,-0.454248
-0.092281,0.062962,0.778027,0.030085,-0.018901,0.931276,0.362578,-0.049341,0.032703,0.244315,0.510035,-0.527693,0.134341,-0.419999,-0.351205,-0.119588,1.078328,-0.316213,0.117284,-0.164497,0.057519,0.045323,-0.137631,0.826391,0.313160,0.704218,-0.357698,-0.234800,0.449928,0.046366,-0.861130,-0.467434,0.532009,0.602384,-0.280208,-0.512552
-0.088379,0.057353,0.775068,0.028893,-0.024081,0.935124,0.352318,-0.090821,0.046067,0.234050,0.572145,-0.553580,0.141814,-0.494368,-0.335927,-0.086785,1.162016,-0.308399,0.118153,-0.197208,0.058961,0.065269,-0.204311,0.943654,0.343872,0.670905,-0.337471,-0.236506,0.507518,0.030171,-0.957074,-0.527266,0.509325,0.549052,-0.280516,-0.561771
-0.083943,0.052571,0.771851,0.025922,-0.030445,0.938263,0.343604,-0.134140,0.064158,0.222697,0.635140,-0.579513,0.143672,-0.561905,-0.315184,-0.058916,1.225844,-0.299958,0.120793,-0.228977,0.064135,0.081575,-0.266892,1.057133,0.371313,0.643569,-0.311819,-0.236250,0.555849,0.018935,-1.050267,-0.586720,0.494672,0.497437,-0.276768,-0.602372
-0.079341,0.049688,0.768759,0.021996,-0.035815,0.940541,0.337070,-0.175378,0.083408,0.210615,0.691082,-0.600542,0.139325,-0.615830,-0.293595,-0.040563,1.258174,-0.290781,0.125625,-0.254737,0.072562,0.092016,-0.319561,1.149813,0.389894,0.626012,-0.286980,-0.231621,0.589788,0.015698,-1.128477,-0.638599,0.492012,0.453162,-0.266777,-0.630258
-0.076033,0.049833,0.766297,0.017578,-0.040135,0.942147,0.332324,-0.206658,0.100966,0.198448,0.731042,-0.614821,0.131777,-0.651147,-0.273195,-0.027848,1.256179,-0.281739,0.131856,-0.273145,0.082225,0.096469,-0.359262,1.215391,0.398894,0.615753,-0.267127,-0.225348,0.607874,0.022474,-1.187997,-0.682347,0.497062,0.421879,-0.255443,-0.644100
-0.075169,0.052899,0.764762,0.013128,-0.043351,0.943253,0.328971,-0.223430,0.114977,0.187446,0.751795,-0.623013,0.123617,-0.667512,-0.254796,-0.014465,1.225195,-0.270499,0.139374,-0.285660,0.090782,0.096543,-0.387018,1.257581,0.401105,0.607808,-0.251660,-0.220844,0.613901,0.038716,-1.231043,-0.721422,0.502383,0.403423,-0.247665,-0.646615
-0.076126,0.057358,0.763962,0.010136,-0.044519,0.944064,0.326587,-0.228967,0.124112,0.179394,0.759016,-0.625377,0.113926,-0.667645,-0.240109,0.000020,1.171939,-0.251307,0.149897,-0.292885,0.096535,0.094024,-0.406320,1.281508,0.398232,0.602075,-0.236544,-0.216878,0.613851,0.061985,-1.258785,-0.756752,0.506270,0.390139,-0.240895,-0.642198
-0.078773,0.063329,0.763846,0.009626,-0.044199,0.944772,0.324590,-0.219589,0.126669,0.174046,0.752197,-0.620174,0.102594,-0.648400,-0.230762,0.016848,1.100609,-0.229052,0.162499,-0.294315,0.096950,0.089514,-0.417485,1.288926,0.392279,0.599890,-0.222415,-0.215716,0.611383,0.092595,-1.271529,-0.791104,0.507354,0.384046,-0.238921,-0.633425
-0.082783,0.070828,0.764038,0.011248,-0.042709,0.945431,0.322815,-0.197801,0.124064,0.169896,0.736043,-0.609087,0.090398,-0.613800,-0.225446,0.036463,1.021255,-0.207577,0.175056,-0.291529,0.092202,0.084637,-0.421912,1.286943,0.384899,0.599332,-0.208739,-0.217184,0.607857,0.129132,-1.274104,-0.825333,0.505177,0.381647,-0.240905,-0.622979
-0.087543,0.079405,0.764019,0.014651,-0.040367,0.946075,0.321089,-0.169638,0.118609,0.165916,0.717294,-0.595357,0.078133,-0.570987,-0.222678,0.058275,0.944252,-0.188969,0.185985,-0.286068,0.083897,0.080610,-0.420656,1.282099,0.377235,0.598735,-0.193461,-0.218883,0.602451,0.168184,-1.270745,-0.857686,0.500528,0.378485,-0.243365,-0.611627
-0.092346,0.088584,0.763455,0.019637,-0.037043,0.946658,0.319500,-0.138911,0.111286,0.162188,0.699100,-0.581066,0.066108,-0.523851,-0.223007,0.080881,0.874005,-0.176152,0.194958,-0.277633,0.073342,0.076696,-0.413335,1.274920,0.370166,0.599733,-0.175439,-0.218904,0.593742,0.205721,-1.261632,-0.885530,0.495211,0.376212,-0.245291,-0.597806
-0.096417,0.098375,0.762180,0.024318,-0.033521,0.947231,0.317866,-0.111153,0.105094,0.157667,0.685625,-0.569644,0.055060,-0.478852,-0.224764,0.101382,0.814833,-0.170995,0.201468,-0.268019,0.063412,0.072149,-0.403518,1.269938,0.364840,0.601686,-0.156670,-0.217140,0.584435,0.237859,-1.252858,-0.908889,0.491128,0.374164,-0.246158,-0.584528
-0.099212,0.108725,0.760268,0.028443,-0.030001,0.947693,0.316496,-0.089599,0.102671,0.153885,0.679365,-0.562777,0.046207,-0.440050,-0.227227,0.116167,0.767889,-0.176929,0.204768,-0.258056,0.055393,0.066781,-0.393537,1.268210,0.362226,0.604212,-0.138891,-0.213387,0.576319,0.263307,-1.247335,-0.927869,0.488921,0.371062,-0.245691,-0.572627
-0.100024,0.118774,0.757886,0.031762,-0.026685,0.947952,0.315698,-0.075855,0.105643,0.152930,0.681874,-0.561458,0.040592,-0.409898,-0.229631,0.123039,0.734159,-0.194364,0.205314,-0.248476,0.049671,0.060592,-0.383870,1.269490,0.362145,0.606283,-0.122389,-0.207529,0.569923,0.281990,-1.245372,-0.941995,0.488064,0.365763,-0.242999,-0.562066
-0.098183,0.127102,0.755234,0.034490,-0.024849,0.947758,0.316146,-0.070606,0.114257,0.154552,0.693744,-0.566816,0.038442,-0.390152,-0.230089,0.122655,0.715619,-0.217883,0.205212,-0.240675,0.046929,0.053810,-0.375037,1.275096,0.363110,0.606208,-0.106748,-0.200291,0.565695,0.293298,-1.247426,-0.950866,0.487838,0.358047,-0.237052,-0.553990
-0.095049,0.134120,0.752850,0.036634,-0.023946,0.947294,0.317362,-0.069986,0.126029,0.157381,0.709826,-0.576477,0.039154,-0.377483,-0.228614,0.116999,0.706605,-0.244399,0.205133,-0.233427,0.046720,0.048407,-0.369815,1.282447,0.364318,0.606908,-0.093185,-0.192973,0.563423,0.297197,-1.251653,-0.955410,0.488804,0.350604,-0.230454,-0.546349
-0.091493,0.139408,0.751041,0.038066,-0.024228,0.946667,0.319037,-0.072785,0.140051,0.160010,0.727320,-0.589361,0.041827,-0.371599,-0.224525,0.107653,0.705258,-0.267672,0.205684,-0.228106,0.049912,0.045900,-0.370020,1.292209,0.363785,0.608238,-0.080317,-0.185812,0.561203,0.293746,-1.258572,-0.955771,0.491246,0.342442,-0.223477,-0.539524
-0.087841,0.142462,0.749894,0.038655,-0.025945,0.945981,0.320861,-0.078565,0.155514,0.161835,0.744608,-0.604370,0.044915,-0.372685,-0.217763,0.096784,0.710761,-0.282470,0.207969,-0.226037,0.056603,0.046501,-0.375061,1.305574,0.360306,0.608771,-0.066150,-0.178511,0.556652,0.284178,-1.268706,-0.952238,0.494889,0.332093,-0.215426,-0.534467
-0.084679,0.143937,0.749431,0.038322,-0.028485,0.945385,0.322441,-0.084683,0.169747,0.162935,0.758415,-0.618973,0.046448,-0.377681,-0.210252,0.087737,0.718899,-0.289033,0.212985,-0.225707,0.064480,0.049241,-0.382703,1.320537,0.354940,0.609026,-0.051116,-0.171511,0.548806,0.271496,-1.279966,-0.946197,0.498953,0.321492,-0.207372,-0.529977
-0.082829,0.144476,0.749498,0.037187,-0.030788,0.945049,0.323345,-0.090105,0.181176,0.162273,0.767000,-0.633564,0.046285,-0.384889,-0.203271,0.082081,0.728504,-0.288542,0.219509,-0.227537,0.072650,0.052751,-0.392636,1.336108,0.347684,0.608094,-0.036951,-0.166543,0.539403,0.258358,-1.291553,-0.938116,0.501589,0.311420,-0.200398,-0.525924
-0.081907,0.145749,0.749840,0.035541,-0.032275,0.944898,0.323825,-0.094289,0.190419,0.161618,0.771318,-0.646395,0.043979,-0.392743,-0.197904,0.078259,0.738792,-0.290135,0.224362,-0.230634,0.079191,0.055203,-0.403519,1.350444,0.340451,0.604848,-0.025422,-0.164250,0.532536,0.247581,-1.302593,-0.929369,0.500369,0.301651,-0.195800,-0.522905
-0.081166,0.148844,0.750125,0.033675,-0.032363,0.944859,0.324131,-0.096727,0.198345,0.162386,0.773399,-0.656826,0.040220,-0.400440,-0.194500,0.075049,0.750607,-0.301004,0.225799,-0.233796,0.082311,0.055507,-0.412714,1.362276,0.334871,0.598510,-0.017417,-0.164246,0.529825,0.241146,-1.312187,-0.922225,0.494353,0.292406,-0.193793,-0.521010
-0.080483,0.153040,0.750002,0.032627,-0.031049,0.944894,0.324264,-0.097064,0.204592,0.162614,0.774657,-0.668017,0.037608,-0.408385,-0.192103,0.074070,0.766731,-0.318176,0.225137,-0.236859,0.082063,0.054063,-0.418149,1.371480,0.330276,0.589257,-0.012972,-0.165935,0.528671,0.238796,-1.319778,-0.918353,0.484845,0.285438,-0.193174,-0.519649
-0.079428,0.158194,0.749270,0.032434,-0.029237,0.944836,0.324620,-0.095442,0.209855,0.161535,0.776331,-0.679777,0.036339,-0.415961,-0.189244,0.075435,0.785964,-0.341203,0.221676,-0.238351,0.079253,0.051183,-0.421488,1.374532,0.327405,0.579705,-0.012935,-0.168552,0.531224,0.237749,-1.324636,-0.916389,0.472026,0.283074,-0.194533,-0.520064
-0.077898,0.164424,0.748092,0.033095,-0.027061,0.944753,0.324984,-0.091615,0.215276,0.160444,0.778000,-0.690348,0.036252,-0.422151,-0.186394,0.076716,0.807375,-0.368866,0.215300,-0.238295,0.074539,0.047891,-0.422435,1.370688,0.326984,0.572766,-0.016290,-0.171349,0.536936,0.236857,-1.327721,-0.916125,0.459506,0.284495,-0.196794,-0.521264
-0.076331,0.171421,0.746306,0.034606,-0.024658,0.944711,0.325140,-0.084910,0.220873,0.159725,0.779211,-0.698215,0.036708,-0.426072,-0.183772,0.077454,0.830717,-0.397788,0.206791,-0.237014,0.068197,0.045168,-0.419783,1.359319,0.328984,0.569891,-0.023579,-0.174120,0.544453,0.235606,-1.329095,-0.916889,0.450332,0.289700,-0.198949,-0.523017
-0.075481,0.178346,0.743308,0.037764,-0.022427,0.944491,0.325589,-0.074247,0.224854,0.157833,0.779867,-0.701658,0.036325,-0.426709,-0.180435,0.081086,0.854737,-0.423835,0.196543,-0.233898,0.060090,0.043134,-0.413098,1.337581,0.333165,0.571669,-0.039146,-0.177198,0.553308,0.232829,-1.326409,-0.916101,0.443758,0.301952,-0.201931,-0.526790
-0.075690,0.185173,0.739977,0.042223,-0.019509,0.944331,0.325691,-0.057756,0.226016,0.157763,0.775423,-0.694583,0.034901,-0.421472,-0.180122,0.086127,0.875452,-0.446578,0.182705,-0.230135,0.049651,0.041714,-0.399340,1.307786,0.341317,0.582364,-0.064482,-0.180014,0.556254,0.229698,-1.320239,-0.914037,0.442094,0.319575,-0.205470,-0.526107
-0.076477,0.192621,0.737252,0.047641,-0.015847,0.944293,0.325254,-0.036431,0.227264,0.163301,0.765860,-0.674895,0.032912,-0.409941,-0.183665,0.089561,0.890586,-0.467235,0.165169,-0.227286,0.037002,0.039642,-0.378882,1.273790,0.354582,0.600685,-0.098342,-0.182482,0.553697,0.227102,-1.312518,-0.911701,0.445387,0.340149,-0.209486,-0.521138
-0.077234,0.201224,0.735764,0.053674,-0.011384,0.944435,0.324087,-0.013312,0.230776,0.175385,0.754983,-0.644422,0.031091,-0.393000,-0.189460,0.089890,0.899451,-0.486687,0.145042,-0.226219,0.022849,0.035993,-0.353736,1.239581,0.372473,0.622594,-0.137848,-0.185011,0.546780,0.226094,-1.304544,-0.909591,0.451514,0.361714,-0.213885,-0.512225
-0.077488,0.210885,0.735846,0.060104,-0.006611,0.944722,0.322249,0.007451,0.235045,0.190606,0.748988,-0.606401,0.030040,-0.371068,-0.195354,0.087485,0.901207,-0.505098,0.123192,-0.226573,0.008553,0.031547,-0.325566,1.209360,0.393498,0.645504,-0.177952,-0.188016,0.531607,0.228165,-1.296581,-0.907998,0.458439,0.382134,-0.218187,-0.494291
-0.075409,0.222142,0.737270,0.066052,-0.002997,0.944946,0.320478,0.017806,0.243821,0.204098,0.762223,-0.566100,0.029693,-0.345087,-0.195666,0.080190,0.894415,-0.524464,0.101359,-0.227018,-0.002487,0.027183,-0.300465,1.187950,0.417410,0.663718,-0.207502,-0.191697,0.516407,0.232358,-1.290721,-0.909360,0.465560,0.397879,-0.222480,-0.473800
-0.070861,0.235509,0.739803,0.070374,-0.000912,0.945239,0.318700,0.010855,0.260348,0.211768,0.803377,-0.529280,0.029413,-0.318099,-0.187320,0.065429,0.879806,-0.546143,0.081522,-0.227537,-0.008193,0.023880,-0.279637,1.179223,0.443696,0.674094,-0.216881,-0.195094,0.503985,0.241656,-1.287831,-0.917206,0.475930,0.402829,-0.224615,-0.453538
-0.064638,0.250652,0.743184,0.071930,-0.000725,0.945746,0.316845,-0.019413,0.284561,0.207278,0.874249,-0.502325,0.029535,-0.294850,-0.168889,0.043414,0.860248,-0.567445,0.065489,-0.227091,-0.007566,0.021669,-0.266368,1.184609,0.467568,0.674122,-0.202145,-0.196790,0.496989,0.257263,-1.287334,-0.931305,0.492702,0.397777,-0.223415,-0.437550
-0.057236,0.266134,0.746991,0.068137,-0.003570,0.946087,0.316644,-0.076646,0.312759,0.183713,0.969913,-0.490510,0.031765,-0.279856,-0.140054,0.017974,0.839213,-0.582261,0.054343,-0.222535,-0.000315,0.019425,-0.270365,1.202358,0.480368,0.661246,-0.166774,-0.196043,0.502614,0.273658,-1.288127,-0.946189,0.515653,0.395047,-0.221460,-0.434382
-0.050222,0.280515,0.750820,0.061319,-0.006859,0.946403,0.317041,-0.152296,0.339593,0.149182,1.070436,-0.491174,0.035934,-0.274123,-0.108331,-0.008630,0.818824,-0.590823,0.047565,-0.214617,0.010439,0.017550,-0.290642,1.228719,0.481307,0.641888,-0.120940,-0.193103,0.513557,0.287709,-1.289238,-0.960505,0.543690,0.401332,-0.220755,-0.436794
-0.043715,0.293206,0.753571,0.051996,-0.010044,0.946691,0.317760,-0.238384,0.363233,0.108192,1.156715,-0.502992,0.043406,-0.278198,-0.077920,-0.035364,0.801355,-0.591725,0.046456,-0.203789,0.022293,0.015324,-0.329356,1.260993,0.466964,0.619554,-0.071184,-0.187293,0.529405,0.297409,-1.292269,-0.972200,0.576343,0.416886,-0.222468,-0.443887
-0.037758,0.304298,0.754883,0.040691,-0.012578,0.946956,0.318527,-0.324973,0.384855,0.066077,1.202294,-0.520644,0.052630,-0.290458,-0.051480,-0.060958,0.787058,-0.583912,0.050993,-0.191058,0.033109,0.011355,-0.390660,1.295593,0.432481,0.597910,-0.023654,-0.177468,0.550742,0.301825,-1.298866,-0.978636,0.611700,0.439430,-0.226138,-0.455317
-0.033530,0.314032,0.756045,0.028383,-0.012433,0.947912,0.317022,-0.397835,0.405500,0.034797,1.174175,-0.530499,0.056589,-0.305483,-0.033101,-0.083582,0.772566,-0.569749,0.057405,-0.179276,0.040480,0.005181,-0.475380,1.326855,0.375866,0.584544,0.012997,-0.163784,0.570396,0.301400,-1.308662,-0.978755,0.645647,0.466840,-0.229988,-0.463256
-0.030366,0.322341,0.757571,0.016844,-0.011399,0.949401,0.313406,-0.452386,0.423063,0.018135,1.077351,-0.524051,0.052603,-0.318084,-0.021056,-0.103612,0.754693,-0.549979,0.063978,-0.169955,0.045344,-0.001954,-0.582010,1.352319,0.297258,0.580914,0.038194,-0.149673,0.586536,0.297337,-1.322657,-0.974010,0.677258,0.494042,-0.234240,-0.468019
-0.028073,0.329347,0.759484,0.006063,-0.009624,0.951385,0.307794,-0.489658,0.438187,0.020138,0.937636,-0.500280,0.040783,-0.327127,-0.014346,-0.122425,0.733565,-0.527051,0.070163,-0.164548,0.046739,-0.008207,-0.698678,1.371344,0.205839,0.587017,0.051743,-0.138437,0.595295,0.295035,-1.336829,-0.966925,0.707285,0.514031,-0.236084,-0.467059
-0.026409,0.335198,0.761597,-0.003968,-0.007254,0.953811,0.300292,-0.515127,0.451603,0.039487,0.788328,-0.463945,0.023456,-0.333817,-0.012527,-0.140965,0.711291,-0.503559,0.075639,-0.162853,0.043953,-0.012744,-0.810658,1.384261,0.113522,0.600159,0.055014,-0.131275,0.595902,0.298036,-1.346510,-0.958942,0.734948,0.525698,-0.233866,-0.459520
-0.024511,0.339712,0.763663,-0.011902,-0.004349,0.956156,0.292585,-0.536483,0.460611,0.066284,0.662402,-0.423601,0.005479,-0.339211,-0.014190,-0.158528,0.690161,-0.480595,0.080118,-0.162112,0.038565,-0.015955,-0.908344,1.391417,0.028864,0.614327,0.052182,-0.127699,0.593896,0.303469,-1.350625,-0.949542,0.756762,0.536552,-0.230649,-0.450034
-0.023088,0.342349,0.765408,-0.018270,-0.001132,0.957882,0.286577,-0.555483,0.462603,0.098430,0.588764,-0.391279,-0.005801,-0.345042,-0.019479,-0.172426,0.673697,-0.461017,0.084348,-0.160658,0.028981,-0.016362,-0.981305,1.391412,-0.036373,0.627399,0.042637,-0.129275,0.587234,0.310231,-1.345199,-0.938881,0.771227,0.547663,-0.227120,-0.434897
-0.021570,0.343336,0.766364,-0.022886,0.002082,0.958899,0.282816,-0.575308,0.456727,0.126897,0.585458,-0.376951,-0.005708,-0.352703,-0.026547,-0.182189,0.664944,-0.446206,0.090147,-0.155930,0.016115,-0.013832,-1.025721,1.385569,-0.079411,0.636928,0.030729,-0.134537,0.577441,0.316806,-1.330687,-0.927696,0.778965,0.557806,-0.224556,-0.414952
-0.019721,0.343241,0.766165,-0.025561,0.004978,0.959106,0.281845,-0.595718,0.443555,0.143959,0.646945,-0.383237,0.003454,-0.361976,-0.033006,-0.187611,0.665539,-0.436996,0.098121,-0.146276,0.002260,-0.008650,-1.044051,1.376654,-0.103595,0.642772,0.021273,-0.140430,0.568168,0.321560,-1.309832,-0.918069,0.781254,0.568950,-0.224063,-0.394011
-0.018967,0.341968,0.764844,-0.025339,0.005998,0.958578,0.283637,-0.608259,0.422769,0.152680,0.742536,-0.404722,0.013298,-0.370981,-0.038196,-0.186985,0.675970,-0.434504,0.106085,-0.132488,-0.010838,0.000147,-1.042221,1.365307,-0.112499,0.649298,0.011690,-0.145943,0.559896,0.323281,-1.284451,-0.913024,0.778201,0.588031,-0.226027,-0.373544
-0.018651,0.338209,0.762545,-0.022192,0.004712,0.957607,0.287183,-0.605102,0.389170,0.155119,0.846850,-0.437220,0.020899,-0.378953,-0.042071,-0.181771,0.697366,-0.436811,0.111514,-0.114840,-0.019017,0.013633,-1.028849,1.348124,-0.112064,0.658983,-0.007366,-0.153542,0.550159,0.319596,-1.259295,-0.912606,0.767771,0.619812,-0.233769,-0.354786
-0.018705,0.332255,0.758574,-0.016386,0.001280,0.956315,0.291877,-0.585561,0.345194,0.156127,0.943314,-0.474442,0.024573,-0.384628,-0.045064,-0.174357,0.728401,-0.444572,0.113520,-0.095982,-0.021865,0.032518,-1.008399,1.327835,-0.102885,0.671130,-0.039010,-0.165247,0.538465,0.313227,-1.236465,-0.916678,0.751509,0.661057,-0.246391,-0.340014
-0.019322,0.324930,0.752752,-0.008184,-0.004140,0.954800,0.297107,-0.551967,0.296121,0.158234,1.017345,-0.509880,0.023340,-0.386862,-0.047402,-0.166001,0.765588,-0.458395,0.111964,-0.078955,-0.019723,0.055900,-0.982437,1.308078,-0.083904,0.684217,-0.080561,-0.179782,0.524865,0.306366,-1.217647,-0.925048,0.730772,0.705983,-0.261724,-0.331213
-0.019988,0.316324,0.746521,0.002711,-0.011398,0.952967,0.302847,-0.505702,0.243891,0.158322,1.054314,-0.540996,0.019225,-0.386067,-0.048867,-0.156199,0.805251,-0.475385,0.106816,-0.065113,-0.011262,0.080960,-0.953223,1.288063,-0.057388,0.697805,-0.127762,-0.192901,0.508157,0.296322,-1.206543,-0.936516,0.704164,0.750464,-0.279418,-0.328274
-0.020446,0.307821,0.741223,0.013619,-0.018028,0.951115,0.308009,-0.453055,0.195008,0.157989,1.055182,-0.571886,0.020321,-0.384774,-0.050182,-0.144818,0.845525,-0.492367,0.100571,-0.056848,-0.001043,0.105562,-0.924328,1.271991,-0.025535,0.710443,-0.174336,-0.203432,0.489490,0.285592,-1.203671,-0.948675,0.676669,0.783794,-0.294580,-0.329027
-0.021206,0.300476,0.737760,0.023445,-0.023649,0.949497,0.312003,-0.401764,0.155298,0.159362,1.029038,-0.605546,0.030333,-0.384668,-0.052566,-0.133505,0.883894,-0.506530,0.095934,-0.055910,0.007859,0.126985,-0.897277,1.263396,0.006247,0.720127,-0.213018,-0.209894,0.471263,0.276396,-1.207634,-0.960494,0.652792,0.799615,-0.304994,-0.334736
-0.023104,0.294948,0.736516,0.031100,-0.027884,0.948419,0.314256,-0.357998,0.126295,0.162388,0.988965,-0.641493,0.047619,-0.385725,-0.056370,-0.123882,0.916752,-0.517012,0.094824,-0.061394,0.013981,0.143598,-0.872127,1.263134,0.033319,0.726377,-0.239212,-0.211370,0.456202,0.269938,-1.215071,-0.971689,0.635032,0.799362,-0.311066,-0.346667
-0.026477,0.291653,0.737422,0.034231,-0.029926,0.948138,0.314589,-0.324017,0.105238,0.165410,0.947646,-0.676727,0.068254,-0.386779,-0.060799,-0.116286,0.940664,-0.524979,0.097669,-0.069654,0.016129,0.156260,-0.849314,1.269003,0.055603,0.731210,-0.254556,-0.209114,0.446061,0.266875,-1.221647,-0.981439,0.624050,0.789970,-0.313460,-0.361921
-0.030479,0.289866,0.740267,0.035151,-0.030792,0.948240,0.314097,-0.297169,0.090899,0.170248,0.908484,-0.708343,0.088420,-0.387065,-0.066597,-0.112527,0.954859,-0.529407,0.102234,-0.078648,0.016251,0.165855,-0.830207,1.275323,0.073355,0.736045,-0.266542,-0.204898,0.439408,0.265381,-1.226801,-0.988879,0.617068,0.776645,-0.313294,-0.376897
-0.034658,0.289603,0.744638,0.034117,-0.030704,0.948626,0.313053,-0.278077,0.083233,0.176605,0.875017,-0.730029,0.103690,-0.384728,-0.073036,-0.113468,0.956721,-0.531209,0.107859,-0.086980,0.014846,0.172385,-0.814862,1.280782,0.086798,0.740586,-0.276040,-0.200465,0.436164,0.266580,-1.229323,-0.993465,0.613898,0.761496,-0.310915,-0.391398
-0.038606,0.290752,0.749948,0.031382,-0.029885,0.949184,0.311724,-0.266672,0.080668,0.181919,0.848101,-0.736119,0.111011,-0.378105,-0.078373,-0.118760,0.944011,-0.530815,0.114559,-0.092982,0.012512,0.176240,-0.803521,1.284866,0.095805,0.744339,-0.280392,-0.196477,0.436119,0.270872,-1.228797,-0.994478,0.614792,0.744293,-0.306395,-0.405619
-0.041315,0.292152,0.755319,0.028220,-0.029223,0.949457,0.311258,-0.258193,0.079366,0.183808,0.822888,-0.726849,0.110810,-0.367414,-0.081355,-0.127175,0.918423,-0.525993,0.121243,-0.094970,0.011563,0.178816,-0.797659,1.284320,0.100087,0.747682,-0.279591,-0.192378,0.437107,0.274607,-1.227580,-0.991059,0.617472,0.724596,-0.300291,-0.416875
-0.041969,0.293374,0.759250,0.025939,-0.028760,0.949563,0.311174,-0.251134,0.078606,0.182455,0.798238,-0.707939,0.106146,-0.354309,-0.081510,-0.136135,0.884992,-0.517020,0.127160,-0.093566,0.011596,0.179886,-0.796360,1.280756,0.100753,0.749661,-0.274027,-0.188839,0.438587,0.276749,-1.227624,-0.984213,0.620666,0.705092,-0.293301,-0.422847
-0.040922,0.294237,0.761831,0.024566,-0.028526,0.949561,0.311315,-0.244498,0.078760,0.180486,0.774687,-0.684651,0.099363,-0.340330,-0.079917,-0.144766,0.849436,-0.504779,0.131904,-0.089938,0.012149,0.179715,-0.797880,1.276545,0.098618,0.749702,-0.265237,-0.186031,0.440597,0.277741,-1.229551,-0.976052,0.624524,0.686878,-0.286256,-0.425660
-0.039188,0.294617,0.763850,0.024128,-0.028549,0.949504,0.311522,-0.237655,0.079643,0.179804,0.753354,-0.660903,0.092263,-0.326586,-0.078033,-0.152960,0.816104,-0.490885,0.135557,-0.084731,0.012965,0.179109,-0.800778,1.272999,0.094605,0.747979,-0.255890,-0.183797,0.443068,0.278196,-1.232775,-0.968362,0.629395,0.670898,-0.280083,-0.427889
-0.037498,0.294506,0.765411,0.024656,-0.028857,0.949319,0.312015,-0.230940,0.080161,0.179594,0.735512,-0.639725,0.086687,-0.313914,-0.076434,-0.159791,0.787282,-0.477831,0.138379,-0.078092,0.013666,0.178679,-0.804172,1.270429,0.090217,0.745173,-0.248744,-0.182211,0.445507,0.278303,-1.236436,-0.961770,0.634669,0.659665,-0.275561,-0.428607
-0.035877,0.294134,0.766504,0.025773,-0.029133,0.949145,0.312428,-0.224647,0.080053,0.179733,0.721960,-0.622000,0.082747,-0.302977,-0.075319,-0.164549,0.764955,-0.466822,0.139461,-0.071108,0.014745,0.178568,-0.806793,1.269416,0.086033,0.742354,-0.244328,-0.180943,0.447054,0.278410,-1.241132,-0.956734,0.639164,0.653286,-0.272660,-0.427375
-0.034488,0.293687,0.767063,0.027292,-0.029329,0.948939,0.312904,-0.219358,0.079468,0.180266,0.713453,-0.609004,0.080400,-0.294682,-0.074806,-0.166956,0.750284,-0.459248,0.139534,-0.064276,0.015670,0.178100,-0.807306,1.270230,0.082862,0.740115,-0.241172,-0.180022,0.448289,0.279181,-1.245810,-0.953275,0.642248,0.650669,-0.271089,-0.424740
-0.033495,0.293268,0.767131,0.029024,-0.029398,0.948661,0.313586,-0.215365,0.078495,0.180723,0.709798,-0.601168,0.079988,-0.289117,-0.074799,-0.167240,0.742703,-0.455601,0.139724,-0.057813,0.015814,0.176970,-0.805268,1.272763,0.081074,0.738031,-0.236850,-0.179418,0.450725,0.281452,-1.249296,-0.950987,0.644434,0.648215,-0.270073,-0.422167
-0.032926,0.292879,0.766938,0.030864,-0.029509,0.948445,0.314053,-0.212166,0.076918,0.180351,0.709405,-0.597270,0.081980,-0.285076,-0.075038,-0.165841,0.740113,-0.454870,0.139711,-0.052198,0.015622,0.175636,-0.801294,1.276146,0.080236,0.735224,-0.229628,-0.178581,0.455447,0.285519,-1.251752,-0.949223,0.646937,0.641412,-0.268660,-0.421063
-0.033455,0.292287,0.766571,0.032566,-0.029722,0.948217,0.314549,-0.209149,0.074442,0.180067,0.711254,-0.598092,0.086182,-0.282304,-0.075866,-0.162496,0.741777,-0.457535,0.138855,-0.047316,0.015353,0.172696,-0.794992,1.277352,0.081169,0.732834,-0.220727,-0.177152,0.462191,0.289651,-1.251502,-0.947347,0.649532,0.634714,-0.267753,-0.420283
-0.034593,0.291601,0.766166,0.034316,-0.030005,0.947970,0.315080,-0.205872,0.071697,0.180450,0.714806,-0.602740,0.092237,-0.280776,-0.077175,-0.157984,0.748165,-0.462430,0.137559,-0.042785,0.014768,0.168319,-0.786526,1.275077,0.083517,0.731022,-0.211752,-0.175231,0.469781,0.293618,-1.248245,-0.945095,0.651956,0.628504,-0.267022,-0.419733
-0.035883,0.290920,0.765870,0.036300,-0.030324,0.947695,0.315652,-0.201843,0.068944,0.181875,0.718772,-0.609910,0.099888,-0.281138,-0.079345,-0.153554,0.760811,-0.468087,0.136016,-0.038714,0.013497,0.163583,-0.776407,1.269404,0.087353,0.729366,-0.203441,-0.172659,0.477881,0.297495,-1.242709,-0.942118,0.654794,0.621263,-0.265291,-0.419357
-0.038141,0.289934,0.765763,0.038083,-0.030531,0.947387,0.316347,-0.196163,0.064850,0.184855,0.720490,-0.619622,0.108868,-0.284824,-0.083611,-0.149151,0.781827,-0.472455,0.134056,-0.036239,0.011218,0.158963,-0.765054,1.260125,0.094142,0.728137,-0.196121,-0.169142,0.487290,0.299688,-1.235501,-0.937384,0.658968,0.614940,-0.262297,-0.417546
-0.041684,0.288432,0.765893,0.039940,-0.030598,0.947226,0.316593,-0.187460,0.057830,0.188646,0.717792,-0.630772,0.118347,-0.292331,-0.089311,-0.141661,0.812503,-0.465789,0.135332,-0.037039,0.006905,0.155218,-0.753461,1.246761,0.102433,0.727866,-0.191886,-0.166783,0.496206,0.298436,-1.227791,-0.929216,0.663055,0.611083,-0.259615,-0.413289
-0.045716,0.286362,0.766218,0.041944,-0.030535,0.947070,0.316807,-0.176506,0.048231,0.192011,0.710837,-0.641873,0.128182,-0.306411,-0.096105,-0.129311,0.854791,-0.447651,0.139603,-0.041948,-0.000855,0.153247,-0.739635,1.232904,0.112269,0.728164,-0.187634,-0.165393,0.506123,0.295483,-1.219958,-0.917302,0.666518,0.606949,-0.257634,-0.408648
-0.048812,0.283863,0.766670,0.044165,-0.030354,0.946774,0.317407,-0.165538,0.038018,0.194433,0.701489,-0.650578,0.137654,-0.330127,-0.104347,-0.112836,0.908210,-0.424022,0.143949,-0.051073,-0.012327,0.153159,-0.722092,1.223034,0.124339,0.727433,-0.179510,-0.164049,0.518637,0.293220,-1.212610,-0.903092,0.668885,0.597360,-0.255591,-0.407379
-0.050016,0.281268,0.767218,0.046498,-0.030016,0.946300,0.318517,-0.156607,0.029301,0.196338,0.691687,-0.654102,0.144781,-0.363679,-0.114158,-0.094435,0.967051,-0.399188,0.146597,-0.064222,-0.025691,0.153810,-0.702980,1.218315,0.137913,0.724081,-0.167838,-0.163208,0.531441,0.291391,-1.207065,-0.888920,0.668706,0.579346,-0.252901,-0.411708
-0.050131,0.279004,0.767772,0.047984,-0.029787,0.945909,0.319478,-0.151077,0.022817,0.196946,0.682202,-0.652745,0.149239,-0.403925,-0.123963,-0.075320,1.023207,-0.376309,0.147351,-0.080545,-0.038660,0.154153,-0.683450,1.217890,0.151657,0.719784,-0.151906,-0.161818,0.542058,0.289378,-1.202376,-0.876011,0.666089,0.557072,-0.250159,-0.419201
-0.048774,0.277222,0.768186,0.048843,-0.029868,0.945579,0.320317,-0.150259,0.020427,0.196530,0.676484,-0.645818,0.149880,-0.446983,-0.133050,-0.058576,1.068707,-0.358023,0.147139,-0.098423,-0.049268,0.153819,-0.665275,1.222032,0.163841,0.713546,-0.132889,-0.159723,0.549564,0.287739,-1.198271,-0.866584,0.660307,0.533711,-0.247997,-0.429074
-0.045337,0.275992,0.768325,0.049295,-0.030459,0.945284,0.321062,-0.155055,0.023994,0.195814,0.677378,-0.633164,0.145712,-0.490112,-0.141343,-0.047687,1.097421,-0.344507,0.146806,-0.116112,-0.055336,0.152417,-0.650253,1.231961,0.173485,0.704275,-0.110986,-0.155809,0.552417,0.286754,-1.196260,-0.861881,0.651426,0.509587,-0.244862,-0.440130
-0.040820,0.275431,0.768080,0.048370,-0.032013,0.944950,0.322034,-0.165019,0.033308,0.195224,0.684076,-0.617841,0.137377,-0.531895,-0.148500,-0.043998,1.106811,-0.331562,0.147390,-0.132438,-0.054784,0.149263,-0.639314,1.248116,0.180679,0.693713,-0.084557,-0.147891,0.547402,0.285036,-1.198558,-0.860458,0.641348,0.484817,-0.237740,-0.448146
-0.037366,0.275234,0.767257,0.046650,-0.034144,0.944698,0.322806,-0.177469,0.045913,0.196526,0.696776,-0.605176,0.126094,-0.569683,-0.154476,-0.046398,1.100158,-0.312353,0.153579,-0.146862,-0.048779,0.145221,-0.633285,1.268538,0.184214,0.681687,-0.058901,-0.140174,0.534838,0.281394,-1.204453,-0.861302,0.629695,0.464456,-0.229775,-0.450983
-0.035304,0.275195,0.765748,0.044334,-0.036880,0.944398,0.323707,-0.191504,0.060842,0.199288,0.715861,-0.598556,0.114497,-0.603522,-0.160285,-0.052368,1.084133,-0.289029,0.164441,-0.158565,-0.039055,0.141921,-0.629129,1.293606,0.184630,0.668918,-0.033930,-0.133338,0.520566,0.277832,-1.213144,-0.863774,0.618754,0.447417,-0.221971,-0.452057
-0.034000,0.275113,0.763609,0.041625,-0.040251,0.943919,0.325061,-0.207054,0.077844,0.202721,0.740639,-0.599144,0.104590,-0.634936,-0.167330,-0.059958,1.065786,-0.267529,0.175779,-0.167107,-0.027140,0.140119,-0.623972,1.323186,0.183304,0.656113,-0.008903,-0.127412,0.509452,0.276400,-1.224114,-0.867422,0.610769,0.430496,-0.214201,-0.455402
-0.033381,0.274793,0.761067,0.038816,-0.044081,0.943330,0.326618,-0.222893,0.095586,0.207321,0.768468,-0.606822,0.096453,-0.663722,-0.176454,-0.068137,1.049906,-0.249879,0.185411,-0.172962,-0.014522,0.139011,-0.618498,1.353484,0.180882,0.643713,0.012091,-0.125307,0.500594,0.276541,-1.236455,-0.871847,0.605249,0.414072,-0.207826,-0.460705
-0.033192,0.274861,0.758437,0.036158,-0.047554,0.942940,0.327561,-0.237457,0.112141,0.210847,0.795181,-0.620088,0.091287,-0.686050,-0.187809,-0.072807,1.037850,-0.237436,0.193000,-0.176297,-0.002669,0.138312,-0.611256,1.381117,0.178355,0.636500,0.030112,-0.124932,0.494294,0.279387,-1.248651,-0.876673,0.603985,0.396584,-0.202158,-0.466397
-0.033225,0.276110,0.756000,0.033873,-0.050444,0.942848,0.327636,-0.249807,0.126341,0.211424,0.819808,-0.635667,0.088041,-0.699598,-0.201369,-0.069645,1.030356,-0.231050,0.199076,-0.177670,0.007327,0.137687,-0.601170,1.404747,0.177042,0.634893,0.043802,-0.125104,0.491150,0.285435,-1.258985,-0.883065,0.607108,0.379847,-0.197091,-0.471610
-0.033200,0.279339,0.753960,0.032182,-0.052526,0.943157,0.326590,-0.259167,0.137758,0.207443,0.841859,-0.650338,0.085150,-0.703082,-0.215419,-0.055790,1.025965,-0.229900,0.204416,-0.177876,0.015281,0.136752,-0.587773,1.424530,0.178131,0.637988,0.053050,-0.124821,0.489905,0.294826,-1.267339,-0.891491,0.613666,0.365524,-0.192003,-0.474128
-0.033012,0.285222,0.752405,0.031602,-0.052919,0.944237,0.323445,-0.264049,0.145737,0.197455,0.858514,-0.662819,0.082866,-0.694446,-0.226500,-0.030327,1.019861,-0.231283,0.210162,-0.177656,0.021559,0.135588,-0.570969,1.440423,0.182279,0.647533,0.061635,-0.122362,0.487167,0.307625,-1.275187,-0.900649,0.623107,0.353345,-0.185891,-0.469848
-0.033987,0.293674,0.751202,0.032042,-0.051851,0.945799,0.318981,-0.262061,0.148033,0.183313,0.869019,-0.673404,0.081517,-0.672101,-0.234423,0.006218,1.008378,-0.233451,0.218821,-0.177905,0.024739,0.135462,-0.552211,1.450138,0.189656,0.662021,0.066365,-0.120709,0.481900,0.321432,-1.280575,-0.912226,0.633942,0.351112,-0.183424,-0.459133
-0.036149,0.303874,0.750161,0.033512,-0.049784,0.947627,0.313691,-0.253153,0.145372,0.166775,0.874282,-0.681835,0.081295,-0.638227,-0.238883,0.049744,0.990924,-0.233887,0.230055,-0.178412,0.024453,0.136958,-0.531331,1.453682,0.199627,0.678522,0.068024,-0.120491,0.474641,0.335503,-1.283422,-0.925448,0.645476,0.357747,-0.184562,-0.444106
-0.038796,0.314711,0.749116,0.036018,-0.047177,0.949511,0.308067,-0.239415,0.141090,0.149640,0.876087,-0.687926,0.081014,-0.597357,-0.238450,0.093271,0.967832,-0.231304,0.241501,-0.178436,0.021706,0.139310,-0.508523,1.452356,0.211083,0.694371,0.067672,-0.121895,0.465799,0.349355,-1.284358,-0.938312,0.657023,0.368886,-0.187513,-0.427381
-0.041530,0.325269,0.747936,0.038972,-0.045242,0.950913,0.303644,-0.223763,0.138708,0.134448,0.876538,-0.692140,0.078202,-0.553838,-0.232315,0.129072,0.938537,-0.228208,0.251187,-0.177537,0.018070,0.140912,-0.486232,1.446933,0.223102,0.708355,0.062636,-0.126734,0.454891,0.361100,-1.282992,-0.950309,0.667428,0.383941,-0.192799,-0.411334
-0.043052,0.334984,0.746440,0.041930,-0.043756,0.951737,0.300874,-0.209456,0.139976,0.122759,0.878050,-0.693666,0.073191,-0.511574,-0.224914,0.151407,0.904495,-0.230325,0.258344,-0.175175,0.014986,0.141136,-0.465637,1.439584,0.235635,0.721044,0.056661,-0.132066,0.442557,0.370688,-1.281456,-0.961299,0.677439,0.394314,-0.196615,-0.396769
-0.043396,0.343620,0.744451,0.044522,-0.042656,0.952003,0.299813,-0.199293,0.146058,0.116670,0.884082,-0.693659,0.066463,-0.476228,-0.219947,0.158276,0.872498,-0.241354,0.262503,-0.171034,0.013030,0.139453,-0.447737,1.432737,0.248766,0.730550,0.050559,-0.137168,0.431979,0.378118,-1.280348,-0.971039,0.685147,0.397001,-0.197845,-0.384536
-0.042724,0.351118,0.741960,0.046383,-0.041879,0.951727,0.300516,-0.194851,0.157296,0.116802,0.896082,-0.693578,0.058980,-0.452248,-0.218235,0.150599,0.849593,-0.261541,0.263506,-0.165423,0.012460,0.135961,-0.432546,1.429034,0.262260,0.735178,0.044608,-0.142080,0.425535,0.383774,-1.280513,-0.978839,0.689523,0.391140,-0.195835,-0.374701
-0.040274,0.357468,0.739205,0.047342,-0.041401,0.950935,0.302932,-0.195858,0.172395,0.120899,0.911349,-0.693218,0.052895,-0.439747,-0.218532,0.131796,0.837576,-0.287849,0.262040,-0.159446,0.013602,0.131949,-0.418869,1.430351,0.275557,0.736393,0.041845,-0.145221,0.422176,0.388205,-1.284296,-0.983842,0.693324,0.374089,-0.188479,-0.366206
-0.037008,0.362787,0.736433,0.047769,-0.040768,0.950088,0.305597,-0.200100,0.188222,0.127459,0.926838,-0.692982,0.049677,-0.436474,-0.220631,0.109763,0.834953,-0.314379,0.260087,-0.154444,0.015724,0.128800,-0.407384,1.434009,0.288367,0.735487,0.041192,-0.147544,0.420972,0.388811,-1.289866,-0.986431,0.696464,0.353261,-0.180030,-0.359964
-0.033496,0.367326,0.733975,0.047637,-0.040097,0.949259,0.308271,-0.205903,0.203413,0.134906,0.940253,-0.692170,0.049231,-0.440088,-0.223101,0.088284,0.840302,-0.336411,0.257750,-0.150828,0.018154,0.126757,-0.397341,1.438877,0.300446,0.731954,0.042600,-0.149049,0.420450,0.385772,-1.296188,-0.985727,0.698566,0.331710,-0.171570,-0.355551
-0.029895,0.371354,0.732152,0.046918,-0.039508,0.948522,0.310716,-0.212694,0.218309,0.141635,0.950398,-0.689808,0.049727,-0.447832,-0.223521,0.068423,0.850566,-0.350924,0.254401,-0.148841,0.021090,0.125457,-0.388053,1.444808,0.311449,0.725889,0.045728,-0.149464,0.418975,0.380650,-1.303122,-0.981321,0.699922,0.309860,-0.162869,-0.352846
-0.026638,0.375069,0.731105,0.044979,-0.039611,0.948211,0.311934,-0.220350,0.233050,0.146301,0.957176,-0.685902,0.048853,-0.456056,-0.220329,0.052064,0.860057,-0.357193,0.250441,-0.149081,0.025361,0.124673,-0.380808,1.450310,0.321120,0.719470,0.047909,-0.149670,0.415969,0.373793,-1.309956,-0.975040,0.701026,0.291068,-0.156211,-0.353235
-0.024361,0.378681,0.730674,0.042597,-0.039727,0.948157,0.312417,-0.227769,0.245554,0.147908,0.961107,-0.681013,0.047434,-0.462058,-0.215379,0.040023,0.866102,-0.360437,0.246007,-0.150783,0.030261,0.123867,-0.376549,1.453361,0.330039,0.712799,0.047640,-0.150270,0.413486,0.366548,-1.315868,-0.968438,0.701014,0.278386,-0.152707,-0.354994
-0.023189,0.382281,0.730529,0.040101,-0.039574,0.948253,0.312476,-0.233474,0.256000,0.150273,0.962953,-0.676923,0.045784,-0.466304,-0.211473,0.030762,0.870584,-0.365311,0.240321,-0.153494,0.033869,0.122364,-0.375101,1.453006,0.338580,0.705360,0.045376,-0.152036,0.414640,0.360560,-1.320674,-0.963406,0.697113,0.271587,-0.153566,-0.358059
-0.022398,0.386020,0.730401,0.037818,-0.038871,0.948394,0.312421,-0.237047,0.265554,0.156001,0.963720,-0.674451,0.043868,-0.470388,-0.209777,0.022364,0.876747,-0.373962,0.232644,-0.156953,0.034981,0.120057,-0.375078,1.450324,0.346399,0.696966,0.043009,-0.154723,0.419771,0.357031,-1.325297,-0.961426,0.688673,0.266858,-0.157825,-0.363291
-0.020939,0.390097,0.730195,0.036733,-0.037390,0.948568,0.312204,-0.239490,0.274125,0.162088,0.964484,-0.672701,0.042604,-0.474833,-0.209086,0.014674,0.886095,-0.386306,0.223279,-0.160545,0.034158,0.117576,-0.374551,1.447410,0.352809,0.688168,0.042484,-0.156738,0.425702,0.356249,-1.331008,-0.962630,0.678991,0.259500,-0.161762,-0.370405
-0.019376,0.394085,0.729766,0.036195,-0.035620,0.948649,0.312229,-0.240513,0.281780,0.169279,0.965490,-0.673959,0.043410,-0.480537,-0.209186,0.008559,0.899633,-0.400773,0.213170,-0.163793,0.031475,0.114821,-0.372858,1.442700,0.358402,0.680191,0.043434,-0.158312,0.433607,0.357457,-1.336355,-0.966070,0.668048,0.250716,-0.165581,-0.378874
-0.018119,0.398037,0.729233,0.036102,-0.033516,0.948666,0.312419,-0.239918,0.288173,0.177681,0.966458,-0.677712,0.046159,-0.487267,-0.210206,0.004208,0.916948,-0.416967,0.203021,-0.166632,0.027343,0.111904,-0.369622,1.434074,0.363422,0.673740,0.043858,-0.159359,0.443083,0.358470,-1.339934,-0.970092,0.656125,0.243466,-0.169023,-0.388509
-0.017224,0.402161,0.728547,0.036352,-0.031035,0.948651,0.312693,-0.237931,0.292773,0.186175,0.966876,-0.681384,0.049869,-0.493834,-0.211957,0.001510,0.936168,-0.434221,0.193173,-0.169278,0.022254,0.109470,-0.364864,1.420592,0.367510,0.669344,0.041851,-0.159392,0.451140,0.357703,-1.341598,-0.972333,0.644525,0.238843,-0.170879,-0.397913
-0.016995,0.406372,0.727310,0.036861,-0.028250,0.948799,0.312447,-0.234610,0.294946,0.193369,0.966108,-0.682981,0.054045,-0.498526,-0.213875,0.000980,0.954626,-0.450624,0.183314,-0.171872,0.016172,0.108405,-0.359261,1.402314,0.370147,0.668306,0.036070,-0.158254,0.454045,0.355644,-1.341645,-0.970285,0.634862,0.236023,-0.170576,-0.403812
-0.018426,0.410939,0.725925,0.037515,-0.025279,0.949192,0.311429,-0.228699,0.293286,0.197872,0.963283,-0.680739,0.058731,-0.498637,-0.216040,0.003543,0.970119,-0.466896,0.171423,-0.174084,0.008502,0.108870,-0.353435,1.377997,0.371040,0.673056,0.023204,-0.156281,0.449988,0.352580,-1.337742,-0.963391,0.628580,0.238441,-0.169727,-0.404413
-0.020695,0.416129,0.724697,0.038443,-0.022054,0.949823,0.309631,-0.220501,0.290740,0.203815,0.958476,-0.671258,0.063665,-0.493444,-0.218966,0.006364,0.980779,-0.483188,0.156799,-0.176341,-0.001175,0.109825,-0.347734,1.349293,0.369191,0.682623,0.005573,-0.154215,0.438355,0.348438,-1.330576,-0.952066,0.626045,0.245463,-0.169314,-0.399028
-0.022622,0.422369,0.723906,0.039773,-0.018506,0.950683,0.307046,-0.211696,0.290579,0.214209,0.953399,-0.650695,0.067246,-0.482905,-0.222452,0.006498,0.985116,-0.500508,0.139430,-0.179003,-0.012411,0.110317,-0.342078,1.320013,0.364813,0.695093,-0.012426,-0.152067,0.420664,0.343491,-1.322075,-0.938197,0.626209,0.254563,-0.169644,-0.388661
-0.024161,0.430094,0.724002,0.041713,-0.014662,0.951690,0.303861,-0.204238,0.291869,0.224996,0.950993,-0.618333,0.066791,-0.466595,-0.224967,0.004330,0.982586,-0.521067,0.119167,-0.181230,-0.023938,0.110533,-0.335839,1.293851,0.360449,0.710310,-0.028599,-0.148895,0.401262,0.339013,-1.312388,-0.925140,0.626890,0.265128,-0.171282,-0.376696
-0.024092,0.438449,0.725066,0.044523,-0.011312,0.952321,0.301620,-0.200328,0.293268,0.232895,0.953506,-0.581676,0.061776,-0.447081,-0.225166,-0.001118,0.974814,-0.541922,0.098049,-0.181421,-0.035187,0.110688,-0.327919,1.273601,0.357551,0.726226,-0.038154,-0.145477,0.385466,0.336975,-1.301818,-0.914924,0.625964,0.274890,-0.175124,-0.368352
-0.021944,0.447082,0.726995,0.048158,-0.008668,0.952523,0.300510,-0.202371,0.295897,0.236256,0.967910,-0.547640,0.052206,-0.425758,-0.222264,-0.010567,0.963186,-0.562625,0.078898,-0.179483,-0.044526,0.111298,-0.318324,1.259667,0.357750,0.739854,-0.040582,-0.142743,0.378750,0.337403,-1.291568,-0.908314,0.621210,0.280292,-0.179998,-0.369013
-0.017573,0.456032,0.729585,0.052577,-0.006944,0.952238,0.300717,-0.213359,0.302063,0.231850,1.000249,-0.520908,0.039686,-0.403991,-0.215140,-0.023672,0.949528,-0.583355,0.063612,-0.175325,-0.050424,0.112636,-0.307802,1.253430,0.361089,0.747717,-0.035687,-0.140607,0.384309,0.339492,-1.283782,-0.905022,0.612287,0.278400,-0.183759,-0.381898
-0.010909,0.464988,0.732570,0.057365,-0.006970,0.951077,0.303500,-0.235635,0.312615,0.214533,1.048610,-0.504664,0.027841,-0.384686,-0.202448,-0.038743,0.936648,-0.601826,0.052207,-0.167887,-0.052843,0.114478,-0.297514,1.258283,0.365148,0.747303,-0.020955,-0.137879,0.400863,0.342952,-1.280388,-0.904098,0.601757,0.269331,-0.185345,-0.405987
-0.004210,0.473237,0.735672,0.060861,-0.007942,0.949658,0.307218,-0.266072,0.325528,0.186552,1.104458,-0.499143,0.018525,-0.369381,-0.185923,-0.052965,0.925385,-0.617196,0.043871,-0.158792,-0.052071,0.117235,-0.290530,1.271334,0.369249,0.741074,-0.002160,-0.134080,0.423192,0.346182,-1.280202,-0.904799,0.591848,0.258028,-0.185455,-0.435776
0.002608,0.480261,0.738254,0.062834,-0.009549,0.948176,0.311325,-0.301471,0.341847,0.154649,1.154723,-0.501707,0.014539,-0.359876,-0.167646,-0.067305,0.915149,-0.626945,0.039147,-0.149384,-0.048844,0.119669,-0.289889,1.291902,0.370598,0.730197,0.018270,-0.130089,0.446509,0.346602,-1.283657,-0.905951,0.586100,0.247604,-0.185448,-0.467102
0.009956,0.485929,0.740015,0.063049,-0.011476,0.946833,0.315278,-0.337665,0.362698,0.125791,1.183097,-0.507674,0.016611,-0.356700,-0.149276,-0.082242,0.904951,-0.628600,0.038973,-0.140648,-0.044482,0.120757,-0.297566,1.319370,0.367239,0.716254,0.038652,-0.126143,0.466802,0.342152,-1.290730,-0.907387,0.586794,0.239882,-0.185519,-0.495579
0.016252,0.490247,0.741462,0.060417,-0.012912,0.946198,0.317636,-0.368392,0.385289,0.104406,1.172880,-0.512174,0.021064,-0.358058,-0.132483,-0.094601,0.894094,-0.621373,0.043103,-0.133945,-0.040782,0.121362,-0.314378,1.349480,0.360558,0.703433,0.053987,-0.121203,0.480866,0.332707,-1.298608,-0.910264,0.592915,0.237343,-0.184680,-0.516013
0.021625,0.492655,0.742845,0.056527,-0.013776,0.946184,0.318356,-0.390358,0.405868,0.093706,1.115262,-0.513459,0.025089,-0.363008,-0.119684,-0.105607,0.881800,-0.603052,0.050285,-0.130383,-0.039299,0.121339,-0.340920,1.378332,0.349770,0.693665,0.063154,-0.117603,0.489278,0.320177,-1.305767,-0.912929,0.603607,0.240912,-0.185055,-0.530419
0.025789,0.493602,0.744461,0.051831,-0.014063,0.946786,0.317351,-0.402675,0.422107,0.096589,1.022205,-0.510259,0.026213,-0.368134,-0.111835,-0.116323,0.866432,-0.577009,0.059662,-0.130888,-0.039885,0.120945,-0.376089,1.400898,0.334711,0.688026,0.062596,-0.117509,0.492597,0.307129,-1.311288,-0.912988,0.616036,0.249541,-0.186712,-0.537153
0.028686,0.493932,0.746502,0.046779,-0.013770,0.947994,0.314531,-0.407677,0.433162,0.111029,0.916651,-0.502412,0.024195,-0.370594,-0.108240,-0.126727,0.848082,-0.548221,0.069774,-0.134960,-0.041782,0.120364,-0.416805,1.414634,0.315741,0.686293,0.052138,-0.120715,0.492929,0.295608,-1.315141,-0.909597,0.627726,0.261187,-0.188785,-0.536178
0.030995,0.493971,0.748807,0.042705,-0.012734,0.949392,0.310916,-0.410147,0.438688,0.129207,0.819103,-0.491723,0.021508,-0.371095,-0.107605,-0.136292,0.830076,-0.519130,0.078170,-0.140268,-0.044859,0.119221,-0.458376,1.421394,0.293252,0.686693,0.039038,-0.124921,0.494145,0.286771,-1.317830,-0.903855,0.638050,0.274228,-0.191607,-0.533161
0.031546,0.494140,0.750981,0.039149,-0.011256,0.950572,0.307819,-0.411510,0.437574,0.149746,0.747746,-0.479904,0.018056,-0.370017,-0.109659,-0.143812,0.814630,-0.495812,0.084623,-0.145472,-0.048673,0.118092,-0.495340,1.420509,0.269449,0.688408,0.025805,-0.129672,0.494173,0.282011,-1.317649,-0.895352,0.643602,0.288358,-0.194593,-0.525264
0.031207,0.494627,0.752614,0.036500,-0.009501,0.951360,0.305763,-0.414250,0.428930,0.168522,0.718024,-0.470032,0.015006,-0.367883,-0.113176,-0.149850,0.802546,-0.481403,0.089143,-0.148790,-0.052621,0.117361,-0.524452,1.414261,0.246151,0.691104,0.016895,-0.134133,0.493219,0.280879,-1.315148,-0.885092,0.643986,0.301052,-0.197918,-0.514493
0.030842,0.495404,0.753415,0.035150,-0.007636,0.951587,0.305269,-0.419398,0.413768,0.181944,0.736531,-0.466563,0.014121,-0.365060,-0.116696,-0.154962,0.795176,-0.476243,0.091959,-0.148633,-0.055966,0.117340,-0.544879,1.405719,0.224400,0.693540,0.015437,-0.137391,0.491313,0.281473,-1.311534,-0.875047,0.640424,0.310072,-0.201228,-0.503885
0.029300,0.496258,0.753268,0.035317,-0.006820,0.951113,0.306742,-0.423873,0.394978,0.191647,0.795281,-0.473477,0.015943,-0.361842,-0.119617,-0.158322,0.795276,-0.479497,0.093509,-0.144861,-0.057802,0.118178,-0.557862,1.395538,0.204884,0.693435,0.018686,-0.139691,0.485650,0.281617,-1.306620,-0.866564,0.632974,0.316742,-0.203352,-0.492405
0.027394,0.496496,0.752179,0.036156,-0.007253,0.950305,0.309130,-0.425030,0.373140,0.198823,0.874120,-0.489975,0.020257,-0.360206,-0.121315,-0.161232,0.803451,-0.487309,0.092534,-0.138950,-0.057170,0.118173,-0.567463,1.384630,0.188196,0.690674,0.021971,-0.142697,0.478261,0.279478,-1.301796,-0.859883,0.622257,0.324408,-0.206840,-0.484395
0.025505,0.496139,0.750242,0.037396,-0.008861,0.949310,0.311983,-0.421370,0.349460,0.204375,0.957961,-0.512340,0.025459,-0.360419,-0.121314,-0.164207,0.818005,-0.498405,0.089084,-0.132265,-0.053692,0.116747,-0.575814,1.373960,0.174025,0.685767,0.021527,-0.147235,0.469591,0.275550,-1.297549,-0.854543,0.609734,0.334241,-0.211535,-0.478852
0.023529,0.495431,0.747298,0.038762,-0.011571,0.948277,0.314855,-0.411908,0.325037,0.209358,1.033710,-0.537498,0.030069,-0.362005,-0.119886,-0.167360,0.836633,-0.512331,0.083512,-0.126181,-0.047348,0.114051,-0.584264,1.364141,0.162301,0.679776,0.014410,-0.153206,0.459629,0.270531,-1.293824,-0.851187,0.597126,0.346258,-0.216834,-0.474957
0.021527,0.494274,0.743051,0.039544,-0.015204,0.947574,0.316717,-0.395745,0.299849,0.214935,1.085097,-0.564578,0.034179,-0.365546,-0.118038,-0.170931,0.858019,-0.526684,0.075583,-0.122258,-0.038403,0.109907,-0.594364,1.355614,0.153936,0.674615,-0.000777,-0.160216,0.450006,0.263921,-1.290972,-0.851759,0.585866,0.360445,-0.224189,-0.476802
0.019242,0.493095,0.738465,0.039494,-0.018623,0.947138,0.317841,-0.373117,0.274987,0.221473,1.103205,-0.590936,0.038460,-0.371712,-0.115911,-0.172860,0.881495,-0.539634,0.067774,-0.120830,-0.028425,0.104817,-0.603060,1.349928,0.148722,0.672334,-0.019326,-0.167629,0.440314,0.257965,-1.288936,-0.855075,0.577323,0.373432,-0.231461,-0.480245
0.016024,0.492005,0.734564,0.038508,-0.021563,0.947043,0.318059,-0.346239,0.250341,0.228558,1.090673,-0.615556,0.043632,-0.379579,-0.114562,-0.172078,0.904918,-0.549956,0.062422,-0.122764,-0.018817,0.099835,-0.608695,1.347462,0.146479,0.674046,-0.036196,-0.174460,0.431545,0.254209,-1.287403,-0.861280,0.572760,0.382350,-0.236998,-0.484612
0.011038,0.490936,0.731962,0.036487,-0.023763,0.947358,0.317202,-0.317680,0.225753,0.236290,1.057899,-0.639546,0.050591,-0.387369,-0.115883,-0.168714,0.926481,-0.557804,0.060395,-0.128197,-0.010692,0.095797,-0.611416,1.347174,0.146506,0.679647,-0.049024,-0.180534,0.425370,0.252859,-1.286207,-0.870258,0.573246,0.385524,-0.240394,-0.491207
0.003904,0.489955,0.730824,0.033448,-0.024446,0.948143,0.315131,-0.289121,0.202335,0.245405,1.016534,-0.664788,0.060306,-0.393858,-0.121106,-0.163266,0.946292,-0.564718,0.061057,-0.135373,-0.004997,0.092728,-0.611476,1.347551,0.147344,0.688009,-0.058187,-0.186801,0.422553,0.253715,-1.285407,-0.879655,0.578823,0.382088,-0.241962,-0.498838
-0.004079,0.488926,0.731007,0.030527,-0.024517,0.948910,0.313108,-0.263272,0.180679,0.253838,0.974317,-0.691453,0.072618,-0.398915,-0.128448,-0.156662,0.963651,-0.571024,0.063385,-0.142855,-0.001797,0.090303,-0.608838,1.348085,0.148880,0.697494,-0.063285,-0.192596,0.423781,0.257300,-1.284605,-0.888372,0.586436,0.372356,-0.242754,-0.506870
-0.011400,0.487766,0.732291,0.028138,-0.024036,0.949576,0.311344,-0.243136,0.162957,0.260205,0.939835,-0.716196,0.086200,-0.402703,-0.136809,-0.149795,0.978233,-0.577028,0.067195,-0.149338,-0.001086,0.088685,-0.603741,1.348914,0.150182,0.705892,-0.063031,-0.196976,0.428447,0.263189,-1.284376,-0.894973,0.594435,0.354923,-0.241151,-0.514411
-0.016875,0.486362,0.734347,0.026698,-0.023066,0.950064,0.310055,-0.230127,0.150274,0.264947,0.917957,-0.736072,0.099135,-0.405514,-0.145720,-0.143924,0.989812,-0.583024,0.071936,-0.154178,-0.002263,0.088065,-0.598139,1.349884,0.150335,0.711317,-0.058770,-0.199699,0.434508,0.269167,-1.285589,-0.898506,0.601415,0.331009,-0.236266,-0.520584
-0.019580,0.484566,0.736724,0.026889,-0.021904,0.950225,0.309627,-0.223341,0.140916,0.269328,0.905869,-0.751301,0.109750,-0.408219,-0.154026,-0.140420,0.998135,-0.588445,0.076095,-0.157571,-0.003803,0.087991,-0.595355,1.350620,0.149412,0.713296,-0.054570,-0.201164,0.439471,0.271989,-1.288788,-0.899360,0.604913,0.306795,-0.230620,-0.524690
-0.018684,0.482674,0.739105,0.027768,-0.020581,0.950109,0.309997,-0.222178,0.135228,0.272624,0.900199,-0.760286,0.117549,-0.413111,-0.159921,-0.138323,1.004640,-0.590803,0.080161,-0.159206,-0.004754,0.087623,-0.595095,1.353139,0.146663,0.713074,-0.047159,-0.200757,0.442631,0.270863,-1.295526,-0.897573,0.605510,0.284336,-0.224555,-0.524975
-0.015706,0.480914,0.740878,0.028714,-0.019138,0.949807,0.310926,-0.224547,0.132500,0.275967,0.896421,-0.763726,0.123296,-0.420528,-0.163444,-0.136735,1.009811,-0.589005,0.084735,-0.159958,-0.004674,0.087002,-0.596649,1.359176,0.142425,0.711318,-0.036708,-0.198733,0.443592,0.267297,-1.304309,-0.894258,0.605698,0.266198,-0.218331,-0.521238
-0.012593,0.479408,0.741829,0.029107,-0.017619,0.949415,0.312174,-0.227965,0.131200,0.280885,0.891372,-0.763043,0.127564,-0.429398,-0.165775,-0.135154,1.013571,-0.583394,0.090082,-0.160678,-0.003727,0.086591,-0.599737,1.368861,0.137549,0.708568,-0.025898,-0.196389,0.443697,0.262931,-1.313279,-0.890182,0.607302,0.253700,-0.212903,-0.515307
-0.009866,0.478402,0.742557,0.028505,-0.015626,0.948823,0.314130,-0.231256,0.130351,0.286983,0.885190,-0.758523,0.129997,-0.438679,-0.167667,-0.133238,1.015968,-0.575390,0.095922,-0.161040,-0.002535,0.086450,-0.603579,1.381185,0.132484,0.706527,-0.015902,-0.195110,0.446467,0.258779,-1.322776,-0.884944,0.610324,0.244901,-0.209473,-0.509839
-0.008862,0.478480,0.743078,0.026588,-0.013225,0.948142,0.316457,-0.234368,0.129656,0.293306,0.878279,-0.752535,0.131510,-0.447006,-0.169181,-0.131457,1.015651,-0.569198,0.100288,-0.161362,-0.001236,0.086395,-0.605061,1.396683,0.128061,0.708437,-0.007959,-0.194838,0.452636,0.258816,-1.331130,-0.880239,0.616013,0.239050,-0.208131,-0.505681
-0.009301,0.479760,0.743075,0.023894,-0.010329,0.947319,0.319234,-0.237863,0.128837,0.299316,0.873147,-0.745235,0.132697,-0.454044,-0.170686,-0.129788,1.013222,-0.567681,0.102362,-0.161298,-0.000240,0.086979,-0.602038,1.414930,0.124220,0.717940,-0.003078,-0.195653,0.460145,0.264344,-1.339000,-0.876837,0.626369,0.234234,-0.207776,-0.502720
-0.010097,0.481988,0.742087,0.020959,-0.006853,0.946300,0.322537,-0.242788,0.128119,0.304294,0.873693,-0.736651,0.133661,-0.460094,-0.172565,-0.128283,1.011083,-0.572398,0.102029,-0.160662,-0.000103,0.088692,-0.593548,1.435974,0.120721,0.736937,-0.001682,-0.197188,0.464925,0.275592,-1.348452,-0.875781,0.642764,0.227910,-0.206976,-0.499719
-0.010724,0.484849,0.739702,0.018619,-0.003266,0.945207,0.325924,-0.250785,0.128669,0.306919,0.883585,-0.729115,0.134747,-0.465717,-0.174469,-0.127535,1.011856,-0.584402,0.099001,-0.159920,-0.000899,0.091269,-0.578334,1.459811,0.117880,0.765631,-0.003248,-0.197928,0.463477,0.294041,-1.359152,-0.878778,0.665694,0.219874,-0.205129,-0.495257
-0.010466,0.487869,0.735897,0.016630,-0.000087,0.944060,0.329355,-0.264054,0.131579,0.306701,0.905081,-0.723854,0.137508,-0.472906,-0.175044,-0.127099,1.017135,-0.602598,0.094264,-0.157828,-0.001542,0.094866,-0.553239,1.478538,0.115463,0.807638,-0.005995,-0.196656,0.458512,0.318917,-1.364663,-0.882804,0.697299,0.216447,-0.203317,-0.491825
-0.009739,0.490450,0.730902,0.014876,0.002514,0.942841,0.332900,-0.282017,0.136210,0.304374,0.935711,-0.721887,0.142041,-0.482145,-0.174261,-0.126390,1.026856,-0.625504,0.088432,-0.153739,-0.001674,0.098581,-0.518477,1.490538,0.114901,0.859978,-0.008811,-0.193759,0.451526,0.347841,-1.363387,-0.885896,0.737020,0.219452,-0.202448,-0.489311
-0.008981,0.492421,0.725259,0.013241,0.004363,0.941535,0.336627,-0.302963,0.141261,0.300148,0.971242,-0.723872,0.147900,-0.492813,-0.171802,-0.125067,1.040327,-0.650883,0.082253,-0.147759,-0.000323,0.101387,-0.476832,1.492597,0.116725,0.916205,-0.011470,-0.189747,0.442437,0.376555,-1.354795,-0.885373,0.781252,0.228310,-0.202696,-0.486931
-0.008028,0.494124,0.719858,0.011434,0.004647,0.940405,0.339833,-0.325743,0.145174,0.292380,1.007953,-0.729592,0.155577,-0.504267,-0.166313,-0.123146,1.056754,-0.674988,0.076413,-0.140192,0.004784,0.103155,-0.430410,1.471585,0.117861,0.973469,-0.014002,-0.183990,0.430510,0.397922,-1.333231,-0.873728,0.826364,0.244895,-0.203566,-0.485873
-0.008740,0.495001,0.715646,0.009014,0.003915,0.939516,0.342364,-0.346860,0.142959,0.279367,1.037815,-0.737959,0.165602,-0.515031,-0.160093,-0.120970,1.073269,-0.693322,0.068239,-0.131838,0.013238,0.103575,-0.378745,1.418066,0.113409,1.033866,-0.015643,-0.176497,0.411370,0.400983,-1.291711,-0.838228,0.875344,0.271050,-0.203769,-0.484531
-0.010973,0.494647,0.713392,0.006648,0.002316,0.938993,0.343865,-0.363164,0.132476,0.261086,1.055787,-0.746517,0.178467,-0.522954,-0.153994,-0.116742,1.086990,-0.701602,0.060127,-0.124436,0.023009,0.104351,-0.326053,1.327819,0.095861,1.093325,-0.012431,-0.167145,0.384868,0.376085,-1.226680,-0.770262,0.939156,0.307169,-0.198840,-0.476615
-0.013836,0.493459,0.713546,0.005006,-0.000001,0.938962,0.343985,-0.370856,0.115396,0.240014,1.058844,-0.753526,0.193753,-0.525110,-0.148278,-0.108853,1.096277,-0.697135,0.055772,-0.119381,0.031500,0.107829,-0.279203,1.199822,0.057406,1.144758,-0.000938,-0.155537,0.349827,0.318882,-1.133321,-0.666363,1.024200,0.345025,-0.183703,-0.453726
-0.017590,0.492100,0.716091,0.005675,-0.002795,0.939862,0.341496,-0.365979,0.094663,0.220072,1.045062,-0.758856,0.209869,-0.519135,-0.144598,-0.098004,1.101342,-0.679544,0.055217,-0.116363,0.036677,0.115195,-0.244020,1.036552,-0.007715,1.184648,0.020064,-0.140976,0.302097,0.234428,-1.004623,-0.529084,1.121572,0.370785,-0.156634,-0.410372
-0.021607,0.489204,0.720355,0.008657,-0.005629,0.940996,0.338261,-0.351320,0.070299,0.202301,1.020522,-0.760131,0.225855,-0.507600,-0.144155,-0.084127,1.104179,-0.649167,0.059894,-0.113927,0.038497,0.127122,-0.227975,0.850822,-0.103692,1.211425,0.057756,-0.122900,0.251344,0.140632,-0.847690,-0.373196,1.213868,0.392319,-0.121450,-0.350068
-0.025320,0.485699,0.725529,0.013882,-0.008616,0.942254,0.334500,-0.326342,0.046784,0.187968,0.988021,-0.758385,0.239545,-0.492158,-0.147896,-0.067408,1.106327,-0.603358,0.074547,-0.113473,0.035965,0.140907,-0.248547,0.654838,-0.229882,1.207650,0.115910,-0.111267,0.197419,0.046216,-0.678800,-0.196649,1.277340,0.386856,-0.087477,-0.280446
-0.028316,0.483613,0.730891,0.021281,-0.011871,0.943516,0.330429,-0.292010,0.029854,0.178437,0.950309,-0.755285,0.248487,-0.475851,-0.156007,-0.049790,1.109359,-0.543662,0.100818,-0.115698,0.029834,0.151895,-0.317371,0.462166,-0.380767,1.157217,0.186492,-0.114917,0.142156,-0.047558,-0.518958,0.001688,1.289097,0.330938,-0.063078,-0.211653
-0.030132,0.483529,0.735846,0.029246,-0.015197,0.944555,0.326696,-0.255870,0.021405,0.173500,0.914484,-0.749248,0.251033,-0.464718,-0.167474,-0.034464,1.114956,-0.480286,0.132445,-0.117798,0.024341,0.156047,-0.426592,0.291026,-0.546681,1.065673,0.250654,-0.131656,0.100046,-0.141988,-0.389500,0.204616,1.234299,0.237830,-0.050457,-0.152130
-0.030438,0.484912,0.739910,0.036604,-0.018762,0.945238,0.323780,-0.222313,0.021118,0.170203,0.884031,-0.738138,0.245284,-0.459481,-0.180746,-0.021172,1.121524,-0.419907,0.162486,-0.119592,0.021048,0.150909,-0.565763,0.156505,-0.712483,0.951562,0.298653,-0.162875,0.071247,-0.252117,-0.305309,0.404938,1.109712,0.127422,-0.049718,-0.097493
-0.029318,0.487960,0.742938,0.042889,-0.021995,0.945945,0.320725,-0.194617,0.027258,0.167537,0.860605,-0.723078,0.233030,-0.458465,-0.194732,-0.011917,1.126234,-0.367709,0.188904,-0.119955,0.020378,0.137103,-0.737958,0.064495,-0.852046,0.833013,0.322474,-0.199568,0.061836,-0.398100,-0.269868,0.580352,0.945134,0.030086,-0.059793,-0.061504
-0.027595,0.492891,0.745014,0.047636,-0.024327,0.947058,0.316576,-0.173643,0.035831,0.166559,0.842816,-0.703519,0.216974,-0.458625,-0.210215,-0.008089,1.125872,-0.327446,0.211385,-0.117700,0.022143,0.118166,-0.936886,0.011558,-0.946794,0.727722,0.319821,-0.228756,0.072891,-0.581864,-0.274582,0.711481,0.780432,-0.030739,-0.074666,-0.051861
-0.026524,0.498812,0.746252,0.050605,-0.023696,0.949040,0.310161,-0.157832,0.042003,0.167340,0.827181,-0.674807,0.196710,-0.457290,-0.227488,-0.007294,1.118416,-0.300120,0.227767,-0.112841,0.025739,0.098533,-1.134823,-0.010629,-0.998873,0.652097,0.298190,-0.244299,0.092120,-0.780565,-0.305189,0.798182,0.637449,-0.050969,-0.085424,-0.052392
-0.026109,0.504338,0.746760,0.052663,-0.023724,0.950815,0.304327,-0.149551,0.047645,0.164312,0.816781,-0.639639,0.169439,-0.457295,-0.236628,-0.008297,1.107075,-0.282675,0.237877,-0.104283,0.030908,0.079068,-1.330009,-0.005933,-1.010006,0.606284,0.266102,-0.246128,0.122517,-0.989727,-0.359265,0.830705,0.524655,-0.026686,-0.098095,-0.073131
-0.026899,0.510021,0.746662,0.054013,-0.024599,0.952390,0.299048,-0.145747,0.055556,0.155597,0.811083,-0.605488,0.137138,-0.456967,-0.235579,-0.008376,1.092442,-0.268743,0.245940,-0.096144,0.034840,0.058969,-1.518797,0.022760,-1.000355,0.578399,0.235816,-0.242032,0.155628,-1.198518,-0.431396,0.837421,0.441178,0.004828,-0.114749,-0.119030
-0.029625,0.516520,0.746261,0.054855,-0.026512,0.953770,0.294297,-0.142537,0.065176,0.142385,0.805680,-0.577957,0.103474,-0.453984,-0.229068,-0.005438,1.072807,-0.256117,0.254501,-0.091113,0.035682,0.036483,-1.689713,0.073724,-0.993533,0.557364,0.211778,-0.238292,0.183390,-1.397726,-0.518231,0.858488,0.382431,0.011701,-0.132559,-0.181759
-0.034110,0.522880,0.746070,0.053379,-0.028047,0.954824,0.290991,-0.141113,0.073649,0.125325,0.797287,-0.556830,0.069594,-0.449625,-0.220130,0.000650,1.046051,-0.249874,0.260344,-0.086412,0.034853,0.009460,-1.829795,0.149182,-0.999485,0.541551,0.188834,-0.233842,0.213263,-1.591163,-0.625232,0.911096,0.344122,0.005467,-0.149029,-0.243882
-0.039046,0.529183,0.746414,0.050264,-0.029422,0.955336,0.289726,-0.141831,0.085805,0.105058,0.788947,-0.541477,0.037598,-0.440280,-0.206083,0.012692,1.007534,-0.249488,0.262932,-0.087797,0.030422,-0.022799,-1.934066,0.257352,-1.027563,0.530639,0.184146,-0.232453,0.249892,-1.778282,-0.754499,1.009124,0.321380,-0.026147,-0.161887,-0.286536
-0.044385,0.536476,0.747248,0.045337,-0.029775,0.955671,0.289398,-0.141910,0.102825,0.087914,0.778685,-0.533382,0.011246,-0.425390,-0.191593,0.025044,0.959881,-0.253956,0.263235,-0.098002,0.020013,-0.058956,-2.021064,0.389977,-1.078433,0.525287,0.198751,-0.229754,0.298436,-1.955462,-0.891270,1.129949,0.317760,-0.077521,-0.171258,-0.321908
-0.050722,0.544720,0.748260,0.038425,-0.028244,0.956172,0.288895,-0.139413,0.121018,0.078692,0.766017,-0.530890,-0.005687,-0.406090,-0.182860,0.033794,0.908276,-0.261197,0.262560,-0.117342,0.002932,-0.096083,-2.102042,0.532862,-1.146797,0.526223,0.228625,-0.220140,0.356724,-2.105076,-1.020819,1.242835,0.338923,-0.135389,-0.175405,-0.358152
-0.057803,0.552182,0.749060,0.031083,-0.024734,0.956685,0.288402,-0.136380,0.137218,0.074543,0.757848,-0.527781,-0.012456,-0.383266,-0.178350,0.043935,0.855157,-0.267652,0.261385,-0.145864,-0.019160,-0.131221,-2.162110,0.679043,-1.224349,0.532770,0.279931,-0.206123,0.412964,-2.198798,-1.143816,1.337852,0.383689,-0.199833,-0.169899,-0.375606
-0.064276,0.559611,0.749324,0.023385,-0.022148,0.956810,0.288925,-0.134210,0.156895,0.074154,0.755166,-0.526954,-0.014688,-0.363367,-0.171840,0.049393,0.807365,-0.275113,0.257601,-0.176512,-0.043658,-0.164390,-2.210654,0.816379,-1.293332,0.542235,0.342755,-0.191787,0.467874,-2.243517,-1.259180,1.395475,0.445098,-0.271083,-0.159737,-0.391343
-0.069815,0.567672,0.749099,0.015603,-0.020326,0.956662,0.290070,-0.132616,0.180643,0.076593,0.758065,-0.530673,-0.015014,-0.347816,-0.163010,0.048549,0.767274,-0.288451,0.248837,-0.204983,-0.068294,-0.195360,-2.245786,0.944014,-1.349054,0.558260,0.406215,-0.178121,0.521854,-2.241746,-1.366852,1.417476,0.516750,-0.345160,-0.145706,-0.413103
-0.075055,0.575409,0.748399,0.008008,-0.019109,0.956364,0.291443,-0.130426,0.203983,0.082662,0.764694,-0.539343,-0.014330,-0.335408,-0.156745,0.042511,0.734419,-0.309397,0.236096,-0.227510,-0.090454,-0.222399,-2.262234,1.063600,-1.389767,0.586080,0.454058,-0.165187,0.567924,-2.200204,-1.469233,1.419411,0.596248,-0.402772,-0.127611,-0.432661
-0.080662,0.580656,0.746981,0.001022,-0.018321,0.955884,0.293171,-0.127558,0.223190,0.094101,0.771204,-0.552634,-0.014903,-0.326751,-0.156837,0.030332,0.708577,-0.333198,0.223938,-0.238858,-0.107185,-0.243319,-2.265912,1.170046,-1.406540,0.625645,0.467463,-0.154158,0.597030,-2.142145,-1.568815,1.412116,0.685268,-0.416712,-0.109895,-0.439943
-0.086637,0.583274,0.745243,-0.005586,-0.018550,0.955293,0.295024,-0.127326,0.240193,0.105847,0.780102,-0.566616,-0.017022,-0.320075,-0.159074,0.015603,0.685723,-0.355036,0.212364,-0.242462,-0.118541,-0.258871,-2.257186,1.266113,-1.405694,0.673387,0.461620,-0.143421,0.620728,-2.076425,-1.661070,1.398782,0.783931,-0.404223,-0.094989,-0.437799
-0.092759,0.583627,0.743877,-0.011375,-0.019694,0.954664,0.296816,-0.126486,0.256170,0.119698,0.787076,-0.578703,-0.021426,-0.314084,-0.163429,-0.001453,0.666086,-0.368600,0.204061,-0.239476,-0.126956,-0.266144,-2.248503,1.346681,-1.401131,0.725972,0.436180,-0.134626,0.639237,-2.005053,-1.744586,1.368287,0.882281,-0.371041,-0.086409,-0.429896
-0.098875,0.581914,0.743546,-0.015907,-0.021649,0.954075,0.298361,-0.123139,0.269990,0.135560,0.790948,-0.585774,-0.027655,-0.308526,-0.169586,-0.018674,0.650813,-0.367824,0.201516,-0.229825,-0.132521,-0.262517,-2.248803,1.410947,-1.400608,0.779843,0.389086,-0.129819,0.645983,-1.927099,-1.822503,1.310183,0.969650,-0.318288,-0.086133,-0.414652
-0.104849,0.578287,0.744641,-0.018549,-0.025127,0.952965,0.301466,-0.122903,0.279461,0.144339,0.800304,-0.582567,-0.033768,-0.303436,-0.172453,-0.028956,0.637178,-0.349468,0.203390,-0.215653,-0.131193,-0.250545,-2.249127,1.471641,-1.400063,0.831706,0.338252,-0.127839,0.640928,-1.839890,-1.898153,1.230048,1.044495,-0.262520,-0.091624,-0.387201
-0.110047,0.573589,0.747134,-0.020270,-0.028502,0.951587,0.305383,-0.123824,0.283838,0.146791,0.810127,-0.567680,-0.042841,-0.298230,-0.174031,-0.035185,0.622355,-0.313858,0.209653,-0.197756,-0.122951,-0.233926,-2.245034,1.529872,-1.399813,0.884809,0.294223,-0.128253,0.625376,-1.741117,-1.967287,1.143700,1.108172,-0.217017,-0.098701,-0.351363
-0.114154,0.569398,0.750982,-0.021656,-0.031322,0.949950,0.310073,-0.124340,0.285378,0.143956,0.817807,-0.542465,-0.054877,-0.293745,-0.173755,-0.038316,0.604682,-0.265461,0.217492,-0.181314,-0.106476,-0.215327,-2.229578,1.593376,-1.399988,0.944436,0.259145,-0.129856,0.601889,-1.634664,-2.022864,1.071032,1.167082,-0.180959,-0.104836,-0.310101
-0.117271,0.566215,0.755460,-0.023295,-0.033134,0.948062,0.315497,-0.124308,0.286739,0.138531,0.823750,-0.510788,-0.067194,-0.291581,-0.171942,-0.038594,0.584818,-0.208780,0.225220,-0.171088,-0.083805,-0.197353,-2.199507,1.666602,-1.400043,1.010300,0.228598,-0.132011,0.573221,-1.526619,-2.061994,1.025378,1.223987,-0.146478,-0.109267,-0.266464
-0.119591,0.562724,0.759165,-0.024436,-0.033082,0.946113,0.321214,-0.123969,0.287809,0.135905,0.827300,-0.478426,-0.077156,-0.293030,-0.173544,-0.038886,0.566358,-0.147726,0.234377,-0.166820,-0.062646,-0.182131,-2.159921,1.741580,-1.400005,1.076194,0.196680,-0.135533,0.540956,-1.420049,-2.088440,1.006345,1.273169,-0.110012,-0.111919,-0.224867
-0.120933,0.559075,0.762446,-0.025146,-0.032031,0.944440,0.326151,-0.125994,0.285623,0.133049,0.829129,-0.450279,-0.081512,-0.299769,-0.178715,-0.038991,0.554490,-0.095918,0.240237,-0.169687,-0.043328,-0.165181,-2.111828,1.819232,-1.400016,1.147138,0.166808,-0.139567,0.504013,-1.316660,-2.104286,1.005923,1.315361,-0.076163,-0.112394,-0.181960
-0.121061,0.554855,0.765230,-0.025050,-0.030515,0.942884,0.330774,-0.129153,0.279254,0.132156,0.827209,-0.431019,-0.079928,-0.313043,-0.186887,-0.042873,0.551532,-0.059557,0.242089,-0.179244,-0.026198,-0.137543,-2.070831,1.889347,-1.399958,1.222810,0.136850,-0.143939,0.448795,-1.217115,-2.117806,1.012474,1.353002,-0.044454,-0.108939,-0.131565
-0.119894,0.549647,0.766907,-0.023770,-0.029067,0.941274,0.335548,-0.132686,0.266212,0.134325,0.821806,-0.421060,-0.072176,-0.334160,-0.199425,-0.052637,0.564396,-0.038724,0.240739,-0.193777,-0.010967,-0.093126,-2.050867,1.950814,-1.400000,1.305082,0.104505,-0.146376,0.365580,-1.121313,-2.130417,1.014687,1.388593,-0.010581,-0.098691,-0.072290
-0.117605,0.543520,0.767076,-0.018721,-0.028928,0.940408,0.338297,-0.140256,0.240998,0.132694,0.818093,-0.415800,-0.055924,-0.364534,-0.217087,-0.062866,0.605912,-0.032416,0.234434,-0.211339,0.004634,-0.034203,-2.045206,2.022780,-1.400292,1.402562,0.073990,-0.141094,0.263313,-1.028836,-2.125878,1.006201,1.424233,0.029619,-0.079847,-0.011322
-0.114553,0.534903,0.765871,-0.012118,-0.031325,0.939695,0.340359,-0.152285,0.206335,0.125397,0.814522,-0.416425,-0.032147,-0.403037,-0.229856,-0.069536,0.671927,-0.033794,0.224594,-0.228699,0.019050,0.032445,-2.038073,2.096518,-1.398871,1.504365,0.044831,-0.125714,0.154172,-0.939597,-2.086749,0.990259,1.459613,0.083504,-0.056382,0.042609
-0.110465,0.525229,0.763418,-0.003482,-0.033701,0.939341,0.341306,-0.168524,0.165471,0.116398,0.807608,-0.420735,-0.003478,-0.443866,-0.236851,-0.069237,0.758716,-0.041950,0.212988,-0.245326,0.032894,0.100644,-2.012500,2.173248,-1.402426,1.598839,0.015858,-0.098951,0.048551,-0.853322,-1.999400,0.969840,1.494909,0.147685,-0.030825,0.081782
-0.105208,0.516744,0.759771,0.007665,-0.033501,0.939542,0.340705,-0.186477,0.121126,0.109116,0.800115,-0.431192,0.027726,-0.482630,-0.243401,-0.064001,0.854522,-0.060069,0.198407,-0.256923,0.042837,0.158139,-1.942592,2.233810,-1.411383,1.664238,-0.010811,-0.062924,-0.030044,-0.770261,-1.854418,0.945705,1.520922,0.209018,-0.009565,0.092587
-0.099396,0.509669,0.755199,0.016364,-0.032825,0.940009,0.339173,-0.200637,0.077054,0.102727,0.801845,-0.458349,0.059687,-0.520082,-0.251409,-0.062214,0.935706,-0.089270,0.177590,-0.254019,0.040168,0.189380,-1.803093,2.222199,-1.406975,1.671397,-0.028670,-0.026803,-0.050277,-0.690912,-1.655553,0.918311,1.520651,0.253405,-0.003470,0.061477
-0.093113,0.504700,0.750640,0.014057,-0.037544,0.939322,0.340686,-0.208409,0.037478,0.099994,0.811860,-0.496888,0.088634,-0.552806,-0.258672,-0.064598,1.000127,-0.127024,0.154991,-0.241271,0.031083,0.207992,-1.626608,2.131586,-1.370252,1.639669,-0.031572,-0.006410,-0.036736,-0.612884,-1.444887,0.889918,1.506613,0.276684,-0.006545,0.014286
-0.086516,0.500787,0.745775,0.008058,-0.041916,0.937709,0.344790,-0.210194,0.003615,0.101810,0.825112,-0.540551,0.114859,-0.576275,-0.263928,-0.068835,1.053292,-0.171007,0.133932,-0.222614,0.019289,0.221270,-1.437275,1.984893,-1.297815,1.587083,-0.018069,-0.004430,-0.006058,-0.538149,-1.236287,0.861697,1.485735,0.279205,-0.013926,-0.034075
-0.080969,0.497331,0.740723,0.005686,-0.040202,0.935472,0.351061,-0.207936,-0.024544,0.106623,0.837282,-0.585140,0.140481,-0.587556,-0.266425,-0.072852,1.099829,-0.218313,0.115746,-0.199420,0.005208,0.228966,-1.247450,1.808095,-1.197083,1.522397,0.010292,-0.015593,0.036798,-0.472545,-1.024899,0.834086,1.456065,0.263994,-0.024134,-0.080152
-0.078712,0.495574,0.737337,0.011484,-0.034510,0.934397,0.354371,-0.203707,-0.046070,0.112228,0.846210,-0.626599,0.165651,-0.586361,-0.264869,-0.076024,1.140888,-0.264624,0.101673,-0.173540,-0.009434,0.232588,-1.074538,1.614219,-1.079306,1.451842,0.050855,-0.036918,0.082729,-0.423269,-0.816453,0.807961,1.414436,0.235794,-0.035455,-0.117351
-0.078919,0.493936,0.736018,0.021403,-0.028175,0.933686,0.356341,-0.199271,-0.061141,0.117214,0.849275,-0.662163,0.189758,-0.573760,-0.260321,-0.078399,1.176526,-0.307821,0.092160,-0.146686,-0.023255,0.231482,-0.935199,1.411128,-0.964848,1.372954,0.096675,-0.064622,0.124493,-0.399513,-0.623244,0.784228,1.354321,0.197893,-0.046691,-0.140598
-0.079607,0.493019,0.736602,0.035448,-0.019862,0.933571,0.356081,-0.195583,-0.070480,0.120256,0.846267,-0.690891,0.211388,-0.553609,-0.254567,-0.081701,1.205116,-0.345631,0.086499,-0.120700,-0.035308,0.224931,-0.842745,1.203924,-0.869800,1.282587,0.137803,-0.094583,0.158923,-0.409273,-0.463265,0.763891,1.271378,0.155932,-0.057002,-0.149230
-0.079738,0.494133,0.738773,0.053613,-0.008233,0.934178,0.352660,-0.192607,-0.075200,0.119853,0.839496,-0.713328,0.228366,-0.531541,-0.249031,-0.088306,1.224565,-0.375067,0.083662,-0.097258,-0.045102,0.212977,-0.805698,0.993878,-0.802316,1.179308,0.165572,-0.123638,0.185514,-0.456953,-0.349437,0.747699,1.165189,0.116811,-0.065956,-0.146227
-0.079769,0.496996,0.741971,0.065834,-0.000075,0.935106,0.348199,-0.189825,-0.076472,0.115445,0.831934,-0.729468,0.237821,-0.512257,-0.244170,-0.098866,1.234117,-0.393801,0.083433,-0.077540,-0.052536,0.196474,-0.827222,0.781497,-0.763746,1.064334,0.176467,-0.150307,0.204970,-0.542299,-0.282464,0.735888,1.039832,0.085944,-0.073705,-0.137122
-0.078983,0.502245,0.744875,0.066488,0.000810,0.935835,0.346108,-0.187835,-0.074438,0.110488,0.824020,-0.734628,0.236689,-0.495809,-0.239288,-0.109572,1.235463,-0.403678,0.086841,-0.062311,-0.057596,0.176978,-0.904781,0.579599,-0.750254,0.944500,0.172270,-0.173806,0.220442,-0.661010,-0.260931,0.728497,0.905032,0.065711,-0.081044,-0.130402
-0.076832,0.508428,0.745813,0.061941,0.000110,0.936422,0.345366,-0.186418,-0.070670,0.105950,0.815086,-0.730654,0.227649,-0.480862,-0.233885,-0.118906,1.232213,-0.408390,0.093285,-0.050443,-0.061039,0.155800,-1.017859,0.391328,-0.750576,0.823684,0.158448,-0.194742,0.234772,-0.800075,-0.267628,0.723792,0.767505,0.053211,-0.088261,-0.127363
-0.074146,0.514466,0.744577,0.058550,0.003514,0.936802,0.344907,-0.186133,-0.064568,0.103210,0.807580,-0.717099,0.212085,-0.465134,-0.227558,-0.127989,1.223217,-0.410419,0.101276,-0.040848,-0.063575,0.133640,-1.149499,0.237751,-0.757684,0.709812,0.141913,-0.212031,0.249884,-0.948325,-0.292693,0.721241,0.635806,0.045301,-0.096257,-0.131010
-0.072711,0.521610,0.743086,0.054094,0.006058,0.937630,0.343346,-0.188752,-0.052728,0.105923,0.806332,-0.685959,0.185608,-0.446291,-0.219923,-0.137819,1.202338,-0.409580,0.110155,-0.034053,-0.065246,0.110872,-1.301903,0.164177,-0.773581,0.616391,0.126944,-0.222258,0.267370,-1.104462,-0.346169,0.722455,0.521098,0.043552,-0.106879,-0.151080
-0.071773,0.528773,0.742136,0.050149,0.008287,0.937929,0.343084,-0.192407,-0.039273,0.111354,0.806719,-0.643045,0.151575,-0.425964,-0.211753,-0.146982,1.176110,-0.406233,0.119920,-0.029374,-0.066686,0.088533,-1.464959,0.154419,-0.787967,0.538658,0.110589,-0.227671,0.288859,-1.263678,-0.412925,0.724221,0.418311,0.049862,-0.119575,-0.183205
-0.070187,0.535284,0.742095,0.046585,0.009758,0.937648,0.344312,-0.201586,-0.014726,0.126344,0.823272,-0.587921,0.113219,-0.398370,-0.201768,-0.161217,1.133744,-0.407137,0.126350,-0.023636,-0.068153,0.065735,-1.619786,0.207942,-0.815357,0.484950,0.114338,-0.227246,0.309178,-1.413475,-0.497148,0.732669,0.340642,0.045461,-0.135226,-0.231060
-0.068228,0.541426,0.742869,0.043270,0.010032,0.936732,0.347218,-0.221413,0.029237,0.154228,0.870075,-0.524421,0.075783,-0.361351,-0.188556,-0.184584,1.068534,-0.417625,0.124447,-0.014418,-0.069726,0.041675,-1.753049,0.314514,-0.868698,0.462990,0.151468,-0.219348,0.329145,-1.549057,-0.605820,0.759785,0.300140,0.015599,-0.152087,-0.296373
-0.067486,0.547812,0.743884,0.039019,0.009009,0.934155,0.354614,-0.249641,0.083880,0.183517,0.939424,-0.470121,0.047766,-0.324729,-0.172476,-0.210849,0.998409,-0.434716,0.113660,-0.003327,-0.071639,0.018118,-1.865922,0.428687,-0.932985,0.462991,0.200923,-0.206110,0.360690,-1.680334,-0.727302,0.813434,0.286549,-0.028819,-0.163743,-0.367088
-0.067310,0.554784,0.745084,0.035331,0.007518,0.930694,0.364011,-0.280331,0.141639,0.209612,1.025450,-0.431272,0.029224,-0.290559,-0.152540,-0.234165,0.932170,-0.455795,0.098374,0.005557,-0.073579,-0.002131,-1.963035,0.550241,-1.003561,0.480160,0.259113,-0.189254,0.397362,-1.803368,-0.862067,0.891311,0.296709,-0.081444,-0.169463,-0.435732
-0.067247,0.562431,0.746363,0.031775,0.005630,0.926616,0.374623,-0.311250,0.195408,0.225772,1.120266,-0.407584,0.015836,-0.261872,-0.129162,-0.251334,0.876582,-0.479476,0.082191,0.012017,-0.073950,-0.019973,-2.051790,0.679351,-1.078105,0.507280,0.321218,-0.169222,0.441289,-1.919993,-1.002055,0.985283,0.322282,-0.135814,-0.170265,-0.502447
-0.067402,0.570566,0.747279,0.027919,0.003417,0.922207,0.385673,-0.340866,0.239099,0.227462,1.214211,-0.393929,0.004151,-0.241254,-0.103197,-0.260429,0.836340,-0.505881,0.066561,0.015889,-0.071930,-0.036275,-2.132981,0.808956,-1.153088,0.538162,0.378948,-0.146205,0.496133,-2.027418,-1.135373,1.086319,0.355648,-0.182020,-0.167049,-0.566200
-0.067616,0.578694,0.747196,0.024743,0.000202,0.917917,0.396000,-0.363314,0.268947,0.217861,1.295841,-0.384586,-0.005899,-0.226764,-0.075078,-0.260650,0.811485,-0.536435,0.051144,0.014186,-0.068861,-0.047976,-2.196108,0.935282,-1.222408,0.570060,0.424253,-0.122135,0.556275,-2.108872,-1.257608,1.185517,0.395753,-0.208655,-0.161378,-0.620972
-0.066502,0.586039,0.746006,0.024285,-0.003808,0.913513,0.406067,-0.369813,0.283809,0.200926,1.347052,-0.386863,-0.014423,-0.214041,-0.047741,-0.256925,0.799321,-0.571997,0.034268,0.009714,-0.065365,-0.052220,-2.235180,1.064044,-1.273901,0.592260,0.445856,-0.102836,0.623039,-2.159144,-1.370040,1.267721,0.434029,-0.212222,-0.158672,-0.672131
-0.063488,0.591198,0.744485,0.026683,-0.009029,0.909054,0.415725,-0.359164,0.288799,0.184628,1.364954,-0.401218,-0.018365,-0.199268,-0.022071,-0.252593,0.794287,-0.609454,0.017853,0.004000,-0.061032,-0.046844,-2.248860,1.200802,-1.299838,0.602700,0.435582,-0.091821,0.691609,-2.183113,-1.479930,1.326980,0.466400,-0.193366,-0.161585,-0.722892
-0.059396,0.592998,0.743393,0.032076,-0.015879,0.904573,0.424814,-0.336644,0.289830,0.175326,1.353954,-0.424615,-0.013930,-0.182904,0.001347,-0.248025,0.792600,-0.643400,0.004063,-0.003012,-0.056080,-0.030875,-2.237227,1.343617,-1.299348,0.612132,0.389550,-0.089207,0.752349,-2.189050,-1.592470,1.366453,0.497019,-0.154803,-0.168911,-0.768214
-0.055576,0.591459,0.742705,0.039049,-0.023576,0.899651,0.434221,-0.308827,0.288302,0.172712,1.316009,-0.456978,-0.000816,-0.169722,0.020304,-0.242376,0.794841,-0.669505,-0.007914,-0.011058,-0.052131,-0.005317,-2.200175,1.481343,-1.275753,0.635024,0.309520,-0.093545,0.797732,-2.182295,-1.704431,1.391419,0.532869,-0.101090,-0.177743,-0.798098
-0.051572,0.587714,0.742287,0.046139,-0.030599,0.894640,0.443344,-0.280668,0.285261,0.175697,1.265335,-0.490964,0.016030,-0.159977,0.034881,-0.236044,0.799275,-0.686471,-0.016759,-0.020074,-0.049443,0.026010,-2.141593,1.601911,-1.231259,0.665854,0.209212,-0.104562,0.825863,-2.163496,-1.810068,1.403187,0.568530,-0.039795,-0.186916,-0.812359
-0.048206,0.582842,0.741923,0.052374,-0.036375,0.889654,0.452162,-0.256542,0.281848,0.183317,1.210527,-0.520107,0.032979,-0.155465,0.044042,-0.229191,0.806077,-0.692271,-0.021885,-0.028518,-0.048448,0.058776,-2.071244,1.692222,-1.172598,0.701614,0.105546,-0.118507,0.837787,-2.138058,-1.899828,1.404609,0.601098,0.020398,-0.194319,-0.809987
-0.046799,0.577884,0.741648,0.056784,-0.040334,0.884834,0.460671,-0.240386,0.278932,0.193201,1.158591,-0.540114,0.046429,-0.157470,0.047455,-0.221967,0.814093,-0.687886,-0.023440,-0.035573,-0.049963,0.087621,-2.002014,1.746601,-1.111757,0.741328,0.017358,-0.130781,0.835982,-2.113327,-1.968478,1.401577,0.630289,0.069668,-0.198019,-0.790561
-0.047193,0.573962,0.741834,0.057161,-0.041189,0.880100,0.469532,-0.234060,0.276582,0.200943,1.119762,-0.547734,0.051687,-0.163899,0.047742,-0.214682,0.818925,-0.679096,-0.021751,-0.042473,-0.054199,0.107112,-1.944361,1.772757,-1.061456,0.779152,-0.037678,-0.139233,0.825162,-2.092459,-2.019513,1.400301,0.654427,0.098970,-0.197937,-0.759862
-0.047417,0.571454,0.742377,0.056523,-0.040440,0.874905,0.479283,-0.233547,0.273771,0.203598,1.092191,-0.542018,0.049892,-0.173310,0.047868,-0.206171,0.821509,-0.666736,-0.018549,-0.048256,-0.058929,0.118346,-1.899002,1.782398,-1.024456,0.808522,-0.057705,-0.141764,0.815749,-2.073640,-2.051935,1.400104,0.673303,0.107964,-0.194644,-0.730635
-0.046839,0.569777,0.743225,0.055214,-0.038543,0.869061,0.490101,-0.236479,0.270324,0.201707,1.076351,-0.525272,0.043623,-0.183394,0.049008,-0.196176,0.820926,-0.652728,-0.013838,-0.053034,-0.063146,0.122128,-1.861096,1.787728,-0.997646,0.827414,-0.050886,-0.139763,0.811794,-2.056144,-2.068970,1.400016,0.688206,0.100841,-0.189196,-0.711142
-0.046174,0.568545,0.744041,0.053576,-0.035956,0.862367,0.502155,-0.242483,0.266909,0.197310,1.072408,-0.503015,0.035762,-0.192733,0.051208,-0.185026,0.816072,-0.638868,-0.007872,-0.058262,-0.066813,0.120060,-1.830369,1.796077,-0.980506,0.839706,-0.031502,-0.136563,0.810207,-2.042087,-2.075602,1.400000,0.703186,0.083603,-0.182321,-0.702214
-0.046145,0.568389,0.744274,0.050882,-0.032721,0.854120,0.516546,-0.250783,0.263641,0.190858,1.075270,-0.481514,0.028905,-0.201798,0.054663,-0.172733,0.808598,-0.623501,-0.002283,-0.064625,-0.069618,0.115842,-1.813494,1.807734,-0.977426,0.852372,-0.014271,-0.134647,0.805338,-2.034635,-2.073252,1.399998,0.723495,0.062005,-0.174110,-0.700032
-0.046433,0.569614,0.744923,0.047854,-0.029263,0.844651,0.532370,-0.259248,0.257836,0.179915,1.081928,-0.461356,0.022508,-0.208939,0.059725,-0.159460,0.798866,-0.601784,0.005580,-0.068805,-0.071470,0.109067,-1.803664,1.823414,-0.982710,0.867649,-0.002532,-0.135160,0.793803,-2.032634,-2.060995,1.400004,0.747387,0.039343,-0.165513,-0.702705
-0.047336,0.571444,0.747060,0.044151,-0.025566,0.833926,0.549513,-0.265707,0.247766,0.165885,1.082252,-0.444538,0.016666,-0.214132,0.065516,-0.144357,0.783499,-0.568000,0.018320,-0.072777,-0.071743,0.100757,-1.782350,1.839743,-0.981597,0.893435,-0.000674,-0.137872,0.770749,-2.032858,-2.042311,1.399989,0.780255,0.021790,-0.156810,-0.702646
-0.049200,0.573094,0.751231,0.039434,-0.021614,0.821904,0.567849,-0.266107,0.231828,0.151447,1.065503,-0.433164,0.011496,-0.216208,0.070169,-0.126853,0.759713,-0.521343,0.037127,-0.074468,-0.075455,0.094559,-1.730618,1.850762,-0.960217,0.936214,-0.014035,-0.141891,0.728360,-2.031855,-2.026844,1.399999,0.829439,0.015177,-0.149452,-0.689799
-0.051558,0.574659,0.757403,0.034122,-0.017601,0.807361,0.588808,-0.254578,0.207794,0.136724,1.027320,-0.424087,0.005277,-0.211815,0.071647,-0.108236,0.727731,-0.465651,0.062168,-0.061578,-0.088431,0.093651,-1.633190,1.846138,-0.908421,0.993386,-0.042625,-0.146209,0.663177,-2.024812,-2.027583,1.400067,0.892140,0.022040,-0.146235,-0.659167
-0.053952,0.575912,0.765144,0.028159,-0.013818,0.790457,0.611714,-0.231282,0.177092,0.121917,0.963174,-0.405384,-0.004875,-0.204680,0.068438,-0.091273,0.683933,-0.394543,0.092933,-0.032090,-0.085042,0.093705,-1.464767,1.798476,-0.803569,1.061846,-0.075449,-0.149178,0.597526,-2.000803,-2.051063,1.399735,0.950330,0.046660,-0.144670,-0.615876
-0.056275,0.576493,0.773678,0.021543,-0.010100,0.771892,0.635308,-0.204505,0.145564,0.107004,0.886929,-0.379116,-0.015969,-0.199593,0.061592,-0.079075,0.637130,-0.320387,0.122866,-0.000181,-0.058414,0.092338,-1.257788,1.698876,-0.660551,1.131320,-0.102204,-0.148826,0.543685,-1.966722,-2.082842,1.400578,0.998712,0.080764,-0.141659,-0.565641
-0.058819,0.576435,0.781938,0.014278,-0.006287,0.752493,0.658415,-0.181692,0.117891,0.092014,0.814798,-0.354017,-0.023201,-0.199053,0.052924,-0.073067,0.598994,-0.259362,0.145703,0.021194,-0.015989,0.089877,-1.052195,1.556681,-0.507289,1.193521,-0.119572,-0.144103,0.501768,-1.932908,-2.105196,1.403294,1.042264,0.114894,-0.134826,-0.510772
-0.061979,0.576178,0.788684,0.007729,-0.002993,0.733092,0.680079,-0.162558,0.093431,0.077581,0.748695,-0.333490,-0.024751,-0.202980,0.042702,-0.072034,0.573086,-0.213484,0.161188,0.033588,0.038298,0.087149,-0.842167,1.385642,-0.351890,1.250154,-0.130824,-0.135326,0.469535,-1.895048,-2.112287,1.404383,1.086037,0.150173,-0.121971,-0.450795
-0.065495,0.575320,0.792706,0.001502,-0.000908,0.713993,0.700151,-0.147180,0.071372,0.065199,0.693302,-0.323178,-0.017486,-0.211682,0.030155,-0.074597,0.566602,-0.190202,0.167858,0.036046,0.094965,0.085917,-0.635520,1.196289,-0.206474,1.301774,-0.136310,-0.122053,0.443819,-1.846309,-2.089311,1.397551,1.137591,0.185111,-0.100698,-0.387567
-0.069816,0.574130,0.792647,-0.002780,0.000880,0.695849,0.718182,-0.134775,0.052323,0.056393,0.654420,-0.329030,-0.000005,-0.223682,0.015797,-0.080070,0.584129,-0.194191,0.164781,0.030631,0.142248,0.089292,-0.456076,0.997658,-0.083098,1.349424,-0.136380,-0.104422,0.422478,-1.777020,-2.023485,1.375074,1.200434,0.218014,-0.074112,-0.324707
-0.074771,0.572937,0.788070,-0.003495,0.003282,0.679366,0.733784,-0.123719,0.037386,0.052582,0.636130,-0.354132,0.026650,-0.236282,0.001004,-0.087384,0.625181,-0.224413,0.152738,0.021492,0.170568,0.098979,-0.327604,0.802903,0.007943,1.394077,-0.131661,-0.083637,0.405478,-1.677799,-1.911912,1.329854,1.269449,0.246480,-0.048157,-0.267866
-0.078688,0.571429,0.780165,0.000214,0.000482,0.665770,0.746157,-0.112491,0.027139,0.055028,0.639461,-0.396141,0.059395,-0.246854,-0.013136,-0.094451,0.684476,-0.274881,0.134350,0.011554,0.175474,0.113298,-0.258979,0.630069,0.058228,1.434753,-0.121550,-0.062060,0.394435,-1.544558,-1.763111,1.257922,1.331651,0.266089,-0.027304,-0.224318
-0.081197,0.569936,0.770295,0.006924,-0.005558,0.652723,0.757545,-0.100740,0.022372,0.064042,0.663948,-0.446970,0.093440,-0.252855,-0.025904,-0.100226,0.753707,-0.336904,0.112964,0.002065,0.157035,0.130135,-0.245482,0.488601,0.062439,1.466700,-0.102390,-0.043427,0.389271,-1.382671,-1.588715,1.161347,1.376962,0.271513,-0.014748,-0.199318
-0.082078,0.568666,0.759571,0.016412,-0.014518,0.640318,0.767797,-0.089596,0.023176,0.077344,0.707075,-0.496374,0.123908,-0.252468,-0.036206,-0.104356,0.822917,-0.400900,0.091872,-0.005283,0.122255,0.147483,-0.275076,0.378447,0.018787,1.479748,-0.070555,-0.032099,0.387360,-1.201324,-1.398059,1.050583,1.398453,0.257898,-0.011705,-0.192327
-0.081299,0.567697,0.749070,0.028455,-0.026073,0.628632,0.776745,-0.081197,0.028146,0.090744,0.764268,-0.535696,0.147257,-0.245032,-0.042843,-0.106535,0.882512,-0.458699,0.073891,-0.008479,0.081951,0.162654,-0.334835,0.294236,-0.068982,1.461605,-0.025547,-0.031900,0.385645,-1.016000,-1.197960,0.942428,1.391944,0.223894,-0.016766,-0.197823
-0.079168,0.567186,0.739973,0.040457,-0.040312,0.617046,0.784852,-0.077955,0.034345,0.099925,0.829900,-0.560361,0.162407,-0.231404,-0.045389,-0.106150,0.925984,-0.505598,0.060893,-0.006154,0.046154,0.172215,-0.415889,0.230058,-0.190314,1.403144,0.028617,-0.044728,0.382656,-0.850333,-0.992763,0.854518,1.356412,0.174579,-0.025957,-0.207984
-0.075547,0.567318,0.732979,0.049308,-0.054123,0.604434,0.793284,-0.081995,0.038954,0.102411,0.899972,-0.569363,0.171124,-0.214238,-0.045188,-0.102796,0.953018,-0.540795,0.053093,0.001843,0.021706,0.174611,-0.514257,0.182018,-0.329926,1.303766,0.085689,-0.069060,0.377845,-0.727461,-0.782071,0.796179,1.295526,0.122009,-0.034813,-0.215601
-0.072221,0.568851,0.728270,0.055497,-0.065908,0.590765,0.802230,-0.095375,0.041619,0.097202,0.972674,-0.565489,0.175468,-0.196169,-0.042838,-0.096924,0.965097,-0.563121,0.049797,0.014456,0.011556,0.169904,-0.626546,0.149947,-0.468170,1.174073,0.136396,-0.100033,0.373891,-0.663531,-0.577107,0.770002,1.213858,0.081087,-0.043136,-0.216407
-0.070829,0.571941,0.725573,0.059518,-0.074075,0.576016,0.811897,-0.117194,0.043160,0.085704,1.047062,-0.554747,0.177553,-0.178744,-0.038778,-0.089494,0.966412,-0.574318,0.049581,0.029874,0.013116,0.159623,-0.747643,0.130562,-0.593177,1.028659,0.175026,-0.132911,0.372837,-0.651887,-0.392514,0.769224,1.116899,0.058307,-0.052466,-0.209680
-0.070885,0.575573,0.724476,0.058333,-0.081514,0.561606,0.821310,-0.143524,0.044080,0.071599,1.121410,-0.541859,0.178986,-0.162436,-0.034328,-0.080850,0.962610,-0.579256,0.051035,0.046237,0.020034,0.145439,-0.873061,0.118280,-0.704317,0.880752,0.202529,-0.164853,0.374769,-0.669574,-0.240016,0.780185,1.010177,0.048507,-0.062794,-0.198932
-0.072438,0.580009,0.725153,0.056374,-0.086495,0.546573,0.831023,-0.176126,0.045865,0.056916,1.192917,-0.519697,0.177808,-0.148156,-0.030585,-0.069265,0.950361,-0.573091,0.055091,0.062523,0.032145,0.125339,-1.008239,0.127894,-0.786504,0.748211,0.214625,-0.190446,0.386941,-0.737831,-0.146526,0.800388,0.892914,0.056208,-0.074686,-0.192592
-0.074988,0.585368,0.727745,0.054256,-0.089272,0.530816,0.841024,-0.213301,0.048349,0.042998,1.262179,-0.491470,0.175020,-0.135633,-0.028251,-0.055613,0.931301,-0.557452,0.061149,0.078208,0.047694,0.099759,-1.151471,0.153195,-0.838455,0.630583,0.208050,-0.210778,0.407499,-0.847681,-0.105924,0.827245,0.763959,0.087160,-0.089305,-0.187273
-0.077617,0.591545,0.732078,0.052592,-0.090099,0.514224,0.851287,-0.252943,0.052764,0.031360,1.327425,-0.454285,0.169812,-0.124597,-0.027096,-0.039537,0.908475,-0.535892,0.068357,0.092553,0.063015,0.071769,-1.301051,0.198299,-0.871467,0.537457,0.197260,-0.223268,0.437887,-0.984522,-0.104811,0.850335,0.635589,0.120826,-0.104105,-0.193939
-0.079414,0.598582,0.737581,0.050281,-0.088462,0.496132,0.862264,-0.296198,0.061627,0.022740,1.378621,-0.393282,0.156812,-0.115699,-0.026058,-0.017585,0.880216,-0.507930,0.077501,0.105347,0.075348,0.043356,-1.460955,0.296210,-0.901709,0.498800,0.213043,-0.218159,0.488515,-1.158690,-0.147330,0.861189,0.535032,0.108655,-0.111732,-0.244657
-0.079237,0.606495,0.743330,0.047590,-0.085132,0.476894,0.873533,-0.339877,0.067182,0.013226,1.403287,-0.333935,0.138804,-0.108200,-0.025237,0.006474,0.846855,-0.480800,0.088994,0.120460,0.084350,0.010373,-1.621052,0.428394,-0.956643,0.488212,0.253079,-0.206976,0.543393,-1.349169,-0.206395,0.890785,0.470727,0.046468,-0.109988,-0.317923
-0.077387,0.615552,0.748830,0.044756,-0.080616,0.456372,0.884999,-0.380841,0.068371,0.002315,1.405452,-0.282883,0.119292,-0.102602,-0.025706,0.031531,0.813166,-0.458137,0.103212,0.137422,0.091159,-0.024270,-1.788437,0.577439,-1.043189,0.485534,0.308888,-0.191981,0.601919,-1.547629,-0.269025,0.934431,0.432811,-0.044189,-0.097645,-0.400698
-0.074858,0.625593,0.753953,0.042016,-0.075420,0.434425,0.896561,-0.415233,0.067666,-0.009487,1.389589,-0.240097,0.100922,-0.098867,-0.029597,0.056138,0.784358,-0.438504,0.119736,0.155818,0.098029,-0.055173,-1.956410,0.733230,-1.149521,0.489583,0.371901,-0.170840,0.666298,-1.743174,-0.335429,0.977723,0.416016,-0.136347,-0.076055,-0.488763
-0.072081,0.635800,0.758619,0.041456,-0.071689,0.413444,0.906756,-0.437814,0.064808,-0.022922,1.346979,-0.220313,0.085475,-0.095073,-0.039816,0.074633,0.762154,-0.419115,0.137094,0.180016,0.107453,-0.082459,-2.087185,0.881206,-1.256300,0.506188,0.429322,-0.148991,0.723994,-1.907604,-0.403806,1.034334,0.429200,-0.209799,-0.051835,-0.570172
-0.068953,0.646354,0.762737,0.042713,-0.068316,0.393809,0.915654,-0.446945,0.063905,-0.032300,1.280546,-0.220208,0.070673,-0.091299,-0.058326,0.084841,0.746582,-0.400422,0.154832,0.211251,0.119603,-0.108890,-2.185894,1.005416,-1.337548,0.537011,0.463971,-0.131461,0.775145,-2.043748,-0.473160,1.106183,0.457723,-0.250123,-0.034739,-0.638521
-0.065301,0.657655,0.766194,0.045449,-0.065016,0.375948,0.923239,-0.439469,0.065028,-0.038088,1.188981,-0.227284,0.053073,-0.085703,-0.084764,0.085341,0.733454,-0.384896,0.171688,0.245405,0.134052,-0.134240,-2.255575,1.105817,-1.385944,0.579606,0.473019,-0.121163,0.817484,-2.156264,-0.540498,1.183700,0.491191,-0.251504,-0.031335,-0.689445
-0.060963,0.669991,0.768768,0.049326,-0.061509,0.360289,0.929503,-0.415975,0.064529,-0.046707,1.075734,-0.230814,0.032090,-0.077590,-0.115769,0.078864,0.721640,-0.374965,0.185961,0.276373,0.150072,-0.157752,-2.293118,1.195326,-1.408086,0.629456,0.465505,-0.115941,0.852119,-2.248014,-0.606062,1.257022,0.527960,-0.230145,-0.038878,-0.722934
-0.056039,0.683428,0.770085,0.053368,-0.057364,0.348626,0.933981,-0.384448,0.059603,-0.063458,0.956705,-0.228165,0.010886,-0.069933,-0.147196,0.071840,0.716141,-0.371715,0.196173,0.299968,0.166662,-0.181491,-2.300650,1.286609,-1.411686,0.683283,0.449685,-0.109793,0.886782,-2.323566,-0.675367,1.323224,0.569929,-0.219552,-0.046756,-0.743068
-0.051780,0.697590,0.769794,0.056933,-0.053024,0.339965,0.937215,-0.349601,0.052390,-0.084389,0.839363,-0.221051,-0.010233,-0.063366,-0.181234,0.060054,0.712917,-0.375819,0.200446,0.313938,0.183338,-0.207269,-2.284438,1.376608,-1.404711,0.742847,0.420579,-0.104521,0.912396,-2.379700,-0.745945,1.377035,0.621211,-0.217267,-0.053920,-0.746275
-0.048429,0.711504,0.767940,0.059985,-0.049126,0.334327,0.939262,-0.314769,0.042324,-0.107286,0.740143,-0.208838,-0.028708,-0.057174,-0.214678,0.047125,0.712820,-0.387887,0.200816,0.314899,0.197213,-0.229428,-2.257246,1.459097,-1.399109,0.798922,0.382927,-0.098051,0.929828,-2.414654,-0.810765,1.406908,0.679986,-0.220095,-0.054937,-0.737514
-0.046148,0.724185,0.764864,0.062489,-0.046308,0.331727,0.940164,-0.282858,0.028338,-0.132514,0.671196,-0.193873,-0.041664,-0.050231,-0.243055,0.039670,0.717813,-0.406490,0.200086,0.304149,0.206385,-0.242219,-2.225788,1.533879,-1.400000,0.844174,0.340024,-0.090127,0.942567,-2.430907,-0.868624,1.410445,0.744544,-0.221485,-0.047422,-0.726482
-0.045803,0.735049,0.760996,0.064844,-0.046934,0.332087,0.939846,-0.256285,0.013069,-0.158803,0.628092,-0.185016,-0.049224,-0.041982,-0.266901,0.037662,0.725451,-0.427723,0.198204,0.290521,0.212873,-0.246197,-2.186674,1.606237,-1.400169,0.885143,0.282324,-0.087460,0.945884,-2.434916,-0.927557,1.404046,0.817354,-0.203124,-0.039408,-0.718630
-0.046405,0.743250,0.756820,0.067562,-0.049305,0.332925,0.939237,-0.236449,0.000895,-0.179202,0.610943,-0.185397,-0.053146,-0.033866,-0.286463,0.038637,0.737672,-0.450434,0.195215,0.277852,0.217950,-0.238697,-2.153921,1.670648,-1.400390,0.923568,0.210258,-0.089681,0.943214,-2.436365,-0.987541,1.400174,0.891756,-0.156271,-0.033888,-0.715490
-0.046828,0.748098,0.752774,0.070635,-0.052534,0.334196,0.938384,-0.223126,-0.007114,-0.189471,0.610066,-0.192313,-0.054795,-0.026242,-0.302074,0.039413,0.751503,-0.475150,0.192830,0.267876,0.219443,-0.220527,-2.128444,1.728631,-1.400224,0.962874,0.128876,-0.094721,0.934513,-2.438218,-1.050455,1.400086,0.964973,-0.083388,-0.032532,-0.715486
-0.046213,0.749676,0.749271,0.074057,-0.055730,0.335853,0.937343,-0.215825,-0.012520,-0.190816,0.615207,-0.201689,-0.054699,-0.019181,-0.312638,0.040306,0.762538,-0.501348,0.191534,0.259927,0.215339,-0.194939,-2.104322,1.785080,-1.398759,1.004707,0.044551,-0.100257,0.920243,-2.438888,-1.118517,1.400000,1.033329,0.002474,-0.035910,-0.718268
-0.044209,0.748829,0.746713,0.076765,-0.056922,0.338150,0.936227,-0.215143,-0.016350,-0.188075,0.626454,-0.211005,-0.053434,-0.013898,-0.315912,0.044424,0.769596,-0.526375,0.188833,0.251628,0.207108,-0.164683,-2.083176,1.839540,-1.397534,1.045506,-0.037051,-0.103904,0.905716,-2.438248,-1.190537,1.399517,1.087765,0.083402,-0.042639,-0.726682
-0.042175,0.745642,0.745365,0.078078,-0.056753,0.340191,0.935389,-0.222143,-0.016315,-0.183492,0.643618,-0.215783,-0.053599,-0.011456,-0.314348,0.044538,0.768929,-0.548665,0.184331,0.245407,0.196329,-0.132990,-2.067366,1.889549,-1.396759,1.084836,-0.113852,-0.105504,0.889427,-2.439469,-1.266533,1.402725,1.128482,0.153034,-0.051041,-0.739878
-0.040674,0.740023,0.745218,0.077517,-0.055775,0.342836,0.934528,-0.237749,-0.012846,-0.175757,0.668091,-0.214715,-0.054484,-0.011061,-0.305610,0.041127,0.758925,-0.561657,0.180628,0.240279,0.182771,-0.099998,-2.056230,1.936269,-1.396849,1.124508,-0.181959,-0.103836,0.866402,-2.439080,-1.349865,1.406004,1.159263,0.208974,-0.059657,-0.754190
-0.040181,0.732476,0.746079,0.074601,-0.054541,0.346940,0.933323,-0.261318,-0.008581,-0.163663,0.702581,-0.210689,-0.053368,-0.012268,-0.287635,0.039782,0.741013,-0.559856,0.180137,0.234993,0.166341,-0.064633,-2.049028,1.981374,-1.397136,1.168063,-0.241346,-0.098149,0.833120,-2.427531,-1.443483,1.401536,1.184765,0.253114,-0.068707,-0.764467
-0.041847,0.724180,0.747755,0.068632,-0.053430,0.351114,0.932284,-0.290188,-0.005656,-0.148763,0.750655,-0.208443,-0.048537,-0.017161,-0.264931,0.041802,0.719738,-0.544917,0.181491,0.231622,0.148572,-0.026217,-2.049141,2.024189,-1.397147,1.220454,-0.296363,-0.088192,0.787521,-2.398716,-1.543994,1.384830,1.211045,0.293732,-0.077960,-0.762987
-0.045185,0.715532,0.750175,0.062168,-0.052663,0.354277,0.931584,-0.322291,-0.004679,-0.131637,0.818022,-0.209328,-0.039272,-0.028269,-0.242266,0.042140,0.704271,-0.519875,0.179511,0.228492,0.129603,0.019515,-2.063603,2.066971,-1.404957,1.286886,-0.334968,-0.067561,0.718736,-2.366904,-1.638282,1.356513,1.248455,0.340920,-0.077487,-0.734979
-0.049360,0.706905,0.752519,0.055724,-0.051642,0.356726,0.931114,-0.355837,-0.003406,-0.110889,0.902404,-0.215041,-0.024979,-0.044150,-0.221237,0.040328,0.697349,-0.494672,0.174299,0.223731,0.109409,0.073581,-2.087391,2.106156,-1.416475,1.371102,-0.348295,-0.042528,0.622065,-2.341975,-1.725975,1.332037,1.304819,0.393361,-0.070564,-0.678525
-0.053406,0.698292,0.754071,0.049817,-0.049770,0.358761,0.930769,-0.389060,-0.001979,-0.088714,0.992542,-0.225633,-0.006952,-0.063271,-0.201969,0.038975,0.694892,-0.475691,0.166227,0.224577,0.089452,0.131308,-2.106584,2.128596,-1.416027,1.469456,-0.336248,-0.017098,0.506303,-2.321038,-1.813744,1.324012,1.377828,0.438558,-0.058577,-0.598072
-0.056539,0.689664,0.754705,0.045260,-0.046014,0.358855,0.931159,-0.418153,-0.003389,-0.072816,1.076458,-0.239479,0.010712,-0.085842,-0.183972,0.037929,0.694318,-0.461013,0.151160,0.244329,0.072934,0.184459,-2.107111,2.116414,-1.386294,1.568248,-0.304730,0.016676,0.391119,-2.293096,-1.905901,1.328660,1.454962,0.461755,-0.031566,-0.494759
-0.059716,0.683660,0.753123,0.040227,-0.045856,0.357199,0.932034,-0.432696,0.000788,-0.064071,1.157575,-0.262162,0.025327,-0.104713,-0.162244,0.032352,0.708848,-0.462669,0.130239,0.269613,0.062044,0.228082,-2.076339,2.063130,-1.316223,1.651397,-0.260215,0.044147,0.292355,-2.251960,-2.012776,1.347692,1.528989,0.461001,-0.006492,-0.376673
-0.063021,0.679770,0.750261,0.035505,-0.047642,0.355414,0.932819,-0.435578,0.001740,-0.060082,1.213169,-0.288085,0.041138,-0.123855,-0.144638,0.025096,0.735588,-0.479808,0.109401,0.298892,0.061198,0.250369,-1.992510,1.943936,-1.188212,1.685438,-0.214572,0.051558,0.241932,-2.159544,-2.126531,1.375888,1.576766,0.439970,0.015355,-0.262643
-0.066334,0.676218,0.747507,0.031882,-0.049716,0.355129,0.932950,-0.436850,-0.010891,-0.056282,1.228664,-0.309514,0.062966,-0.149013,-0.139925,0.023687,0.766804,-0.504405,0.095120,0.332231,0.071726,0.246717,-1.854734,1.759631,-1.021870,1.655902,-0.175488,0.038798,0.245967,-1.999186,-2.207587,1.397433,1.583058,0.411960,0.041151,-0.168435
-0.070617,0.672908,0.744711,0.035261,-0.047001,0.357873,0.931920,-0.441222,-0.030064,-0.048586,1.228078,-0.328482,0.089170,-0.175820,-0.144162,0.031550,0.804997,-0.533750,0.089747,0.355937,0.088478,0.229846,-1.697878,1.560868,-0.886588,1.589563,-0.138521,0.017482,0.261633,-1.813000,-2.203260,1.393866,1.560384,0.396760,0.067794,-0.095710
-0.076946,0.668962,0.742809,0.047030,-0.029828,0.367255,0.928451,-0.447976,-0.050439,-0.042301,1.219692,-0.346963,0.114943,-0.200738,-0.152864,0.042576,0.842952,-0.563861,0.089374,0.366605,0.109360,0.206603,-1.534301,1.355769,-0.790698,1.493698,-0.098360,-0.009581,0.277534,-1.613746,-2.123694,1.365764,1.513735,0.390687,0.090449,-0.044114
-0.083742,0.664160,0.741549,0.059795,-0.010258,0.378626,0.923559,-0.455096,-0.066594,-0.042040,1.210344,-0.366856,0.136316,-0.219930,-0.161153,0.050958,0.873118,-0.590316,0.090563,0.363004,0.132811,0.183418,-1.374809,1.145844,-0.734299,1.370708,-0.054753,-0.038904,0.288506,-1.408082,-1.991537,1.312865,1.445355,0.388404,0.104738,-0.013526
-0.088869,0.658765,0.740260,0.066216,-0.000391,0.387773,0.919373,-0.459848,-0.073073,-0.048895,1.206930,-0.389686,0.151111,-0.229781,-0.164579,0.053454,0.891469,-0.609520,0.091744,0.343629,0.157015,0.165874,-1.233814,0.935136,-0.716891,1.224607,-0.011769,-0.067402,0.292040,-1.208987,-1.825083,1.234935,1.356712,0.388577,0.105987,-0.003701
-0.092244,0.653589,0.738900,0.063538,-0.003655,0.394702,0.916602,-0.459223,-0.066515,-0.061162,1.211120,-0.414920,0.158627,-0.228745,-0.160977,0.048859,0.896842,-0.618804,0.092799,0.308729,0.180127,0.155990,-1.126306,0.729452,-0.727657,1.061770,0.025369,-0.095587,0.293333,-1.036947,-1.638389,1.139277,1.248393,0.391408,0.089945,-0.013335
-0.094712,0.651903,0.736706,0.055017,-0.017773,0.398189,0.915480,-0.453469,-0.048716,-0.075227,1.216987,-0.436792,0.159223,-0.219333,-0.152616,0.039065,0.887715,-0.614384,0.095927,0.264282,0.200192,0.152468,-1.066711,0.547572,-0.752345,0.892370,0.053494,-0.123115,0.300391,-0.913562,-1.439829,1.039986,1.121747,0.396473,0.058683,-0.039262
-0.096543,0.653499,0.735149,0.042705,-0.038222,0.398809,0.915241,-0.444101,-0.024753,-0.086962,1.216621,-0.449252,0.154326,-0.205712,-0.143789,0.028544,0.866375,-0.594103,0.104541,0.218364,0.215960,0.152151,-1.061240,0.411007,-0.779593,0.729229,0.072552,-0.148747,0.319049,-0.849780,-1.235422,0.951111,0.982387,0.400480,0.018318,-0.076108
-0.098293,0.656986,0.735623,0.028668,-0.060473,0.397211,0.915284,-0.432378,-0.000351,-0.092153,1.202955,-0.449045,0.145668,-0.191979,-0.139534,0.021553,0.838488,-0.559147,0.121357,0.178337,0.227185,0.151085,-1.108802,0.332490,-0.804532,0.586160,0.086131,-0.169750,0.352347,-0.847185,-1.026841,0.882420,0.839156,0.397132,-0.023805,-0.120335
-0.101653,0.662906,0.737282,0.021779,-0.073071,0.394486,0.915733,-0.418239,0.019592,-0.087875,1.170776,-0.436909,0.134454,-0.181423,-0.145072,0.018959,0.810972,-0.514218,0.145933,0.149170,0.234355,0.145612,-1.202949,0.312342,-0.829080,0.475861,0.101423,-0.182097,0.401310,-0.902183,-0.814776,0.838061,0.702985,0.378378,-0.060977,-0.173143
-0.107773,0.670450,0.740368,0.023887,-0.067602,0.394554,0.916071,-0.399849,0.030060,-0.076449,1.117278,-0.416447,0.121290,-0.176789,-0.164909,0.016979,0.790292,-0.465099,0.172495,0.132855,0.237778,0.134077,-1.328416,0.350954,-0.856362,0.405768,0.127176,-0.183711,0.464800,-1.004062,-0.617702,0.818677,0.588047,0.337768,-0.087430,-0.235968
-0.115297,0.679262,0.743778,0.029083,-0.055912,0.393355,0.917224,-0.377940,0.032673,-0.061160,1.048995,-0.392065,0.107077,-0.176718,-0.195758,0.013472,0.775639,-0.414845,0.198518,0.125330,0.238822,0.118374,-1.468730,0.427595,-0.886491,0.363482,0.163877,-0.177129,0.536948,-1.132425,-0.448058,0.814950,0.491977,0.279721,-0.104853,-0.305716
-0.122618,0.689651,0.746749,0.031461,-0.049857,0.386881,0.920243,-0.352537,0.027945,-0.044087,0.971206,-0.367475,0.092982,-0.180901,-0.234440,0.008176,0.769246,-0.367707,0.220793,0.122895,0.238419,0.100214,-1.609768,0.530796,-0.923037,0.341660,0.206344,-0.165662,0.611109,-1.271328,-0.328222,0.821188,0.415490,0.213140,-0.115661,-0.379498
-0.129924,0.701800,0.750333,0.034885,-0.043553,0.380476,0.923106,-0.320739,0.010462,-0.025831,0.880632,-0.344840,0.079988,-0.192828,-0.284002,0.001006,0.780833,-0.329852,0.233136,0.126704,0.236037,0.078764,-1.742324,0.675759,-0.974311,0.352493,0.251250,-0.149688,0.684299,-1.418369,-0.290659,0.842554,0.374389,0.141674,-0.117317,-0.458195
-0.136759,0.714681,0.754084,0.040245,-0.038522,0.374599,0.925512,-0.284161,-0.015801,-0.007238,0.782423,-0.325008,0.068403,-0.209418,-0.341144,-0.007761,0.804275,-0.297500,0.238770,0.133785,0.232443,0.056024,-1.865182,0.844045,-1.035097,0.382685,0.300815,-0.130136,0.755527,-1.565933,-0.309351,0.870163,0.357960,0.064661,-0.112199,-0.538896
-0.142698,0.727217,0.757224,0.047086,-0.034345,0.369656,0.927339,-0.244582,-0.049073,0.008896,0.683059,-0.309019,0.057910,-0.232192,-0.398634,-0.016313,0.845210,-0.280980,0.231535,0.140819,0.228899,0.031567,-1.967357,1.032476,-1.112644,0.428895,0.332921,-0.116273,0.818269,-1.703212,-0.394062,0.908604,0.363652,0.008056,-0.107252,-0.620767
-0.147575,0.738665,0.759731,0.054955,-0.030606,0.366056,0.928464,-0.205580,-0.087333,0.019213,0.592174,-0.295334,0.047937,-0.260996,-0.448142,-0.021436,0.904283,-0.282112,0.211211,0.146311,0.226538,0.005865,-2.036306,1.230437,-1.204506,0.484321,0.329630,-0.117343,0.866038,-1.822377,-0.546763,0.967347,0.386026,-0.012257,-0.107498,-0.695543
-0.151399,0.748544,0.762431,0.063368,-0.028491,0.364772,0.928501,-0.173325,-0.123469,0.021730,0.521385,-0.280582,0.037463,-0.287796,-0.483205,-0.021957,0.961753,-0.281377,0.194167,0.150642,0.225439,-0.016181,-2.073983,1.401635,-1.283254,0.528317,0.302012,-0.131424,0.901003,-1.924624,-0.716407,1.041450,0.407231,-0.018282,-0.111989,-0.750514
-0.154260,0.756493,0.765238,0.070426,-0.027036,0.364354,0.928200,-0.148849,-0.151075,0.016587,0.467182,-0.271174,0.023992,-0.308747,-0.503195,-0.026881,1.010549,-0.291081,0.179790,0.153987,0.222787,-0.030293,-2.101280,1.549887,-1.344623,0.572389,0.249300,-0.145661,0.935175,-2.020667,-0.891415,1.109053,0.437671,-0.011687,-0.120332,-0.810631
-0.156357,0.762642,0.767620,0.076390,-0.026371,0.364143,0.927830,-0.129385,-0.170206,0.010900,0.425959,-0.268170,0.011653,-0.320705,-0.511944,-0.038758,1.043158,-0.311780,0.168283,0.158913,0.214666,-0.032962,-2.123518,1.682614,-1.384727,0.622029,0.175045,-0.156735,0.975136,-2.100208,-1.069688,1.160364,0.484735,0.008656,-0.130321,-0.880671
-0.157832,0.767259,0.769314,0.081521,-0.026625,0.363475,0.927648,-0.113377,-0.182720,0.010568,0.398102,-0.269663,0.004467,-0.320041,-0.510719,-0.055457,1.052183,-0.335031,0.161583,0.163580,0.198076,-0.022367,-2.137886,1.803011,-1.402446,0.676845,0.090771,-0.165934,1.011277,-2.139409,-1.236831,1.177426,0.552257,0.045106,-0.140766,-0.940568
-0.158702,0.770417,0.770535,0.083766,-0.027229,0.364044,0.927208,-0.102677,-0.187970,0.013357,0.384975,-0.276214,-0.000180,-0.304801,-0.496162,-0.075868,1.036634,-0.359046,0.158440,0.159513,0.173090,0.000224,-2.148256,1.914693,-1.406495,0.739319,0.010305,-0.170599,1.022857,-2.119098,-1.366888,1.125008,0.643588,0.100287,-0.153015,-0.967919
-0.159139,0.772376,0.771024,0.084816,-0.028056,0.365204,0.926631,-0.095803,-0.188615,0.017989,0.382763,-0.285058,-0.002873,-0.280333,-0.473925,-0.096117,1.003696,-0.382382,0.156473,0.148521,0.144674,0.029401,-2.154933,2.019513,-1.403664,0.801908,-0.060193,-0.172233,1.012363,-2.029623,-1.455890,1.012102,0.740898,0.158426,-0.164187,-0.963751
-0.159204,0.773462,0.770983,0.084580,-0.028790,0.366662,0.926054,-0.092363,-0.184796,0.024767,0.387775,-0.294829,-0.004372,-0.251098,-0.449342,-0.117275,0.960771,-0.402794,0.154263,0.133593,0.116143,0.057843,-2.159877,2.112661,-1.400459,0.860315,-0.115941,-0.171520,0.982808,-1.874183,-1.505235,0.847360,0.832233,0.210747,-0.172682,-0.935506
-0.158928,0.773997,0.770803,0.082968,-0.029115,0.368123,0.925610,-0.092249,-0.176843,0.033492,0.397921,-0.304323,-0.005801,-0.221333,-0.427240,-0.140131,0.916108,-0.416524,0.152102,0.117799,0.090086,0.078876,-2.163795,2.184952,-1.399973,0.910543,-0.152995,-0.168331,0.938698,-1.677490,-1.519288,0.650653,0.909172,0.251608,-0.177133,-0.892413
-0.158469,0.774261,0.770588,0.080987,-0.029138,0.369636,0.925182,-0.093910,-0.168011,0.042220,0.411006,-0.310883,-0.007630,-0.196969,-0.412437,-0.160027,0.879908,-0.420402,0.151138,0.105100,0.069549,0.088999,-2.163904,2.229959,-1.400022,0.946088,-0.172465,-0.163458,0.892549,-1.481834,-1.508438,0.463994,0.961292,0.273244,-0.175304,-0.846834
-0.158021,0.774442,0.770511,0.078526,-0.028868,0.371709,0.924571,-0.096335,-0.158596,0.049900,0.420803,-0.314281,-0.008870,-0.181058,-0.402321,-0.174902,0.857601,-0.419402,0.150411,0.096281,0.052783,0.089791,-2.161949,2.253846,-1.400019,0.971505,-0.187204,-0.158440,0.856449,-1.309637,-1.486850,0.301976,0.993265,0.286365,-0.169768,-0.813306
-0.157572,0.774599,0.770658,0.076133,-0.028477,0.373916,0.923894,-0.097872,-0.150032,0.057382,0.424448,-0.314491,-0.008976,-0.173781,-0.396230,-0.183051,0.848067,-0.415097,0.150808,0.093083,0.039581,0.084871,-2.160085,2.260694,-1.399996,0.987583,-0.203650,-0.155211,0.833839,-1.173824,-1.468516,0.181529,1.008825,0.299087,-0.164743,-0.796699
-0.157074,0.774695,0.771082,0.074360,-0.028137,0.375832,0.923271,-0.097278,-0.143315,0.065072,0.422744,-0.312268,-0.007948,-0.172540,-0.393337,-0.184204,0.847056,-0.407084,0.153063,0.093966,0.030213,0.078616,-2.159318,2.256414,-1.400000,0.994804,-0.221250,-0.154422,0.820939,-1.078725,-1.458902,0.104972,1.013711,0.312011,-0.162518,-0.791273
-0.156606,0.774729,0.771885,0.072541,-0.028225,0.377973,0.922539,-0.094851,-0.137207,0.071619,0.417088,-0.309604,-0.005914,-0.173563,-0.390117,-0.181030,0.850957,-0.397414,0.155669,0.092450,0.023710,0.074514,-2.159592,2.252757,-1.400002,0.997379,-0.237317,-0.154922,0.813633,-1.018082,-1.453680,0.049287,1.016927,0.321071,-0.162119,-0.788439
-0.156189,0.774999,0.773088,0.070344,-0.027780,0.379888,0.921936,-0.091391,-0.131894,0.077818,0.406632,-0.306911,-0.003416,-0.176905,-0.388293,-0.177399,0.856762,-0.388096,0.158551,0.089342,0.021830,0.071359,-2.160439,2.252369,-1.399995,0.990626,-0.246840,-0.156958,0.816338,-0.979467,-1.456651,0.017175,1.010192,0.320869,-0.162980,-0.791662
-0.155905,0.775395,0.774621,0.067632,-0.026757,0.381591,0.921465,-0.088568,-0.126458,0.084056,0.393002,-0.304748,-0.000982,-0.181523,-0.386967,-0.176275,0.861818,-0.380343,0.160633,0.084972,0.021379,0.069211,-2.162314,2.252070,-1.400009,0.977539,-0.250897,-0.159824,0.824198,-0.945513,-1.462959,-0.003057,0.995341,0.313748,-0.164984,-0.796950
-0.155775,0.775687,0.776323,0.064268,-0.025113,0.383097,0.921127,-0.087621,-0.120701,0.089473,0.379174,-0.303589,0.001115,-0.186069,-0.384816,-0.178065,0.865207,-0.374980,0.160573,0.079389,0.018991,0.068945,-2.164809,2.248505,-1.400000,0.964756,-0.251706,-0.161788,0.830261,-0.908317,-1.467243,-0.022562,0.979393,0.301975,-0.167253,-0.798879
-0.155506,0.775912,0.777972,0.061055,-0.022798,0.384510,0.920818,-0.088361,-0.115994,0.093082,0.367001,-0.303495,0.002997,-0.190665,-0.382926,-0.181175,0.867923,-0.372826,0.158385,0.073818,0.015543,0.070210,-2.166675,2.241679,-1.399941,0.954427,-0.249475,-0.161686,0.834956,-0.874128,-1.470630,-0.033927,0.962522,0.282831,-0.168446,-0.799127
-0.154265,0.775889,0.779400,0.057697,-0.020103,0.385946,0.920496,-0.090724,-0.109741,0.096816,0.357756,-0.305656,0.005223,-0.194843,-0.378712,-0.186788,0.868896,-0.374184,0.155364,0.066286,0.007550,0.072560,-2.171839,2.232488,-1.400226,0.948396,-0.254748,-0.161319,0.835303,-0.834200,-1.460668,-0.044362,0.944332,0.265142,-0.170898,-0.794552
-0.151773,0.775277,0.780519,0.054272,-0.016922,0.387481,0.920123,-0.095408,-0.101496,0.100494,0.351786,-0.310976,0.008147,-0.198850,-0.370538,-0.193072,0.867134,-0.379955,0.152154,0.055674,-0.005782,0.075431,-2.176679,2.221075,-1.399550,0.946412,-0.266845,-0.161152,0.828510,-0.785442,-1.435089,-0.058551,0.925792,0.250715,-0.175206,-0.784930
-0.148230,0.773732,0.781248,0.050858,-0.013146,0.389188,0.919659,-0.103167,-0.091648,0.103511,0.350907,-0.319176,0.011048,-0.202690,-0.358373,-0.198402,0.862042,-0.390257,0.148170,0.042421,-0.023627,0.078164,-2.179458,2.208847,-1.400000,0.948192,-0.280736,-0.160864,0.814256,-0.728262,-1.394625,-0.076526,0.905932,0.236765,-0.180090,-0.772123
-0.143880,0.771142,0.781533,0.047590,-0.009579,0.390600,0.919280,-0.114135,-0.078963,0.106880,0.358623,-0.328449,0.012394,-0.205549,-0.342831,-0.204968,0.853380,-0.403229,0.141844,0.027513,-0.047557,0.080108,-2.185410,2.197707,-1.407369,0.955582,-0.297016,-0.160420,0.792854,-0.659922,-1.331165,-0.097090,0.881688,0.223911,-0.184012,-0.756499
-0.139002,0.767864,0.781572,0.044337,-0.006287,0.392089,0.918837,-0.128228,-0.063382,0.109505,0.372932,-0.335862,0.012627,-0.208162,-0.325166,-0.213908,0.842467,-0.416861,0.131586,0.011485,-0.082609,0.080756,-2.180919,2.180279,-1.414342,0.970417,-0.310281,-0.157621,0.757317,-0.583269,-1.238516,-0.116003,0.858294,0.213926,-0.185129,-0.736943
-0.134162,0.763777,0.780613,0.041390,-0.003620,0.394078,0.918137,-0.143263,-0.045437,0.112015,0.390343,-0.339165,0.011593,-0.208976,-0.307622,-0.226739,0.830683,-0.429651,0.118316,-0.004149,-0.129519,0.079585,-2.151506,2.148002,-1.411270,0.991665,-0.318518,-0.151781,0.704013,-0.507828,-1.117187,-0.128445,0.836031,0.205616,-0.181343,-0.712637
-0.129716,0.758142,0.778105,0.039039,-0.001929,0.396991,0.916990,-0.159394,-0.025436,0.115601,0.411010,-0.337616,0.009645,-0.207280,-0.291783,-0.243831,0.818253,-0.440739,0.103626,-0.014044,-0.178248,0.078123,-2.067785,2.084028,-1.377481,1.011280,-0.319477,-0.143093,0.635005,-0.438919,-0.979024,-0.124947,0.821616,0.196565,-0.169844,-0.678860
-0.125536,0.750167,0.774733,0.038615,-0.000578,0.400960,0.915281,-0.181224,-0.002684,0.119750,0.441077,-0.333159,0.008657,-0.205517,-0.276669,-0.262888,0.804346,-0.449994,0.088041,-0.010703,-0.209793,0.079186,-1.897179,1.967562,-1.285908,1.015429,-0.304052,-0.132268,0.557713,-0.373350,-0.846489,-0.093970,0.832446,0.185046,-0.148943,-0.628373
-0.121951,0.740282,0.770847,0.037277,-0.000846,0.404622,0.913724,-0.208620,0.024856,0.122975,0.487702,-0.332371,0.009018,-0.202859,-0.258764,-0.281054,0.789698,-0.458264,0.073461,0.002991,-0.215498,0.078481,-1.697400,1.816620,-1.155078,0.999230,-0.258884,-0.124617,0.486041,-0.319497,-0.737809,-0.044261,0.861361,0.167087,-0.124634,-0.569747
-0.119232,0.729366,0.766705,0.035405,-0.002637,0.407741,0.912407,-0.240171,0.056272,0.124193,0.553736,-0.335839,0.010390,-0.198919,-0.237972,-0.297186,0.775320,-0.465562,0.059800,0.022875,-0.197002,0.075887,-1.494567,1.647718,-1.005983,0.964711,-0.186703,-0.121905,0.424166,-0.278784,-0.656080,0.017323,0.902660,0.140531,-0.099558,-0.508488
-0.117476,0.718363,0.762635,0.033378,-0.005857,0.410077,0.911421,-0.273650,0.088829,0.122962,0.638730,-0.340556,0.012507,-0.194705,-0.215921,-0.310898,0.762941,-0.470848,0.046187,0.045217,-0.161308,0.073621,-1.285373,1.471718,-0.856003,0.917370,-0.099177,-0.123278,0.368705,-0.247585,-0.595638,0.086992,0.954180,0.105531,-0.073977,-0.445873
-0.116661,0.708234,0.759016,0.031344,-0.011846,0.410342,0.911316,-0.305347,0.119983,0.119414,0.740728,-0.344970,0.015526,-0.191995,-0.192924,-0.321264,0.755415,-0.472570,0.033042,0.065792,-0.116194,0.071557,-1.074802,1.301142,-0.724638,0.863743,-0.005205,-0.128369,0.315857,-0.224272,-0.550925,0.158634,1.011295,0.063652,-0.049669,-0.383655
-0.116589,0.700090,0.756141,0.028354,-0.018189,0.409918,0.911500,-0.330689,0.145991,0.114536,0.853622,-0.347104,0.019566,-0.192602,-0.169674,-0.327796,0.755265,-0.469265,0.021404,0.081546,-0.069463,0.069880,-0.862865,1.143787,-0.624454,0.811281,0.084201,-0.135944,0.261592,-0.205721,-0.515464,0.226577,1.069625,0.017759,-0.027926,-0.322834
-0.116943,0.694350,0.754496,0.024503,-0.024243,0.409390,0.911708,-0.344247,0.161574,0.109612,0.963660,-0.346928,0.024902,-0.199583,-0.148086,-0.330268,0.766476,-0.458901,0.013140,0.090680,-0.028302,0.068696,-0.652481,1.006096,-0.562974,0.768044,0.158431,-0.144471,0.203839,-0.187428,-0.484889,0.285195,1.123898,-0.027436,-0.010540,-0.264481
-0.117236,0.690413,0.753838,0.019884,-0.029364,0.409350,0.911688,-0.345404,0.165749,0.105423,1.062716,-0.345224,0.031304,-0.213419,-0.128663,-0.329563,0.789119,-0.441643,0.008708,0.093998,0.004860,0.067589,-0.442183,0.887041,-0.535101,0.736386,0.215719,-0.153055,0.142463,-0.166396,-0.456397,0.333343,1.171617,-0.068926,0.002055,-0.208464
-0.117089,0.687044,0.752717,0.015695,-0.031541,0.408969,0.911868,-0.338597,0.162740,0.102041,1.150819,-0.343932,0.038479,-0.231970,-0.110793,-0.327208,0.819727,-0.420154,0.007105,0.094230,0.032367,0.065750,-0.230856,0.778549,-0.524935,0.712862,0.263846,-0.161523,0.079166,-0.143350,-0.428521,0.374792,1.213426,-0.107022,0.011192,-0.154115
-0.117262,0.683766,0.750227,0.011578,-0.032937,0.407525,0.912526,-0.317280,0.147147,0.100012,1.203013,-0.351857,0.049290,-0.262427,-0.101456,-0.321379,0.869422,-0.391632,0.012276,0.089958,0.049616,0.063092,-0.059434,0.688391,-0.536809,0.706243,0.299349,-0.168568,0.018602,-0.120542,-0.404424,0.405637,1.242436,-0.138942,0.014615,-0.106333
-0.118213,0.680203,0.746021,0.008562,-0.033636,0.405283,0.913532,-0.283671,0.120395,0.098787,1.225555,-0.366785,0.063051,-0.302942,-0.098329,-0.312603,0.935153,-0.356725,0.022949,0.082325,0.057571,0.059075,0.063538,0.613333,-0.568238,0.714746,0.324085,-0.174011,-0.040345,-0.096997,-0.382435,0.426472,1.260277,-0.164148,0.013009,-0.063031
-0.120174,0.675919,0.740842,0.007678,-0.033719,0.402511,0.914762,-0.241461,0.086789,0.098607,1.214212,-0.393641,0.080518,-0.352821,-0.104663,-0.301641,1.015421,-0.318419,0.038945,0.072768,0.059462,0.055033,0.142871,0.548267,-0.603981,0.734586,0.344405,-0.177885,-0.093070,-0.076391,-0.364561,0.442562,1.268744,-0.185987,0.008404,-0.026563
-0.123581,0.670703,0.736542,0.011195,-0.034474,0.399378,0.916069,-0.188256,0.048352,0.101012,1.131262,-0.451668,0.106204,-0.419757,-0.136412,-0.285385,1.119542,-0.279746,0.064701,0.060010,0.055507,0.054874,0.170699,0.499684,-0.628274,0.768850,0.365054,-0.179490,-0.124730,-0.069298,-0.360422,0.459291,1.262788,-0.209913,0.001777,-0.009705
-0.128635,0.665052,0.734287,0.015700,-0.036010,0.397582,0.916725,-0.134272,0.016898,0.103309,1.017662,-0.523501,0.133833,-0.492377,-0.181895,-0.257192,1.220498,-0.248983,0.091000,0.044802,0.049553,0.058714,0.176682,0.470518,-0.651283,0.806135,0.389951,-0.179599,-0.139852,-0.071438,-0.363997,0.479595,1.250488,-0.238014,-0.003138,-0.006877
-0.134241,0.658834,0.734684,0.020918,-0.038142,0.397449,0.916593,-0.083735,-0.004437,0.105290,0.901685,-0.592084,0.158954,-0.558642,-0.231137,-0.215501,1.302332,-0.232691,0.112624,0.027968,0.043557,0.065305,0.173183,0.456106,-0.675552,0.843006,0.417192,-0.178541,-0.140439,-0.077244,-0.370297,0.499458,1.237342,-0.266718,-0.005880,-0.017468
-0.138995,0.652401,0.737794,0.026576,-0.040684,0.399302,0.915531,-0.035768,-0.019119,0.106441,0.791590,-0.646193,0.178075,-0.608143,-0.279830,-0.165157,1.353268,-0.232638,0.127624,0.011222,0.038454,0.073941,0.158089,0.452167,-0.696893,0.879061,0.441572,-0.177868,-0.127076,-0.083523,-0.378544,0.514099,1.224066,-0.288438,-0.008034,-0.042675
-0.142209,0.647162,0.743180,0.031406,-0.044576,0.403898,0.913177,0.008516,-0.029459,0.102496,0.697228,-0.675970,0.186060,-0.630657,-0.323819,-0.114463,1.352723,-0.245609,0.133062,-0.002145,0.035989,0.085033,0.134551,0.459760,-0.714509,0.908215,0.458523,-0.180806,-0.105638,-0.088281,-0.388710,0.523308,1.210514,-0.295429,-0.010089,-0.076030
-0.143078,0.642657,0.750219,0.036060,-0.048347,0.409813,0.910173,0.046261,-0.037461,0.090524,0.623151,-0.681707,0.184026,-0.624656,-0.361002,-0.069566,1.301605,-0.265421,0.132536,-0.010079,0.035883,0.098673,0.106570,0.473632,-0.725850,0.930229,0.464246,-0.186453,-0.080733,-0.090537,-0.398809,0.524808,1.198213,-0.284978,-0.011575,-0.109279
-0.141329,0.639069,0.757235,0.040078,-0.051568,0.416796,0.906651,0.075420,-0.043226,0.069421,0.569385,-0.671585,0.175138,-0.595353,-0.389481,-0.032904,1.205763,-0.283146,0.133527,-0.012230,0.037908,0.113636,0.074970,0.491130,-0.732919,0.945100,0.461754,-0.193518,-0.052820,-0.091011,-0.407216,0.518841,1.190566,-0.256831,-0.011401,-0.138503
-0.137379,0.636495,0.762826,0.043001,-0.053809,0.424600,0.902757,0.096604,-0.045809,0.041998,0.532398,-0.654837,0.163011,-0.550203,-0.407125,-0.007032,1.078513,-0.291318,0.141531,-0.009647,0.041882,0.128133,0.041420,0.511080,-0.738490,0.951893,0.453458,-0.201396,-0.023186,-0.091736,-0.413577,0.508670,1.189081,-0.217544,-0.009780,-0.162450
-0.132198,0.634039,0.766818,0.044520,-0.055637,0.431601,0.899246,0.112455,-0.044521,0.014312,0.507381,-0.636906,0.150823,-0.496029,-0.412497,0.004874,0.943274,-0.287934,0.156298,-0.004052,0.047290,0.140951,0.010824,0.530822,-0.742024,0.950205,0.436485,-0.209389,0.003280,-0.094679,-0.418566,0.498627,1.191416,-0.180768,-0.008473,-0.179816
-0.126945,0.631816,0.768381,0.044357,-0.057565,0.437775,0.896143,0.122293,-0.038658,-0.012656,0.493564,-0.622542,0.139015,-0.441143,-0.407012,0.009631,0.815285,-0.275640,0.175290,0.003235,0.054220,0.151615,-0.016907,0.549719,-0.745099,0.942085,0.416492,-0.215255,0.026942,-0.099292,-0.422597,0.491221,1.197013,-0.151404,-0.006160,-0.191209
-0.121845,0.628883,0.768564,0.042802,-0.059432,0.442898,0.893575,0.125202,-0.027571,-0.035757,0.489468,-0.611489,0.128286,-0.390084,-0.391507,0.009823,0.709360,-0.259570,0.193122,0.009853,0.061492,0.158106,-0.039704,0.564544,-0.747203,0.931921,0.395152,-0.218332,0.047386,-0.103848,-0.425020,0.486599,1.203598,-0.131050,-0.003967,-0.198006
-0.116845,0.624737,0.768793,0.040145,-0.061076,0.446746,0.891671,0.122188,-0.011508,-0.052006,0.492121,-0.602289,0.119389,-0.346138,-0.368726,0.004750,0.634357,-0.245399,0.204561,0.013734,0.067139,0.159723,-0.055802,0.571969,-0.745812,0.924670,0.371560,-0.219068,0.063086,-0.105840,-0.425416,0.485093,1.208052,-0.119914,-0.004139,-0.201052
-0.112336,0.620454,0.769035,0.035899,-0.062531,0.449178,0.890528,0.115698,0.007856,-0.062656,0.498526,-0.595819,0.112249,-0.313587,-0.344640,-0.004658,0.586952,-0.236579,0.207785,0.014363,0.069774,0.159084,-0.067275,0.571680,-0.738962,0.924870,0.346824,-0.217660,0.072969,-0.102738,-0.424692,0.488289,1.208610,-0.116119,-0.006861,-0.199930
-0.108341,0.615559,0.769412,0.031244,-0.063050,0.451268,0.889610,0.104996,0.028385,-0.070326,0.507307,-0.590130,0.106890,-0.292040,-0.321422,-0.017851,0.559295,-0.230272,0.204184,0.011119,0.069103,0.157082,-0.075661,0.563336,-0.728033,0.938939,0.321416,-0.214217,0.076412,-0.094233,-0.423640,0.494333,1.205222,-0.114600,-0.010360,-0.193605
-0.104731,0.610716,0.770093,0.026318,-0.061992,0.453172,0.888875,0.090463,0.048132,-0.073274,0.513614,-0.583966,0.102273,-0.282837,-0.302055,-0.032732,0.543928,-0.224368,0.196858,0.004630,0.061410,0.153632,-0.082610,0.544655,-0.710840,0.974910,0.302571,-0.207177,0.079333,-0.077285,-0.421771,0.503328,1.199253,-0.112850,-0.013607,-0.181079
-0.101517,0.606629,0.771108,0.021263,-0.058711,0.455041,0.888278,0.074006,0.065815,-0.069587,0.514369,-0.577641,0.098363,-0.285752,-0.288475,-0.047523,0.536948,-0.219147,0.188625,-0.003166,0.044483,0.149622,-0.088981,0.515753,-0.686046,1.032836,0.293882,-0.196625,0.088264,-0.050565,-0.419063,0.515744,1.191976,-0.111657,-0.016875,-0.164234
-0.098867,0.602750,0.772277,0.017269,-0.053752,0.456157,0.888106,0.057536,0.080979,-0.060594,0.512379,-0.572502,0.096663,-0.296259,-0.279823,-0.062535,0.538229,-0.216259,0.180709,-0.009864,0.021236,0.147290,-0.094634,0.482148,-0.656709,1.100980,0.288809,-0.185431,0.103669,-0.017978,-0.416895,0.529423,1.184128,-0.112975,-0.020611,-0.147312
-0.096566,0.599486,0.773366,0.014235,-0.047448,0.456625,0.888279,0.041558,0.093534,-0.043512,0.507469,-0.570019,0.094365,-0.313805,-0.277661,-0.077706,0.546035,-0.217265,0.173424,-0.014079,-0.008727,0.146453,-0.101259,0.448760,-0.620876,1.173710,0.289948,-0.171271,0.123618,0.019103,-0.414487,0.540990,1.178689,-0.116388,-0.022966,-0.127405
-0.094310,0.596506,0.774300,0.012336,-0.039972,0.456462,0.888759,0.026989,0.103569,-0.018059,0.498028,-0.568672,0.088847,-0.336462,-0.281311,-0.091926,0.557413,-0.223031,0.165939,-0.016016,-0.044631,0.146001,-0.107477,0.419928,-0.577870,1.244633,0.295821,-0.154899,0.144700,0.057684,-0.410136,0.548209,1.176557,-0.120161,-0.023775,-0.103798
-0.091872,0.593441,0.775043,0.011749,-0.031498,0.455686,0.889505,0.015200,0.110797,0.012426,0.483736,-0.566445,0.079722,-0.361603,-0.289016,-0.104221,0.570837,-0.233283,0.158491,-0.016071,-0.083721,0.145212,-0.111570,0.398853,-0.529346,1.306149,0.300471,-0.139173,0.163522,0.093852,-0.402698,0.548907,1.178519,-0.121327,-0.023676,-0.078869
-0.089125,0.590741,0.775486,0.012903,-0.022806,0.453801,0.890718,0.007178,0.114613,0.042946,0.466802,-0.563167,0.068642,-0.387871,-0.299829,-0.114726,0.587042,-0.246270,0.153195,-0.014252,-0.122268,0.143882,-0.114107,0.386669,-0.478888,1.352975,0.298301,-0.125891,0.177107,0.124587,-0.392295,0.540702,1.186841,-0.116197,-0.022420,-0.055619
-0.085926,0.588400,0.775677,0.014715,-0.014393,0.451242,0.892164,0.002678,0.115754,0.069879,0.449145,-0.557143,0.057018,-0.413459,-0.311239,-0.123578,0.604286,-0.258924,0.149392,-0.012858,-0.156644,0.140552,-0.112927,0.381850,-0.433516,1.386497,0.286618,-0.117305,0.180737,0.146917,-0.379297,0.525605,1.199873,-0.103058,-0.020350,-0.036635
-0.082157,0.586635,0.775623,0.016985,-0.006075,0.448214,0.893744,0.001362,0.114315,0.093140,0.429441,-0.547262,0.045741,-0.438062,-0.323057,-0.130799,0.621444,-0.270175,0.146285,-0.011790,-0.187609,0.134637,-0.108627,0.380270,-0.394510,1.413393,0.269383,-0.112476,0.177289,0.162163,-0.363796,0.506556,1.216845,-0.081842,-0.017101,-0.021769
-0.077929,0.585838,0.775247,0.019509,0.002334,0.444918,0.895356,0.002743,0.110893,0.112085,0.407968,-0.535304,0.036842,-0.461339,-0.335147,-0.136583,0.638528,-0.279410,0.144382,-0.010641,-0.215036,0.126942,-0.101697,0.378882,-0.362602,1.436821,0.250243,-0.110079,0.170755,0.171707,-0.347006,0.485811,1.237069,-0.054212,-0.012641,-0.011876
-0.073396,0.586019,0.774365,0.021248,0.009459,0.441272,0.897072,0.005935,0.107749,0.124120,0.389418,-0.525045,0.032692,-0.481763,-0.345404,-0.141800,0.656051,-0.285468,0.144140,-0.010824,-0.235323,0.118666,-0.089839,0.378282,-0.341715,1.453276,0.228284,-0.110521,0.159865,0.174018,-0.331184,0.464842,1.258746,-0.023688,-0.008066,-0.010016
-0.067653,0.586084,0.772543,0.023212,0.016208,0.437111,0.898962,0.010264,0.106633,0.134475,0.373881,-0.514766,0.028751,-0.499919,-0.354447,-0.148486,0.674715,-0.291205,0.140774,-0.011097,-0.253427,0.109030,-0.074193,0.379146,-0.325916,1.468279,0.209293,-0.110387,0.147384,0.172417,-0.314752,0.445396,1.282583,0.005282,-0.003433,-0.011759
-0.060491,0.585073,0.769865,0.025640,0.022734,0.432226,0.901114,0.014942,0.107658,0.146041,0.360726,-0.503594,0.023117,-0.517312,-0.363269,-0.157943,0.695021,-0.297819,0.133433,-0.011318,-0.272785,0.098249,-0.055486,0.382113,-0.310591,1.484438,0.192920,-0.107543,0.134122,0.168266,-0.296558,0.429213,1.307523,0.032275,0.001363,-0.014107
-0.052103,0.582458,0.766715,0.028771,0.029193,0.426404,0.903604,0.019363,0.110317,0.158185,0.350143,-0.491314,0.016461,-0.534195,-0.372049,-0.170447,0.716685,-0.305550,0.124279,-0.012330,-0.294359,0.085884,-0.034508,0.388207,-0.293954,1.501636,0.175515,-0.101672,0.120116,0.162210,-0.276894,0.417133,1.331537,0.059527,0.007141,-0.014168
-0.042554,0.578288,0.763362,0.032994,0.035179,0.419766,0.906350,0.023406,0.114320,0.169626,0.342950,-0.476912,0.009174,-0.549103,-0.380505,-0.185577,0.738932,-0.315208,0.114572,-0.014439,-0.318551,0.069881,-0.013187,0.398150,-0.275783,1.520331,0.157052,-0.093331,0.106874,0.156676,-0.256996,0.409111,1.353412,0.088336,0.015265,-0.007519
-0.032690,0.573838,0.760115,0.037312,0.040725,0.412824,0.909134,0.027006,0.118403,0.180376,0.339547,-0.461154,0.002258,-0.562470,-0.389783,-0.202506,0.762547,-0.325209,0.104576,-0.017132,-0.343635,0.051553,0.007740,0.409435,-0.259794,1.538462,0.140085,-0.084588,0.094386,0.152569,-0.238648,0.406363,1.371424,0.117062,0.024482,0.003590
-0.022655,0.570223,0.757248,0.040929,0.045730,0.406409,0.911628,0.029588,0.124319,0.188070,0.339244,-0.443506,-0.005133,-0.571682,-0.398976,-0.222047,0.785143,-0.335622,0.094607,-0.020810,-0.367994,0.031072,0.027615,0.421227,-0.243980,1.553177,0.123610,-0.076800,0.085583,0.150191,-0.221930,0.407457,1.383668,0.145687,0.034199,0.016517
-0.012454,0.568155,0.755054,0.043049,0.050095,0.401366,0.913533,0.030346,0.134863,0.190186,0.341415,-0.424923,-0.012722,-0.573645,-0.405497,-0.244645,0.802440,-0.345329,0.085935,-0.026429,-0.389889,0.008068,0.046387,0.432955,-0.226064,1.562325,0.107523,-0.070726,0.082136,0.149979,-0.207611,0.410436,1.388142,0.171671,0.043651,0.029638
-0.002514,0.567856,0.753932,0.041822,0.053337,0.398543,0.914642,0.028541,0.150850,0.186779,0.347336,-0.408793,-0.017523,-0.568203,-0.406972,-0.268499,0.811481,-0.350272,0.079459,-0.033668,-0.407239,-0.016567,0.065091,0.442447,-0.209664,1.565052,0.096384,-0.067259,0.080733,0.152570,-0.198256,0.415169,1.384015,0.188050,0.050773,0.041082
0.007767,0.568197,0.754367,0.039438,0.055693,0.396309,0.915578,0.023093,0.171718,0.178303,0.361407,-0.392448,-0.020409,-0.555569,-0.402310,-0.292016,0.811729,-0.350653,0.070489,-0.038370,-0.419874,-0.041663,0.084277,0.449264,-0.196933,1.560906,0.091112,-0.067071,0.079244,0.157882,-0.192373,0.420218,1.375347,0.195001,0.054727,0.047522
0.018199,0.568379,0.756432,0.035974,0.056892,0.394210,0.916552,0.012947,0.194374,0.166397,0.386028,-0.377458,-0.020284,-0.536221,-0.389381,-0.314214,0.801680,-0.343611,0.060045,-0.038479,-0.427556,-0.065857,0.103653,0.451657,-0.189836,1.549859,0.088599,-0.069619,0.074738,0.165445,-0.190165,0.425049,1.364199,0.194527,0.055310,0.049262
0.028313,0.567909,0.759777,0.031507,0.056661,0.391789,0.917768,-0.001441,0.214832,0.153730,0.419494,-0.367668,-0.015992,-0.511898,-0.369059,-0.334254,0.782257,-0.327986,0.051475,-0.033998,-0.430965,-0.088745,0.122516,0.449235,-0.189403,1.534235,0.086707,-0.073267,0.065139,0.175040,-0.191771,0.429529,1.352438,0.188760,0.054196,0.050265
0.038004,0.566483,0.763855,0.027582,0.055334,0.389327,0.919022,-0.018184,0.229355,0.142349,0.458558,-0.364288,-0.008788,-0.485990,-0.346819,-0.350932,0.759345,-0.307587,0.045234,-0.024682,-0.431791,-0.110233,0.139777,0.444388,-0.195652,1.518155,0.086897,-0.076513,0.050839,0.186470,-0.195279,0.432921,1.344233,0.180456,0.054606,0.054625
0.046174,0.565213,0.768147,0.022771,0.052811,0.386153,0.920640,-0.038248,0.232236,0.130442,0.506917,-0.367363,0.001784,-0.461575,-0.323067,-0.363140,0.737884,-0.279522,0.044141,-0.009226,-0.428110,-0.125459,0.152736,0.435448,-0.210903,1.500343,0.087182,-0.080290,0.032337,0.197350,-0.201801,0.434636,1.341102,0.173534,0.055888,0.060834
0.052750,0.564585,0.771675,0.016872,0.048947,0.382795,0.922381,-0.060325,0.221981,0.119711,0.558434,-0.376228,0.013112,-0.440120,-0.301240,-0.374893,0.725771,-0.247584,0.047952,0.009735,-0.419891,-0.133671,0.160089,0.423414,-0.229785,1.483008,0.085418,-0.083635,0.013520,0.205351,-0.210209,0.432925,1.342036,0.170928,0.058785,0.069640
0.058137,0.564246,0.773543,0.009684,0.043600,0.379780,0.923998,-0.081621,0.200280,0.111936,0.602202,-0.389119,0.022542,-0.423503,-0.285676,-0.388683,0.730522,-0.217702,0.054145,0.028451,-0.408674,-0.136013,0.161457,0.410841,-0.246012,1.469496,0.081150,-0.084865,-0.002466,0.210360,-0.218571,0.427298,1.345439,0.173859,0.064400,0.084420
0.062263,0.563598,0.773472,0.002515,0.037090,0.378309,0.924933,-0.099917,0.169817,0.105103,0.632855,-0.404327,0.031246,-0.415528,-0.278296,-0.399970,0.756558,-0.191834,0.060181,0.045419,-0.395651,-0.131713,0.156676,0.399235,-0.260130,1.459977,0.075996,-0.083767,-0.017016,0.214500,-0.226718,0.420142,1.350618,0.181719,0.071917,0.107103
0.065364,0.562300,0.771316,-0.003134,0.030000,0.378525,0.925099,-0.112461,0.136493,0.099696,0.649970,-0.424825,0.041631,-0.418809,-0.283110,-0.405773,0.810280,-0.176347,0.062855,0.058266,-0.382367,-0.122075,0.147919,0.391155,-0.272469,1.454524,0.072713,-0.080391,-0.031413,0.217861,-0.234322,0.412810,1.356897,0.191988,0.080323,0.132753
0.067726,0.560172,0.767586,-0.006642,0.022684,0.380707,0.924394,-0.118465,0.105612,0.098853,0.655641,-0.450435,0.054746,-0.431190,-0.299615,-0.404062,0.884887,-0.171909,0.062544,0.065480,-0.370683,-0.109280,0.137743,0.386352,-0.283607,1.452343,0.073987,-0.075365,-0.046128,0.221258,-0.241734,0.406332,1.363114,0.201312,0.088395,0.158096
0.069627,0.557315,0.763339,-0.007390,0.015494,0.385128,0.922703,-0.118017,0.080555,0.104267,0.650961,-0.478979,0.070085,-0.450587,-0.325800,-0.391311,0.967819,-0.177357,0.060538,0.066326,-0.363259,-0.095629,0.127701,0.384504,-0.293305,1.453600,0.081314,-0.068991,-0.061215,0.226012,-0.248101,0.401357,1.368805,0.206248,0.095282,0.182065
0.071375,0.554199,0.759728,-0.003199,0.011340,0.392985,0.919469,-0.111113,0.062684,0.112752,0.636145,-0.508756,0.086109,-0.477397,-0.359875,-0.363227,1.048265,-0.193626,0.056985,0.060648,-0.362943,-0.082990,0.118027,0.387832,-0.299733,1.459597,0.093279,-0.061045,-0.076363,0.232447,-0.250709,0.397907,1.374103,0.205031,0.100629,0.203013
0.073317,0.551414,0.757455,0.001724,0.008659,0.401393,0.915863,-0.100314,0.051335,0.118670,0.618925,-0.535027,0.100330,-0.504101,-0.390457,-0.323197,1.103639,-0.213975,0.056546,0.050397,-0.369261,-0.071903,0.108865,0.396585,-0.301629,1.467190,0.103399,-0.053241,-0.089736,0.239060,-0.249807,0.395873,1.375709,0.201171,0.103243,0.217379
0.076201,0.549442,0.756913,0.006615,0.007070,0.410005,0.912032,-0.087257,0.044630,0.120386,0.601183,-0.554189,0.110009,-0.524236,-0.411286,-0.276247,1.120281,-0.233686,0.061410,0.038139,-0.380250,-0.061971,0.099317,0.408908,-0.298667,1.477621,0.110197,-0.046120,-0.100120,0.244445,-0.245944,0.395228,1.373313,0.194481,0.104350,0.225838
0.080419,0.548459,0.757981,0.010709,0.006192,0.418484,0.908140,-0.072633,0.041529,0.116825,0.580393,-0.563125,0.112492,-0.533924,-0.418007,-0.226890,1.089826,-0.247070,0.070310,0.026271,-0.392923,-0.053316,0.088849,0.423068,-0.291200,1.492735,0.114693,-0.040644,-0.105244,0.248596,-0.239848,0.396618,1.368096,0.184957,0.105246,0.230333
0.085547,0.548189,0.759839,0.011772,0.005417,0.424849,0.905171,-0.057034,0.042556,0.105097,0.556070,-0.559676,0.106187,-0.531438,-0.405398,-0.179674,1.008037,-0.245655,0.080773,0.016511,-0.404002,-0.047025,0.078329,0.438810,-0.280898,1.510129,0.117565,-0.039331,-0.101740,0.252564,-0.233078,0.401227,1.360297,0.176408,0.104998,0.230241
0.091631,0.547890,0.761314,0.012255,0.004241,0.429791,0.902835,-0.040271,0.046413,0.089617,0.531555,-0.549506,0.092968,-0.520041,-0.382883,-0.140782,0.900906,-0.231634,0.092075,0.009304,-0.412727,-0.042530,0.067932,0.454816,-0.273172,1.528733,0.127021,-0.041761,-0.092242,0.255277,-0.227329,0.408581,1.352598,0.167038,0.103892,0.225862
0.098757,0.547032,0.762306,0.012742,0.003013,0.433234,0.901186,-0.023235,0.052362,0.075625,0.508988,-0.532903,0.074088,-0.500441,-0.357061,-0.113518,0.782509,-0.207165,0.104210,0.005454,-0.418852,-0.040209,0.058654,0.469427,-0.270711,1.546318,0.144805,-0.048643,-0.079408,0.256318,-0.223572,0.416605,1.346806,0.157715,0.102218,0.219168
0.106562,0.545419,0.763123,0.013818,0.002083,0.435100,0.900274,-0.007823,0.059258,0.065229,0.489877,-0.510165,0.051540,-0.475758,-0.331332,-0.096100,0.665147,-0.177046,0.116314,0.004755,-0.422368,-0.040724,0.051343,0.481215,-0.274670,1.560606,0.167917,-0.060194,-0.065427,0.255988,-0.222124,0.424214,1.342883,0.150423,0.099100,0.212848
0.114185,0.542922,0.763637,0.016193,0.001845,0.435204,0.900184,0.004225,0.064935,0.057161,0.476183,-0.487978,0.029513,-0.454690,-0.309944,-0.083545,0.573361,-0.151666,0.126357,0.004933,-0.423725,-0.043879,0.045772,0.489226,-0.285911,1.570946,0.193643,-0.073922,-0.052614,0.254456,-0.222765,0.432736,1.339260,0.144619,0.092600,0.208228
0.121166,0.539002,0.764003,0.019259,0.001565,0.434822,0.900309,0.012848,0.069810,0.051298,0.467131,-0.469063,0.010584,-0.438451,-0.293833,-0.075790,0.513190,-0.136199,0.133930,0.004423,-0.422931,-0.049634,0.042434,0.492782,-0.299478,1.577075,0.216295,-0.087257,-0.040820,0.251663,-0.224394,0.442463,1.333612,0.139346,0.082392,0.202686
0.127497,0.534143,0.763956,0.022639,0.001024,0.434402,0.900434,0.018828,0.073957,0.045592,0.462655,-0.455011,-0.002377,-0.427210,-0.282932,-0.071024,0.484850,-0.133398,0.139722,0.002852,-0.417146,-0.055803,0.041562,0.490458,-0.314708,1.578542,0.233808,-0.098441,-0.032787,0.245679,-0.228220,0.454276,1.324923,0.131397,0.069988,0.196561
0.132798,0.529431,0.763472,0.025960,0.000002,0.434393,0.900349,0.023136,0.078061,0.039558,0.462094,-0.446463,-0.008523,-0.421000,-0.275196,-0.066929,0.481820,-0.140840,0.143195,-0.000233,-0.403883,-0.061096,0.043228,0.481471,-0.332020,1.575796,0.248011,-0.107330,-0.028517,0.235213,-0.235353,0.468987,1.314043,0.117553,0.056711,0.189035
0.136136,0.525698,0.763198,0.027587,-0.002499,0.434832,0.900086,0.026560,0.083741,0.036064,0.463537,-0.442662,-0.010124,-0.418520,-0.267590,-0.063934,0.491694,-0.150837,0.142289,-0.005711,-0.383062,-0.066601,0.046962,0.466703,-0.349143,1.569607,0.261886,-0.114904,-0.023228,0.220818,-0.245283,0.485968,1.302783,0.097213,0.042679,0.175605
0.137941,0.523633,0.762955,0.028545,-0.005971,0.436182,0.899386,0.029750,0.088685,0.032855,0.469056,-0.443118,-0.006620,-0.417787,-0.264075,-0.063738,0.515239,-0.162217,0.139071,-0.011849,-0.351390,-0.068896,0.049544,0.446573,-0.369285,1.555660,0.276093,-0.120142,-0.023128,0.199567,-0.261529,0.502916,1.291200,0.071573,0.029735,0.159134
0.138255,0.524797,0.762575,0.028500,-0.010413,0.437972,0.898476,0.034000,0.091573,0.028598,0.478058,-0.446442,0.001563,-0.414885,-0.263271,-0.062576,0.542397,-0.171843,0.136860,-0.017465,-0.307089,-0.066196,0.050031,0.421808,-0.394115,1.530174,0.283758,-0.125455,-0.028692,0.171017,-0.286636,0.518082,1.278304,0.043047,0.017072,0.135843
0.136842,0.529595,0.761955,0.027118,-0.015823,0.439726,0.897583,0.039876,0.091792,0.021337,0.490484,-0.451941,0.013107,-0.407982,-0.261268,-0.055766,0.565192,-0.177260,0.137370,-0.022720,-0.250074,-0.057272,0.048498,0.394813,-0.426206,1.490814,0.279287,-0.133341,-0.036809,0.134885,-0.321088,0.531414,1.263321,0.013112,0.003643,0.100133
0.133821,0.535681,0.760960,0.025852,-0.024367,0.440225,0.897184,0.046213,0.088430,0.007417,0.509958,-0.460370,0.026631,-0.399400,-0.257257,-0.042504,0.590819,-0.180124,0.140091,-0.029152,-0.180762,-0.038630,0.043547,0.370005,-0.470735,1.436208,0.265631,-0.142679,-0.045540,0.088226,-0.363724,0.544043,1.246846,-0.019842,-0.008636,0.052263
0.129460,0.540519,0.759851,0.025966,-0.035053,0.440194,0.896842,0.052216,0.082987,-0.010777,0.536467,-0.470164,0.039036,-0.388366,-0.249908,-0.020696,0.617307,-0.179565,0.145977,-0.040091,-0.101158,-0.006226,0.033773,0.351178,-0.525533,1.367808,0.244704,-0.153037,-0.045934,0.030519,-0.411196,0.555187,1.231211,-0.059969,-0.017147,-0.006827
0.124165,0.543157,0.758689,0.027463,-0.047209,0.439557,0.896553,0.058470,0.076274,-0.030728,0.566062,-0.481205,0.049006,-0.375719,-0.240208,0.006272,0.642149,-0.176241,0.154542,-0.054775,-0.018340,0.037675,0.020100,0.339573,-0.584548,1.293091,0.221243,-0.162908,-0.037751,-0.033959,-0.458838,0.563275,1.218324,-0.103258,-0.020453,-0.069961
0.118318,0.543410,0.757367,0.030346,-0.060166,0.438246,0.896326,0.064927,0.068743,-0.049428,0.595182,-0.493285,0.055923,-0.363396,-0.229812,0.034894,0.664339,-0.171630,0.163370,-0.072198,0.059134,0.087726,0.004516,0.334976,-0.641464,1.221605,0.204077,-0.170857,-0.022868,-0.099240,-0.501737,0.566988,1.209975,-0.142970,-0.018175,-0.129506
0.112208,0.540932,0.755769,0.035301,-0.072256,0.437115,0.895803,0.069618,0.061073,-0.063127,0.623315,-0.504416,0.058887,-0.352368,-0.219369,0.066144,0.682449,-0.166598,0.169877,-0.094387,0.126214,0.140940,-0.012078,0.336708,-0.691258,1.159532,0.202512,-0.176676,0.002107,-0.161480,-0.536980,0.565763,1.207357,-0.176494,-0.010619,-0.182635
0.106321,0.536347,0.753596,0.041012,-0.082024,0.436231,0.895150,0.071709,0.051922,-0.073648,0.648245,-0.514293,0.060390,-0.343182,-0.211294,0.096469,0.693163,-0.163501,0.174943,-0.118979,0.182286,0.196819,-0.030115,0.341598,-0.728277,1.108348,0.215610,-0.179361,0.032778,-0.218980,-0.567692,0.559504,1.206811,-0.199732,0.000375,-0.224508
0.101010,0.531217,0.750948,0.047008,-0.088900,0.435439,0.894584,0.070119,0.040428,-0.081059,0.669477,-0.522815,0.062404,-0.338134,-0.206730,0.125366,0.697308,-0.164161,0.178331,-0.143351,0.228023,0.252912,-0.046636,0.344659,-0.751239,1.069930,0.237753,-0.178893,0.066487,-0.267729,-0.595402,0.549388,1.205228,-0.211284,0.010850,-0.258495
0.096594,0.526492,0.748062,0.052820,-0.092316,0.434589,0.894327,0.063597,0.026795,-0.085384,0.688205,-0.529994,0.065539,-0.339961,-0.205529,0.152469,0.698900,-0.169270,0.178589,-0.166425,0.265247,0.307693,-0.058702,0.343214,-0.762846,1.044197,0.263642,-0.175585,0.100643,-0.307250,-0.620608,0.537715,1.201196,-0.212061,0.018293,-0.289138
0.093388,0.521571,0.744981,0.058266,-0.091421,0.432905,0.894897,0.051526,0.011958,-0.089099,0.706054,-0.536239,0.069443,-0.349608,-0.207025,0.174739,0.701663,-0.178458,0.175274,-0.188779,0.297152,0.362891,-0.066757,0.338850,-0.767103,1.026786,0.289772,-0.169554,0.130606,-0.344132,-0.644865,0.526921,1.194707,-0.204444,0.024025,-0.315186
0.091128,0.516248,0.741888,0.063284,-0.088652,0.431306,0.895607,0.034489,-0.002833,-0.092108,0.724706,-0.541841,0.072884,-0.365653,-0.209599,0.194407,0.707051,-0.190240,0.171228,-0.211515,0.326096,0.417030,-0.069949,0.331309,-0.766859,1.014621,0.309892,-0.162728,0.157932,-0.379875,-0.667788,0.517615,1.187944,-0.194575,0.028831,-0.339820
0.089210,0.511267,0.739010,0.067378,-0.084179,0.430256,0.896244,0.012724,-0.016874,-0.094929,0.743404,-0.548305,0.075857,-0.387652,-0.213534,0.210183,0.716040,-0.201821,0.167957,-0.231754,0.351291,0.463170,-0.067729,0.319823,-0.762054,1.008692,0.319677,-0.154871,0.179388,-0.409930,-0.686779,0.507871,1.182151,-0.181851,0.032776,-0.361617
0.087563,0.506892,0.736519,0.070056,-0.078171,0.430222,0.896600,-0.013225,-0.029597,-0.099283,0.761460,-0.556026,0.078694,-0.414892,-0.218214,0.221089,0.729475,-0.211957,0.164945,-0.247040,0.372187,0.495393,-0.060575,0.305416,-0.754536,1.008284,0.320868,-0.146130,0.192616,-0.431101,-0.699896,0.496856,1.177714,-0.165049,0.035913,-0.378560
0.086645,0.502284,0.734533,0.071146,-0.071545,0.431812,0.896303,-0.041451,-0.040260,-0.106686,0.779791,-0.563495,0.081023,-0.444705,-0.220694,0.230372,0.747184,-0.221293,0.161591,-0.259207,0.391169,0.514451,-0.050226,0.290841,-0.749405,1.007529,0.319697,-0.139114,0.201724,-0.446290,-0.707907,0.486514,1.175010,-0.148969,0.038813,-0.393224
0.085188,0.498271,0.733238,0.070944,-0.065759,0.434537,0.895444,-0.068973,-0.048989,-0.116023,0.795695,-0.573044,0.083185,-0.474238,-0.222579,0.236664,0.766207,-0.224997,0.160367,-0.268239,0.409229,0.523152,-0.039894,0.275275,-0.743340,1.005050,0.314279,-0.133513,0.205911,-0.455950,-0.711506,0.475209,1.173830,-0.135558,0.042094,-0.406478
0.083419,0.494959,0.732793,0.069746,-0.061353,0.438730,0.893805,-0.092143,-0.055606,-0.128651,0.807596,-0.583678,0.084311,-0.498393,-0.224668,0.238693,0.784313,-0.224398,0.160425,-0.273043,0.425937,0.524229,-0.031527,0.259821,-0.737954,1.001439,0.305732,-0.129470,0.206031,-0.458169,-0.709919,0.463558,1.174452,-0.125438,0.045162,-0.416286
0.082472,0.492266,0.733262,0.067849,-0.058868,0.444718,0.891155,-0.108352,-0.059197,-0.145632,0.814791,-0.593289,0.083538,-0.512974,-0.226570,0.236054,0.799758,-0.224094,0.159042,-0.273189,0.440940,0.521500,-0.026686,0.246331,-0.735636,0.997216,0.296351,-0.127432,0.204108,-0.452958,-0.703877,0.453036,1.176857,-0.118029,0.047105,-0.420988
0.082700,0.490785,0.734589,0.065004,-0.059403,0.453118,0.887090,-0.116412,-0.058751,-0.164987,0.816230,-0.601837,0.081068,-0.516551,-0.228253,0.228562,0.810486,-0.225566,0.155432,-0.269819,0.454263,0.520135,-0.027462,0.234911,-0.733318,0.992474,0.285815,-0.127110,0.201068,-0.443928,-0.696930,0.443441,1.179955,-0.111675,0.047681,-0.421911
0.083587,0.490341,0.736637,0.062492,-0.063152,0.463537,0.881612,-0.113309,-0.055253,-0.187001,0.812380,-0.607017,0.075737,-0.504805,-0.230417,0.216986,0.815929,-0.228089,0.151507,-0.264044,0.463270,0.521931,-0.033967,0.225685,-0.730092,0.988643,0.276364,-0.128357,0.198405,-0.430851,-0.689338,0.435312,1.182886,-0.105675,0.046495,-0.420351
0.084495,0.491200,0.739352,0.060203,-0.069176,0.476639,0.874303,-0.101356,-0.050169,-0.213064,0.803360,-0.606463,0.066466,-0.478889,-0.235230,0.201258,0.816736,-0.228847,0.148437,-0.255063,0.468190,0.524134,-0.045038,0.219492,-0.726852,0.985187,0.266182,-0.130250,0.196937,-0.412328,-0.682609,0.427157,1.186483,-0.096994,0.043998,-0.415841
0.085217,0.492783,0.742597,0.058024,-0.076526,0.493050,0.864684,-0.086472,-0.044212,-0.240893,0.789305,-0.597046,0.054113,-0.444507,-0.244651,0.180314,0.814340,-0.225050,0.146543,-0.241121,0.469684,0.522401,-0.059581,0.217221,-0.724981,0.980645,0.254932,-0.131947,0.197488,-0.388561,-0.677996,0.417378,1.193798,-0.083930,0.041256,-0.407286
0.086620,0.492888,0.746055,0.056599,-0.082240,0.515728,0.850916,-0.074478,-0.037625,-0.263713,0.770492,-0.574882,0.041303,-0.407539,-0.258762,0.153360,0.810006,-0.216820,0.146221,-0.220527,0.465940,0.513031,-0.078060,0.218979,-0.725017,0.972740,0.247610,-0.133601,0.199581,-0.360659,-0.674875,0.404406,1.208024,-0.069308,0.039082,-0.393800
0.091332,0.490682,0.749616,0.055321,-0.084212,0.544440,0.832726,-0.071393,-0.033058,-0.281115,0.745340,-0.540385,0.027765,-0.371678,-0.276217,0.122949,0.803028,-0.209194,0.148050,-0.190776,0.456893,0.490740,-0.103155,0.223891,-0.725985,0.953644,0.242733,-0.135499,0.195237,-0.323953,-0.674814,0.379792,1.226137,-0.055404,0.037253,-0.372897
0.099538,0.486669,0.752814,0.054449,-0.082818,0.576603,0.810990,-0.076860,-0.031826,-0.294692,0.719124,-0.499189,0.013365,-0.338775,-0.291674,0.098173,0.794792,-0.206247,0.154816,-0.155083,0.443908,0.458131,-0.131495,0.228515,-0.730827,0.928612,0.240684,-0.137303,0.187341,-0.282322,-0.674743,0.348747,1.247611,-0.043446,0.036844,-0.347115
0.110152,0.482028,0.755286,0.054258,-0.078462,0.609758,0.786826,-0.090875,-0.034496,-0.304592,0.697223,-0.457101,-0.001654,-0.309947,-0.305140,0.080922,0.787243,-0.210259,0.164725,-0.115809,0.428693,0.419191,-0.160796,0.231626,-0.740775,0.899879,0.241902,-0.140446,0.176941,-0.238310,-0.673804,0.314910,1.271063,-0.033348,0.037584,-0.316443
0.122446,0.478054,0.757121,0.054175,-0.066770,0.649402,0.755569,-0.117736,-0.040999,-0.308083,0.678250,-0.416809,-0.017293,-0.285242,-0.325835,0.058966,0.781285,-0.221235,0.168465,-0.070837,0.411870,0.373633,-0.196133,0.237023,-0.751628,0.854309,0.244732,-0.149100,0.152831,-0.185063,-0.678158,0.267565,1.291011,-0.023685,0.036472,-0.273999
0.133638,0.476080,0.757920,0.054109,-0.053426,0.690914,0.718926,-0.151374,-0.045884,-0.301252,0.662707,-0.383808,-0.033036,-0.260307,-0.352363,0.030576,0.780120,-0.233138,0.163556,-0.028440,0.391691,0.328388,-0.238400,0.245603,-0.764711,0.793792,0.252524,-0.164652,0.117057,-0.126452,-0.687659,0.210015,1.307121,-0.012753,0.033956,-0.222908
0.142710,0.476779,0.757555,0.053967,-0.039295,0.731650,0.678404,-0.186548,-0.047585,-0.284442,0.654485,-0.363297,-0.046372,-0.234979,-0.381000,-0.001850,0.782271,-0.246146,0.150960,0.007617,0.369908,0.287518,-0.281106,0.256888,-0.778397,0.724308,0.260372,-0.184470,0.075238,-0.068534,-0.702031,0.150580,1.319311,-0.001474,0.030944,-0.170021
0.149974,0.479534,0.756190,0.053693,-0.025291,0.769391,0.636015,-0.221588,-0.044221,-0.258465,0.654495,-0.355047,-0.054520,-0.210725,-0.407889,-0.035498,0.784765,-0.262974,0.134184,0.036237,0.347863,0.252539,-0.318487,0.270327,-0.789515,0.652440,0.261766,-0.205054,0.033103,-0.014216,-0.720353,0.092894,1.330477,0.009769,0.027859,-0.122157
0.155915,0.482516,0.754096,0.052981,-0.013687,0.803765,0.592425,-0.256263,-0.030249,-0.222773,0.657071,-0.352058,-0.056904,-0.186611,-0.428703,-0.067785,0.787205,-0.283976,0.118442,0.054726,0.322975,0.224634,-0.351395,0.286192,-0.797621,0.584160,0.257391,-0.224650,-0.004644,0.037718,-0.739496,0.033255,1.346469,0.022964,0.024524,-0.084036
0.162499,0.484413,0.751759,0.051617,-0.003851,0.833245,0.550476,-0.288477,-0.008253,-0.185962,0.659679,-0.349611,-0.055898,-0.163407,-0.440368,-0.094787,0.787750,-0.314606,0.106560,0.066227,0.295949,0.200531,-0.377859,0.305861,-0.804510,0.520056,0.248060,-0.240715,-0.037616,0.088239,-0.757777,-0.027466,1.362644,0.035646,0.019614,-0.056681
0.169329,0.485197,0.749573,0.049788,0.003428,0.856762,0.513291,-0.315445,0.019372,-0.153045,0.661753,-0.347962,-0.053326,-0.143570,-0.439188,-0.108800,0.786560,-0.352736,0.103392,0.070181,0.269786,0.181944,-0.392967,0.325211,-0.809945,0.471659,0.233278,-0.249012,-0.057827,0.132610,-0.771386,-0.079542,1.378307,0.044833,0.014154,-0.044911
0.175027,0.485362,0.748010,0.047704,0.007377,0.873655,0.484146,-0.337007,0.049904,-0.126012,0.660903,-0.346152,-0.050635,-0.128518,-0.428545,-0.110678,0.785244,-0.390924,0.109220,0.068241,0.246795,0.169395,-0.396228,0.340992,-0.812462,0.443866,0.213886,-0.248672,-0.063956,0.169144,-0.779110,-0.119345,1.394119,0.050631,0.008769,-0.047314
0.179224,0.485144,0.747676,0.044530,0.010067,0.886532,0.460409,-0.355828,0.078991,-0.106214,0.651121,-0.338354,-0.049664,-0.116856,-0.420620,-0.114614,0.784743,-0.422194,0.115979,0.068107,0.226623,0.156944,-0.394939,0.356026,-0.811890,0.422637,0.193914,-0.244796,-0.069971,0.204105,-0.785274,-0.156778,1.406950,0.056362,0.001683,-0.051334
0.180811,0.485000,0.748608,0.040721,0.011803,0.896913,0.440170,-0.369256,0.106644,-0.087925,0.627907,-0.323888,-0.050955,-0.107323,-0.415652,-0.121866,0.784055,-0.439014,0.121087,0.067563,0.208283,0.144583,-0.391887,0.369022,-0.810399,0.407878,0.176987,-0.239775,-0.075720,0.234710,-0.790289,-0.188373,1.416719,0.061748,-0.005588,-0.056469
0.180552,0.484936,0.750604,0.036806,0.012837,0.904701,0.424260,-0.375332,0.128287,-0.071266,0.594799,-0.306076,-0.053032,-0.100483,-0.411724,-0.129472,0.780828,-0.442380,0.124390,0.066381,0.193566,0.133451,-0.385974,0.378119,-0.808176,0.400750,0.163956,-0.233962,-0.081047,0.256922,-0.793999,-0.207700,1.421336,0.063099,-0.011694,-0.061211
0.180208,0.484634,0.753329,0.033314,0.013422,0.909799,0.413493,-0.374917,0.140686,-0.059022,0.557044,-0.286689,-0.055289,-0.096254,-0.407463,-0.134587,0.773864,-0.437804,0.127090,0.065335,0.183014,0.124356,-0.377187,0.382845,-0.804781,0.399195,0.153312,-0.227724,-0.087992,0.270735,-0.796044,-0.215357,1.421103,0.060409,-0.015896,-0.063399
0.180305,0.484010,0.756385,0.030902,0.013687,0.913340,0.405794,-0.370110,0.147813,-0.050413,0.515685,-0.263618,-0.059543,-0.092112,-0.401659,-0.135829,0.764187,-0.427900,0.131154,0.062375,0.173667,0.117790,-0.368568,0.384862,-0.801600,0.399098,0.143150,-0.222731,-0.097896,0.279913,-0.795449,-0.219301,1.421041,0.059778,-0.017761,-0.063973
0.178949,0.483745,0.759549,0.028600,0.013416,0.915632,0.400775,-0.359604,0.151274,-0.044632,0.474653,-0.239036,-0.065210,-0.086814,-0.394753,-0.134319,0.751181,-0.411301,0.136681,0.056811,0.167368,0.112925,-0.358716,0.387946,-0.800633,0.397206,0.133921,-0.220654,-0.111380,0.283891,-0.792206,-0.217217,1.419174,0.059733,-0.018498,-0.062773
0.176718,0.483519,0.762547,0.026490,0.012924,0.916968,0.397871,-0.346909,0.151617,-0.040707,0.437479,-0.215810,-0.070865,-0.081373,-0.387583,-0.129995,0.734911,-0.392005,0.143100,0.050670,0.162503,0.108586,-0.347925,0.392903,-0.800381,0.393538,0.125089,-0.220223,-0.126255,0.285655,-0.786389,-0.208425,1.414797,0.059816,-0.018708,-0.056908
0.174911,0.482783,0.765212,0.024652,0.012526,0.917617,0.396502,-0.334803,0.150419,-0.038133,0.404572,-0.194462,-0.075795,-0.076505,-0.380060,-0.123071,0.715840,-0.373480,0.149948,0.045813,0.156852,0.103647,-0.337587,0.398245,-0.798957,0.389961,0.115353,-0.219189,-0.141075,0.287841,-0.778387,-0.195997,1.408887,0.062060,-0.018103,-0.045062
0.172999,0.481806,0.767609,0.022926,0.011523,0.917602,0.396672,-0.320397,0.150278,-0.036710,0.373702,-0.173235,-0.080473,-0.070886,-0.371479,-0.115591,0.694034,-0.353485,0.157086,0.041745,0.151515,0.097320,-0.328010,0.402724,-0.797365,0.387726,0.104322,-0.217007,-0.157174,0.289029,-0.769416,-0.183320,1.401613,0.067811,-0.016449,-0.030322
0.170951,0.480824,0.769681,0.021564,0.010765,0.917204,0.397688,-0.305341,0.150456,-0.034019,0.346291,-0.153710,-0.085010,-0.064423,-0.364069,-0.108078,0.670327,-0.335198,0.164306,0.038669,0.145705,0.089811,-0.319912,0.406209,-0.796136,0.386402,0.093595,-0.214339,-0.172098,0.292339,-0.761213,-0.169777,1.392310,0.072857,-0.014965,-0.014168
0.168936,0.479982,0.771263,0.020782,0.010206,0.916429,0.399526,-0.290766,0.149853,-0.031454,0.324213,-0.137696,-0.088865,-0.058016,-0.358774,-0.100644,0.647909,-0.320061,0.171471,0.035923,0.140186,0.081610,-0.313070,0.408565,-0.796150,0.386501,0.085689,-0.212238,-0.185133,0.298177,-0.754402,-0.154162,1.380877,0.073414,-0.013908,0.003000
0.167404,0.479220,0.772289,0.020797,0.009801,0.915281,0.402158,-0.277086,0.148063,-0.031149,0.308600,-0.125789,-0.091555,-0.052454,-0.355585,-0.093357,0.630033,-0.308897,0.178258,0.032852,0.135739,0.073243,-0.306532,0.410235,-0.797829,0.387976,0.080752,-0.210446,-0.197243,0.305221,-0.748626,-0.138422,1.368650,0.070158,-0.012460,0.020264
0.166679,0.478504,0.772956,0.022413,0.009576,0.913862,0.405293,-0.264962,0.145746,-0.031855,0.299414,-0.117602,-0.093046,-0.047432,-0.354543,-0.086340,0.617329,-0.303283,0.183973,0.029644,0.131785,0.065175,-0.299430,0.412417,-0.800666,0.388882,0.076416,-0.207415,-0.208956,0.313111,-0.743564,-0.126364,1.357848,0.066366,-0.009972,0.035355
0.165164,0.478823,0.773562,0.023905,0.009115,0.912262,0.408808,-0.253451,0.145298,-0.032012,0.294504,-0.113634,-0.092591,-0.041701,-0.353729,-0.080091,0.608279,-0.299158,0.188170,0.025560,0.130260,0.057508,-0.291444,0.414718,-0.805168,0.388529,0.075740,-0.204772,-0.220073,0.320191,-0.739848,-0.112509,1.348608,0.056729,-0.007586,0.046603
0.162960,0.480138,0.774237,0.025146,0.008580,0.910440,0.412788,-0.243416,0.146006,-0.032182,0.292959,-0.115009,-0.089271,-0.036286,-0.352909,-0.073517,0.601912,-0.296977,0.192057,0.021214,0.129389,0.049516,-0.282599,0.417389,-0.810328,0.386258,0.074679,-0.202521,-0.232809,0.326085,-0.735349,-0.098737,1.342621,0.045613,-0.004858,0.058199
0.160855,0.481675,0.775068,0.026008,0.008137,0.908352,0.417318,-0.234803,0.147753,-0.033316,0.292813,-0.122653,-0.080524,-0.033280,-0.351255,-0.065156,0.597236,-0.297726,0.195189,0.017057,0.127046,0.040807,-0.272152,0.421156,-0.813705,0.382288,0.068656,-0.198980,-0.248294,0.331188,-0.728159,-0.088192,1.340960,0.039671,-0.001453,0.072187
0.158618,0.482981,0.776179,0.025509,0.006511,0.905143,0.424291,-0.225163,0.153486,-0.034889,0.290527,-0.136345,-0.063259,-0.033627,-0.346186,-0.055121,0.592854,-0.298244,0.194366,0.012237,0.124500,0.032132,-0.258870,0.426211,-0.813506,0.378151,0.060522,-0.193081,-0.264295,0.335619,-0.719560,-0.077033,1.341931,0.037341,0.001192,0.083448
0.156441,0.484205,0.777411,0.024434,0.004877,0.901494,0.432074,-0.216714,0.160882,-0.036534,0.289456,-0.154028,-0.042041,-0.037149,-0.340258,-0.045091,0.589980,-0.299235,0.191607,0.007912,0.121247,0.023898,-0.244833,0.431963,-0.811905,0.373870,0.051981,-0.186644,-0.281553,0.340056,-0.710206,-0.064723,1.344848,0.037805,0.003228,0.093621
0.154308,0.485386,0.778565,0.022962,0.003283,0.897496,0.440412,-0.210558,0.168612,-0.037462,0.291463,-0.173937,-0.019867,-0.043811,-0.334329,-0.034600,0.589557,-0.300017,0.187986,0.003731,0.116969,0.017035,-0.230695,0.438003,-0.808813,0.369281,0.045260,-0.181851,-0.295552,0.343710,-0.700477,-0.050743,1.347958,0.039812,0.004183,0.100816
0.152492,0.486018,0.779461,0.021270,0.001778,0.893251,0.449052,-0.206388,0.176115,-0.037558,0.296624,-0.193499,0.001457,-0.053330,-0.328314,-0.022827,0.592348,-0.299547,0.183311,-0.000970,0.111316,0.012908,-0.216850,0.444594,-0.803630,0.364490,0.041809,-0.179457,-0.302291,0.345231,-0.690972,-0.036355,1.349706,0.043598,0.003915,0.102648
0.151638,0.485534,0.779953,0.020851,0.000479,0.889132,0.457175,-0.204070,0.181978,-0.037494,0.305295,-0.208910,0.018678,-0.064470,-0.323621,-0.011232,0.598788,-0.298269,0.178162,-0.005165,0.103589,0.012194,-0.205205,0.451893,-0.797976,0.360042,0.041335,-0.178507,-0.304145,0.344080,-0.682644,-0.025124,1.350017,0.050730,0.003586,0.101341
0.150868,0.485312,0.780063,0.020576,-0.000035,0.885272,0.464619,-0.203274,0.186219,-0.035317,0.316665,-0.219339,0.029663,-0.075430,-0.321131,-0.002309,0.605620,-0.295084,0.174546,-0.007532,0.094653,0.012878,-0.196184,0.457274,-0.792442,0.357197,0.044761,-0.178557,-0.301673,0.339974,-0.676261,-0.015624,1.348243,0.056475,0.003305,0.098838
0.149893,0.485505,0.779823,0.020535,0.000149,0.881768,0.471236,-0.203238,0.188169,-0.031588,0.328437,-0.224841,0.033574,-0.085196,-0.320989,0.004251,0.611580,-0.289873,0.174151,-0.008708,0.084788,0.014401,-0.190125,0.460557,-0.786938,0.354618,0.047864,-0.179734,-0.297145,0.333238,-0.671593,-0.012452,1.346094,0.062501,0.003470,0.095872
0.149019,0.485451,0.779220,0.020816,0.000944,0.878722,0.476879,-0.203295,0.187991,-0.027568,0.338921,-0.227014,0.033029,-0.094411,-0.322463,0.010268,0.617423,-0.283779,0.176217,-0.010060,0.074197,0.017168,-0.186551,0.463363,-0.781227,0.350948,0.047803,-0.181520,-0.292373,0.325525,-0.668640,-0.017722,1.344700,0.070720,0.003891,0.091994
0.148458,0.485030,0.778248,0.021394,0.002004,0.875816,0.482166,-0.203373,0.187511,-0.022810,0.348155,-0.228410,0.032895,-0.104597,-0.324429,0.016350,0.623694,-0.277977,0.178041,-0.011770,0.063727,0.020751,-0.183903,0.466581,-0.775477,0.347367,0.047980,-0.182392,-0.287161,0.319457,-0.668297,-0.024546,1.342613,0.077017,0.003532,0.086858
0.148358,0.484352,0.777055,0.022040,0.003218,0.873524,0.486271,-0.203741,0.186041,-0.018460,0.354768,-0.226540,0.030134,-0.114550,-0.327052,0.021292,0.629562,-0.271720,0.181191,-0.013066,0.053425,0.024098,-0.182643,0.469805,-0.770872,0.344229,0.046578,-0.182370,-0.284704,0.315521,-0.670056,-0.034281,1.341548,0.083397,0.003700,0.083103
0.148861,0.483262,0.775828,0.022487,0.004379,0.871770,0.489379,-0.205732,0.184720,-0.014666,0.358955,-0.219941,0.024250,-0.125083,-0.328275,0.026594,0.635284,-0.264105,0.185272,-0.015405,0.044808,0.027734,-0.184148,0.472610,-0.768178,0.341702,0.043908,-0.182039,-0.282224,0.312017,-0.675096,-0.045925,1.341913,0.088452,0.004083,0.078278
0.150183,0.481291,0.774633,0.022464,0.005283,0.870474,0.491674,-0.210647,0.184764,-0.011631,0.362293,-0.208981,0.016971,-0.137795,-0.326672,0.033418,0.641881,-0.254527,0.189359,-0.020121,0.039090,0.032380,-0.189252,0.475156,-0.768461,0.340217,0.042099,-0.181727,-0.276952,0.308112,-0.684434,-0.056406,1.343049,0.089997,0.004109,0.070505
0.152730,0.477955,0.773346,0.022468,0.005546,0.869808,0.492847,-0.219078,0.185332,-0.010844,0.366594,-0.194334,0.008526,-0.152849,-0.323896,0.039417,0.650286,-0.243119,0.194219,-0.026121,0.035419,0.037585,-0.197549,0.477754,-0.773503,0.340387,0.042237,-0.181287,-0.271838,0.305555,-0.696877,-0.064416,1.344950,0.089397,0.004731,0.063593
0.157162,0.473388,0.771823,0.022306,0.005597,0.869571,0.493271,-0.232778,0.186835,-0.012816,0.373901,-0.176400,-0.001796,-0.170788,-0.319841,0.042929,0.662044,-0.232345,0.198264,-0.033130,0.033418,0.043869,-0.208597,0.478941,-0.783372,0.342244,0.044553,-0.180874,-0.265245,0.304584,-0.711632,-0.069964,1.348070,0.086668,0.005690,0.057113
0.162853,0.468136,0.769893,0.021589,0.005620,0.869712,0.493056,-0.252285,0.189009,-0.017480,0.385255,-0.159717,-0.012383,-0.192321,-0.314714,0.043682,0.677354,-0.224341,0.200094,-0.040957,0.033524,0.052171,-0.222644,0.477499,-0.796730,0.345693,0.049887,-0.180782,-0.256278,0.304809,-0.727599,-0.075469,1.352498,0.083501,0.006981,0.048985
0.168713,0.462962,0.767328,0.019927,0.005795,0.870174,0.492307,-0.278443,0.191866,-0.023447,0.402526,-0.149509,-0.022161,-0.217877,-0.309270,0.040971,0.696245,-0.221519,0.199428,-0.049442,0.035755,0.062953,-0.239644,0.472879,-0.811864,0.350959,0.058077,-0.181466,-0.245011,0.306136,-0.743140,-0.083181,1.357430,0.082168,0.008147,0.039004
0.174253,0.458612,0.763843,0.015833,0.006732,0.871743,0.489662,-0.314044,0.196757,-0.027878,0.430072,-0.147571,-0.032677,-0.247707,-0.304279,0.032999,0.720629,-0.227469,0.196672,-0.058784,0.038894,0.076366,-0.258792,0.464639,-0.827354,0.358264,0.066893,-0.183437,-0.231435,0.308761,-0.756213,-0.093472,1.361417,0.084446,0.007650,0.029618
0.178872,0.455397,0.759136,0.010189,0.008098,0.873998,0.485756,-0.361528,0.204679,-0.029152,0.472573,-0.154530,-0.042530,-0.283249,-0.300424,0.020717,0.754853,-0.245116,0.191530,-0.069650,0.042122,0.094511,-0.280661,0.451710,-0.841543,0.366096,0.075249,-0.186586,-0.217251,0.311477,-0.764865,-0.108398,1.364068,0.094169,0.004856,0.020525
0.182368,0.453249,0.752938,0.002889,0.009709,0.876653,0.481017,-0.421965,0.217481,-0.027716,0.531305,-0.170446,-0.050002,-0.326596,-0.297403,0.005544,0.802454,-0.275910,0.184350,-0.081743,0.046689,0.116617,-0.305688,0.435966,-0.853896,0.373955,0.083159,-0.190297,-0.202689,0.312773,-0.770172,-0.127051,1.365708,0.107471,0.000593,0.009209
0.184782,0.452111,0.745012,-0.006170,0.011381,0.879419,0.475873,-0.495803,0.236638,-0.024564,0.607465,-0.196910,-0.053497,-0.379321,-0.295620,-0.011798,0.866207,-0.318552,0.175853,-0.095244,0.052919,0.140892,-0.332022,0.420489,-0.864566,0.381603,0.090911,-0.194043,-0.187753,0.311180,-0.772849,-0.147515,1.366241,0.120274,-0.004609,-0.006025
0.186321,0.451900,0.735285,-0.017383,0.012581,0.882040,0.470686,-0.582063,0.261420,-0.020483,0.701934,-0.237263,-0.051005,-0.441017,-0.296571,-0.030384,0.946960,-0.370322,0.165673,-0.111134,0.058542,0.166492,-0.355813,0.407001,-0.873667,0.388100,0.099013,-0.197931,-0.173344,0.306232,-0.771330,-0.168576,1.365102,0.134371,-0.011429,-0.024146
0.187969,0.451443,0.724234,-0.029143,0.013443,0.884126,0.466146,-0.673155,0.288539,-0.018795,0.801854,-0.291120,-0.040241,-0.507978,-0.298225,-0.045485,1.037244,-0.433776,0.150582,-0.126551,0.064160,0.189382,-0.377070,0.396725,-0.881553,0.393916,0.109871,-0.202576,-0.157890,0.301119,-0.768734,-0.184859,1.364016,0.144140,-0.018738,-0.043958
0.188806,0.450754,0.712505,-0.041400,0.014052,0.885570,0.462444,-0.762663,0.314653,-0.020995,0.899425,-0.357976,-0.020961,-0.576553,-0.300618,-0.054244,1.130095,-0.503638,0.131326,-0.140053,0.069647,0.207797,-0.394943,0.389709,-0.886735,0.399671,0.121830,-0.207293,-0.141301,0.296269,-0.764737,-0.196690,1.364484,0.151117,-0.025274,-0.063590
0.187789,0.450260,0.700722,-0.054105,0.014494,0.886266,0.459777,-0.846377,0.337368,-0.025936,0.991276,-0.434834,0.004731,-0.642506,-0.304723,-0.056406,1.219382,-0.573471,0.110365,-0.151695,0.073961,0.221752,-0.408140,0.385064,-0.888387,0.405448,0.131918,-0.211284,-0.123941,0.290788,-0.757761,-0.207009,1.366693,0.161295,-0.030482,-0.081209
0.185725,0.449544,0.689467,-0.065525,0.014967,0.886740,0.457357,-0.920876,0.355341,-0.031115,1.072893,-0.513812,0.033325,-0.700503,-0.309798,-0.052617,1.298768,-0.643317,0.088261,-0.161619,0.076454,0.231663,-0.417062,0.381533,-0.888339,0.410518,0.139367,-0.214888,-0.105366,0.285341,-0.748812,-0.216044,1.369593,0.178127,-0.034663,-0.095797
0.183186,0.448235,0.679400,-0.074559,0.015327,0.887301,0.454865,-0.983668,0.367906,-0.035032,1.142277,-0.586566,0.061738,-0.747832,-0.314551,-0.042759,1.366274,-0.709528,0.066238,-0.170546,0.077542,0.240663,-0.423872,0.377878,-0.887256,0.413565,0.142530,-0.217964,-0.087581,0.280287,-0.738151,-0.224134,1.372051,0.203717,-0.038466,-0.106678
0.180319,0.446937,0.670935,-0.081207,0.015712,0.887887,0.452564,-1.032255,0.375257,-0.038258,1.197919,-0.648637,0.087906,-0.782718,-0.318621,-0.028993,1.420117,-0.769267,0.046666,-0.177053,0.077896,0.247855,-0.428915,0.374179,-0.884858,0.415470,0.143420,-0.220016,-0.072750,0.276759,-0.725947,-0.230887,1.374172,0.232651,-0.041095,-0.114664
0.177247,0.446414,0.664375,-0.085470,0.016262,0.888420,0.450710,-1.066102,0.379186,-0.040559,1.240773,-0.696813,0.109449,-0.804985,-0.322195,-0.015317,1.459539,-0.817557,0.031938,-0.180541,0.077624,0.251851,-0.431485,0.371452,-0.881099,0.417004,0.144142,-0.221463,-0.061891,0.274111,-0.712628,-0.236037,1.376308,0.259204,-0.042314,-0.120436
0.174324,0.446738,0.660164,-0.086992,0.016537,0.888784,0.449692,-1.086333,0.382380,-0.039417,1.273075,-0.727003,0.123770,-0.815819,-0.324889,-0.005036,1.484636,-0.846708,0.023224,-0.182826,0.076462,0.254098,-0.431972,0.370782,-0.876731,0.417221,0.143834,-0.223949,-0.055152,0.269487,-0.699423,-0.239410,1.378298,0.282748,-0.043522,-0.122674
0.171630,0.448051,0.658881,-0.086985,0.016911,0.888780,0.449686,-1.088288,0.384329,-0.035113,1.287341,-0.739330,0.132529,-0.813253,-0.325113,0.002338,1.489496,-0.858475,0.020443,-0.181457,0.075909,0.251777,-0.432382,0.372910,-0.871682,0.418198,0.144426,-0.227438,-0.054198,0.265302,-0.689547,-0.237549,1.381229,0.296687,-0.043346,-0.118773
0.168365,0.450684,0.660685,-0.085791,0.017340,0.888331,0.450785,-1.072501,0.385878,-0.026944,1.284476,-0.733367,0.134750,-0.797655,-0.324411,0.004907,1.473063,-0.852666,0.023384,-0.175795,0.076409,0.243684,-0.431500,0.377041,-0.863857,0.421496,0.142755,-0.230485,-0.059489,0.261532,-0.683808,-0.231102,1.384766,0.300155,-0.041937,-0.108272
0.164202,0.454956,0.665307,-0.083749,0.017782,0.887350,0.453078,-1.041275,0.388750,-0.014180,1.268523,-0.709234,0.129888,-0.769366,-0.324190,0.000694,1.437957,-0.829349,0.031846,-0.167115,0.077997,0.231167,-0.427793,0.382175,-0.853859,0.425885,0.135052,-0.231589,-0.071127,0.257731,-0.682087,-0.222217,1.387532,0.296918,-0.039785,-0.093122
0.160090,0.460689,0.672243,-0.078526,0.017056,0.885916,0.456832,-0.993018,0.393116,0.002444,1.237101,-0.669085,0.120482,-0.725859,-0.322984,-0.009068,1.384855,-0.792581,0.045075,-0.156468,0.081277,0.216067,-0.422323,0.388221,-0.846798,0.428644,0.122289,-0.230009,-0.089134,0.256437,-0.685492,-0.211207,1.388561,0.290253,-0.035992,-0.076711
0.155921,0.466487,0.680921,-0.070740,0.015443,0.884122,0.461613,-0.927280,0.396531,0.022832,1.187260,-0.613975,0.104309,-0.666563,-0.322174,-0.023100,1.310827,-0.743276,0.060956,-0.144251,0.085605,0.197780,-0.414097,0.394186,-0.842197,0.432640,0.104940,-0.224697,-0.109307,0.259257,-0.693845,-0.201360,1.387799,0.282343,-0.031066,-0.062873
0.151347,0.471826,0.690878,-0.061217,0.013099,0.882082,0.466918,-0.851908,0.398188,0.043529,1.125342,-0.552458,0.083100,-0.597256,-0.321542,-0.039455,1.223810,-0.683189,0.079384,-0.131879,0.090571,0.176994,-0.402931,0.398670,-0.839294,0.438507,0.086991,-0.215902,-0.129929,0.265833,-0.703457,-0.193926,1.384650,0.272770,-0.025817,-0.053443
0.146159,0.476493,0.701819,-0.050783,0.010183,0.879936,0.472260,-0.774878,0.397620,0.061556,1.057839,-0.492359,0.060468,-0.525140,-0.319729,-0.054395,1.132850,-0.612954,0.100951,-0.120601,0.095585,0.154302,-0.388619,0.401593,-0.837287,0.444516,0.071168,-0.205762,-0.150398,0.274590,-0.711783,-0.187803,1.380073,0.261540,-0.020985,-0.046787
0.140364,0.479763,0.713479,-0.039959,0.006894,0.877674,0.477539,-0.696824,0.392559,0.077307,0.983787,-0.433437,0.037761,-0.453903,-0.316302,-0.062861,1.039137,-0.531548,0.124633,-0.110433,0.099195,0.129194,-0.370354,0.404923,-0.834380,0.449651,0.055809,-0.197155,-0.168623,0.283707,-0.720494,-0.181526,1.377209,0.250810,-0.017121,-0.039031
0.134225,0.481689,0.725174,-0.028688,0.003651,0.875593,0.482184,-0.619934,0.380760,0.087853,0.908349,-0.378727,0.016518,-0.387543,-0.312031,-0.062686,0.951987,-0.445171,0.148086,-0.102114,0.100001,0.104725,-0.350497,0.409911,-0.830027,0.455505,0.044086,-0.189970,-0.183914,0.291297,-0.728581,-0.175163,1.375420,0.239623,-0.014167,-0.030144
0.127801,0.482629,0.736342,-0.017258,0.000886,0.873695,0.486167,-0.547167,0.362062,0.092681,0.835078,-0.328994,-0.003413,-0.329730,-0.308391,-0.053891,0.875483,-0.361881,0.168889,-0.095804,0.098271,0.081052,-0.330312,0.415457,-0.824110,0.464294,0.036579,-0.184578,-0.195223,0.296623,-0.735816,-0.168944,1.374129,0.228759,-0.012800,-0.020094
0.121333,0.483240,0.746516,-0.005959,-0.000967,0.872000,0.489469,-0.477437,0.336618,0.092818,0.762710,-0.284036,-0.021328,-0.281357,-0.306653,-0.036110,0.811361,-0.288696,0.185750,-0.091067,0.093556,0.058310,-0.310234,0.421759,-0.816673,0.473569,0.029695,-0.181066,-0.204004,0.300336,-0.742625,-0.162962,1.373439,0.220453,-0.012942,-0.007687
0.115406,0.484273,0.755183,0.007346,-0.001541,0.870706,0.491747,-0.405144,0.303845,0.088928,0.687566,-0.244849,-0.034702,-0.239643,-0.307737,-0.008651,0.762891,-0.230815,0.198639,-0.087339,0.083536,0.039441,-0.291436,0.431840,-0.807896,0.476487,0.018941,-0.177917,-0.214535,0.303752,-0.749099,-0.157595,1.373407,0.215810,-0.012761,0.007971
0.109892,0.485407,0.761929,0.021298,-0.001143,0.869387,0.493671,-0.332607,0.266506,0.083893,0.612777,-0.210765,-0.045766,-0.202668,-0.313826,0.022682,0.724863,-0.192227,0.206653,-0.084037,0.069341,0.023616,-0.275394,0.443674,-0.797901,0.476696,0.005900,-0.174055,-0.224417,0.307016,-0.755977,-0.154123,1.373894,0.212984,-0.011650,0.023909
0.104941,0.486320,0.766381,0.035081,0.000170,0.868135,0.495087,-0.267561,0.228974,0.078435,0.546350,-0.188331,-0.053296,-0.173718,-0.324450,0.053198,0.700511,-0.174126,0.209484,-0.080718,0.052607,0.011487,-0.262700,0.455351,-0.786834,0.475405,-0.008291,-0.169192,-0.233876,0.310297,-0.761755,-0.152569,1.372832,0.211963,-0.009796,0.039391
0.100652,0.487143,0.768493,0.047877,0.002343,0.867080,0.495858,-0.214413,0.194493,0.073500,0.492579,-0.183117,-0.054554,-0.154919,-0.338028,0.080365,0.691584,-0.174468,0.207673,-0.076593,0.034585,0.003045,-0.252725,0.466486,-0.774530,0.471387,-0.023387,-0.164074,-0.244982,0.314283,-0.765655,-0.151964,1.369623,0.213613,-0.007452,0.055684
0.096656,0.488266,0.768821,0.058323,0.005762,0.865975,0.496640,-0.169986,0.163769,0.072062,0.448406,-0.191706,-0.049600,-0.142334,-0.354182,0.102257,0.689476,-0.188633,0.201966,-0.070698,0.016249,-0.004167,-0.244501,0.477538,-0.760979,0.465401,-0.037574,-0.159969,-0.257632,0.319614,-0.769690,-0.151584,1.366946,0.217260,-0.004493,0.072985
0.092931,0.489483,0.768296,0.067512,0.009230,0.865028,0.497074,-0.134346,0.137298,0.073019,0.416121,-0.211096,-0.040218,-0.134530,-0.372144,0.117337,0.695317,-0.211414,0.192369,-0.064076,-0.001693,-0.008526,-0.239333,0.488661,-0.748756,0.460172,-0.045763,-0.156592,-0.269400,0.324968,-0.773023,-0.151876,1.364189,0.221038,-0.000779,0.088047
0.089708,0.490770,0.767668,0.075254,0.012733,0.864347,0.497070,-0.108239,0.115936,0.075706,0.395411,-0.235077,-0.030019,-0.130556,-0.390021,0.125419,0.706108,-0.236588,0.181390,-0.058295,-0.017233,-0.009489,-0.237391,0.497942,-0.739826,0.457988,-0.046355,-0.154626,-0.278301,0.329504,-0.775265,-0.153341,1.361409,0.224501,0.002784,0.099615
0.087074,0.492229,0.767364,0.081362,0.016258,0.864041,0.496536,-0.089291,0.098755,0.079685,0.381488,-0.257263,-0.021203,-0.129110,-0.406523,0.128850,0.717666,-0.258756,0.171842,-0.054117,-0.029991,-0.007993,-0.237247,0.504744,-0.733799,0.457882,-0.041819,-0.154456,-0.284515,0.333205,-0.776540,-0.156203,1.359645,0.227967,0.005759,0.108765
0.084888,0.493718,0.767535,0.086288,0.019340,0.864213,0.495295,-0.072775,0.083355,0.083571,0.369091,-0.274381,-0.013132,-0.128732,-0.421388,0.131278,0.729974,-0.274994,0.164468,-0.051381,-0.042099,-0.004795,-0.237246,0.511373,-0.728749,0.456157,-0.036042,-0.154810,-0.289912,0.335834,-0.776614,-0.160001,1.359638,0.230965,0.009160,0.116819
0.083592,0.494692,0.768098,0.089694,0.021042,0.864749,0.493682,-0.062033,0.073523,0.086869,0.361567,-0.282982,-0.008127,-0.128433,-0.431031,0.131315,0.739769,-0.283807,0.160506,-0.051037,-0.050618,0.000298,-0.237623,0.516353,-0.725726,0.454427,-0.030869,-0.155142,-0.293919,0.335375,-0.775650,-0.162496,1.361074,0.232065,0.012741,0.123304
0.083381,0.494832,0.768733,0.091451,0.021411,0.865533,0.491967,-0.058503,0.070446,0.089279,0.360160,-0.284190,-0.007081,-0.128895,-0.434271,0.128731,0.745465,-0.287118,0.159488,-0.052563,-0.054845,0.006125,-0.237588,0.519110,-0.723947,0.453561,-0.028215,-0.154665,-0.296946,0.332111,-0.773509,-0.163000,1.361915,0.231138,0.015980,0.128416
0.084439,0.494002,0.769206,0.091431,0.020494,0.866438,0.490414,-0.061753,0.073773,0.090925,0.363334,-0.280518,-0.009081,-0.130983,-0.431147,0.124469,0.746322,-0.288165,0.160119,-0.054847,-0.055307,0.011199,-0.236649,0.520737,-0.722578,0.452445,-0.028668,-0.153001,-0.300320,0.327356,-0.770233,-0.160787,1.360518,0.228194,0.018814,0.132775
0.087096,0.492136,0.769594,0.088324,0.017746,0.867368,0.489446,-0.072403,0.084426,0.092337,0.370437,-0.272878,-0.012240,-0.134430,-0.420912,0.118708,0.741734,-0.289243,0.161244,-0.057676,-0.051449,0.015483,-0.235959,0.522264,-0.722877,0.449922,-0.029804,-0.150738,-0.304578,0.321379,-0.766250,-0.154163,1.357557,0.222471,0.021668,0.136075
0.090789,0.489643,0.769926,0.083547,0.014207,0.868377,0.488610,-0.090567,0.101024,0.092967,0.383854,-0.265840,-0.013172,-0.139499,-0.405284,0.111252,0.736469,-0.293048,0.160059,-0.060966,-0.045075,0.020232,-0.235427,0.522140,-0.724353,0.447953,-0.028087,-0.148076,-0.308216,0.314968,-0.760903,-0.145622,1.354536,0.215317,0.024402,0.136477
0.094966,0.487150,0.770071,0.077173,0.010405,0.869472,0.487807,-0.115397,0.121681,0.093252,0.402952,-0.262571,-0.011147,-0.146860,-0.386968,0.101918,0.732997,-0.300367,0.155828,-0.064497,-0.037230,0.025533,-0.235534,0.520370,-0.726927,0.447166,-0.022965,-0.146093,-0.310927,0.309276,-0.754990,-0.137101,1.351848,0.207305,0.026536,0.134778
0.099104,0.485301,0.769664,0.069275,0.006872,0.870661,0.486933,-0.146559,0.144357,0.093468,0.427642,-0.265162,-0.005859,-0.157794,-0.368729,0.090869,0.733695,-0.311534,0.149196,-0.068192,-0.028775,0.031358,-0.237100,0.516933,-0.730521,0.447732,-0.015385,-0.145265,-0.312360,0.305042,-0.749225,-0.130268,1.349646,0.199762,0.028092,0.131964
0.102545,0.484363,0.768156,0.059723,0.004636,0.872188,0.485490,-0.185528,0.167162,0.092284,0.462088,-0.275565,0.004168,-0.174211,-0.352432,0.078532,0.744220,-0.327808,0.139782,-0.072352,-0.020940,0.039202,-0.240728,0.510300,-0.734703,0.450345,-0.005645,-0.144780,-0.311013,0.301588,-0.742885,-0.127375,1.348612,0.195472,0.029682,0.126869
0.104938,0.483491,0.765115,0.049308,0.002838,0.874126,0.483181,-0.234440,0.190173,0.088117,0.509060,-0.292423,0.015881,-0.197732,-0.337533,0.064503,0.769075,-0.349093,0.125138,-0.077303,-0.012316,0.051248,-0.247641,0.501728,-0.740923,0.452305,0.004910,-0.146105,-0.307745,0.296250,-0.736941,-0.128086,1.347879,0.193206,0.030506,0.120404
0.106388,0.483452,0.760189,0.038116,0.001745,0.876264,0.480318,-0.293805,0.214071,0.081100,0.570986,-0.315586,0.027763,-0.229567,-0.325707,0.047319,0.810824,-0.377986,0.108375,-0.082952,-0.003784,0.067117,-0.258085,0.491470,-0.748004,0.452738,0.013939,-0.148026,-0.302647,0.288964,-0.731818,-0.132283,1.345764,0.191770,0.029885,0.111917
0.108028,0.484358,0.753270,0.026232,0.001626,0.878394,0.477214,-0.364406,0.240015,0.072383,0.648242,-0.343735,0.038375,-0.271984,-0.318402,0.026527,0.870247,-0.414546,0.094677,-0.089076,0.003581,0.086547,-0.271153,0.480278,-0.754072,0.451149,0.017990,-0.149033,-0.294983,0.279692,-0.727616,-0.138273,1.340919,0.191659,0.027248,0.099805
0.111449,0.484165,0.744598,0.013254,0.002271,0.880472,0.473908,-0.447215,0.268759,0.062446,0.736837,-0.374323,0.045542,-0.327382,-0.313926,0.004590,0.945419,-0.454288,0.085294,-0.095510,0.010800,0.110603,-0.285322,0.470642,-0.758971,0.446000,0.014728,-0.150297,-0.284313,0.266754,-0.724691,-0.142197,1.333334,0.194501,0.021970,0.083873
0.115397,0.483641,0.734547,-0.000452,0.003582,0.882162,0.470932,-0.535516,0.297145,0.050185,0.828489,-0.414408,0.054110,-0.391119,-0.310818,-0.014173,1.028468,-0.501530,0.077506,-0.101565,0.016730,0.134404,-0.299154,0.462048,-0.761342,0.439893,0.009727,-0.152396,-0.270844,0.253680,-0.722488,-0.144721,1.324589,0.200622,0.014526,0.066612
0.118884,0.482781,0.723691,-0.014623,0.005318,0.883493,0.468187,-0.623753,0.323761,0.038516,0.916030,-0.464649,0.065517,-0.458734,-0.309877,-0.027823,1.112100,-0.553740,0.069937,-0.107424,0.021295,0.154766,-0.311956,0.455120,-0.761657,0.434407,0.004219,-0.155525,-0.254627,0.241518,-0.720976,-0.147225,1.315829,0.211588,0.005636,0.048954
0.121590,0.480410,0.712669,-0.028995,0.007240,0.884503,0.465577,-0.709350,0.347697,0.030456,0.995771,-0.519965,0.079244,-0.527546,-0.311926,-0.035405,1.191465,-0.602570,0.063641,-0.113818,0.024899,0.171475,-0.323705,0.450378,-0.761547,0.429682,-0.004080,-0.159126,-0.236034,0.229837,-0.719886,-0.149882,1.307857,0.229783,-0.003265,0.031631
0.123159,0.475451,0.702041,-0.042259,0.008135,0.885426,0.462783,-0.790792,0.366413,0.024721,1.066882,-0.575466,0.096183,-0.595078,-0.315670,-0.035347,1.263659,-0.641725,0.059600,-0.121147,0.027373,0.185431,-0.334752,0.446692,-0.762318,0.425194,-0.015114,-0.162519,-0.216331,0.219499,-0.718270,-0.151722,1.301628,0.255730,-0.010185,0.016885
0.123109,0.468347,0.692389,-0.054117,0.008239,0.886492,0.459496,-0.865020,0.378886,0.019996,1.127291,-0.626690,0.114199,-0.656756,-0.319813,-0.028893,1.326661,-0.671937,0.053312,-0.129092,0.029796,0.196708,-0.345565,0.444537,-0.765353,0.418524,-0.023790,-0.168032,-0.197112,0.210381,-0.716804,-0.152767,1.297474,0.284214,-0.015335,0.005289
0.121610,0.461181,0.684119,-0.064426,0.007911,0.887568,0.456080,-0.928657,0.386456,0.016837,1.177268,-0.669615,0.132530,-0.708191,-0.324169,-0.019521,1.378147,-0.695872,0.045933,-0.136607,0.032200,0.204460,-0.355681,0.442672,-0.769377,0.410942,-0.029427,-0.174025,-0.179286,0.203874,-0.714482,-0.154549,1.294694,0.311619,-0.018896,-0.003731
0.119572,0.455304,0.677594,-0.073047,0.007511,0.888530,0.452904,-0.980262,0.391412,0.016222,1.217788,-0.699918,0.149191,-0.748145,-0.328906,-0.011312,1.416964,-0.711905,0.041920,-0.142921,0.034484,0.209222,-0.364147,0.440622,-0.772797,0.404113,-0.034939,-0.178217,-0.164062,0.199981,-0.710586,-0.156380,1.292728,0.335960,-0.021056,-0.010266
0.118026,0.450301,0.673304,-0.079171,0.007096,0.889265,0.450433,-1.019317,0.395304,0.017972,1.246955,-0.714349,0.159781,-0.777566,-0.333263,-0.007028,1.442493,-0.715087,0.042548,-0.147802,0.037345,0.212905,-0.370278,0.440766,-0.775530,0.396884,-0.042031,-0.181718,-0.154016,0.195990,-0.706489,-0.154882,1.292308,0.355111,-0.022327,-0.012658
0.116701,0.448008,0.671776,-0.083397,0.007185,0.889486,0.449230,-1.038189,0.398741,0.021997,1.258607,-0.716801,0.166194,-0.790319,-0.335019,-0.006487,1.447809,-0.713335,0.044645,-0.149377,0.040084,0.212114,-0.373671,0.443537,-0.775071,0.390955,-0.048478,-0.184095,-0.152084,0.193753,-0.701887,-0.154018,1.294834,0.368445,-0.022090,-0.008348
0.114971,0.449189,0.673258,-0.085764,0.007650,0.889279,0.449187,-1.035103,0.403129,0.030554,1.253004,-0.709011,0.168773,-0.784732,-0.333899,-0.009461,1.432537,-0.707682,0.047679,-0.147126,0.042846,0.205896,-0.374204,0.448783,-0.771618,0.387780,-0.055221,-0.183570,-0.158069,0.193863,-0.697582,-0.154471,1.300218,0.375109,-0.020060,0.001256
0.112563,0.453033,0.677799,-0.086311,0.008365,0.888714,0.450187,-1.012391,0.409588,0.045134,1.233215,-0.689493,0.166765,-0.761939,-0.330452,-0.016059,1.399663,-0.693197,0.053201,-0.141575,0.046647,0.195398,-0.371658,0.456118,-0.767520,0.386383,-0.065398,-0.179017,-0.171638,0.197105,-0.695532,-0.154137,1.307011,0.374311,-0.016443,0.014205
0.109605,0.458242,0.685339,-0.082938,0.007674,0.887919,0.452396,-0.970769,0.417195,0.063989,1.198242,-0.656293,0.160672,-0.721212,-0.324705,-0.026061,1.348620,-0.666836,0.061603,-0.133122,0.052407,0.180776,-0.365770,0.464948,-0.765084,0.384071,-0.080056,-0.171350,-0.193752,0.206322,-0.697757,-0.152657,1.313990,0.366240,-0.011630,0.030200
0.105599,0.464420,0.695395,-0.077294,0.006239,0.887075,0.455065,-0.910739,0.422955,0.086139,1.144262,-0.609938,0.150133,-0.662886,-0.318485,-0.038363,1.277472,-0.628709,0.070898,-0.122404,0.060158,0.160924,-0.357423,0.475002,-0.766311,0.381842,-0.095235,-0.162045,-0.218885,0.221334,-0.705490,-0.152646,1.322250,0.352148,-0.006339,0.042811
0.100344,0.470769,0.706896,-0.070118,0.004045,0.886200,0.457949,-0.840035,0.426618,0.108532,1.076409,-0.556703,0.136748,-0.593198,-0.311155,-0.049875,1.192426,-0.579901,0.080590,-0.111015,0.069602,0.137500,-0.346122,0.484201,-0.769101,0.379823,-0.108242,-0.151642,-0.242954,0.240161,-0.716361,-0.154293,1.329539,0.332856,-0.001989,0.050722
0.094065,0.476192,0.718807,-0.062150,0.001078,0.885321,0.460807,-0.766740,0.427990,0.128517,1.000512,-0.501613,0.122003,-0.519744,-0.301931,-0.057551,1.100606,-0.520271,0.091933,-0.100601,0.080355,0.111911,-0.331428,0.492015,-0.771782,0.377459,-0.118342,-0.141214,-0.264579,0.259987,-0.728642,-0.155942,1.334919,0.309738,0.000764,0.056052
0.087242,0.479976,0.730588,-0.054037,-0.002431,0.884394,0.463596,-0.692382,0.424243,0.145917,0.915778,-0.443655,0.105093,-0.446799,-0.292777,-0.060547,1.003906,-0.448927,0.105793,-0.091758,0.091612,0.083206,-0.314686,0.501258,-0.776098,0.375418,-0.125468,-0.133221,-0.283735,0.278065,-0.744013,-0.156903,1.342161,0.285833,0.002672,0.059880
0.080569,0.482221,0.741510,-0.045672,-0.005731,0.883379,0.466394,-0.619162,0.414535,0.158689,0.828790,-0.385733,0.085680,-0.379300,-0.285607,-0.059145,0.911092,-0.370423,0.119352,-0.084136,0.101107,0.054548,-0.297316,0.511147,-0.779018,0.375860,-0.130452,-0.128127,-0.301526,0.293136,-0.760407,-0.158825,1.350273,0.264560,0.003105,0.064822
0.074097,0.483438,0.750944,-0.037232,-0.008505,0.882257,0.469216,-0.549402,0.398355,0.164664,0.745882,-0.331498,0.064311,-0.321674,-0.280210,-0.050092,0.829348,-0.291955,0.132493,-0.077249,0.107529,0.027237,-0.280009,0.521407,-0.779897,0.378925,-0.137078,-0.124702,-0.316747,0.304672,-0.777323,-0.161350,1.359237,0.248229,0.002408,0.072248
0.067821,0.484256,0.758639,-0.028897,-0.010436,0.881018,0.472083,-0.482653,0.375120,0.163140,0.669210,-0.282873,0.042370,-0.274734,-0.276921,-0.031181,0.762591,-0.221149,0.145131,-0.070901,0.110278,0.001653,-0.262849,0.532464,-0.778551,0.382950,-0.147862,-0.122184,-0.329065,0.312999,-0.795459,-0.163859,1.369486,0.237302,0.001256,0.082457
0.062162,0.485160,0.764763,-0.018730,-0.010853,0.879919,0.474630,-0.415715,0.344809,0.155436,0.597383,-0.239501,0.021285,-0.235068,-0.278613,-0.005775,0.711966,-0.163985,0.154728,-0.065147,0.108775,-0.020667,-0.246120,0.544307,-0.773069,0.386436,-0.160900,-0.121321,-0.340954,0.319327,-0.814730,-0.167698,1.379953,0.230482,-0.000454,0.095030
0.056852,0.486193,0.769456,-0.007930,-0.010075,0.878839,0.476945,-0.350781,0.309280,0.143524,0.531630,-0.201587,0.000743,-0.201691,-0.286612,0.022084,0.674364,-0.122199,0.162928,-0.059654,0.103368,-0.039698,-0.231646,0.556689,-0.766131,0.389912,-0.175063,-0.121505,-0.350597,0.324451,-0.834748,-0.173266,1.389910,0.226246,-0.002518,0.106808
0.051703,0.487375,0.772693,0.003188,-0.008318,0.877757,0.479023,-0.292859,0.272853,0.129014,0.477522,-0.176680,-0.016107,-0.176890,-0.299952,0.048911,0.653149,-0.096228,0.168292,-0.054341,0.094354,-0.054357,-0.220147,0.567582,-0.756816,0.392097,-0.186961,-0.122586,-0.356289,0.327994,-0.852549,-0.179294,1.397555,0.224733,-0.004437,0.116594
0.046834,0.488633,0.774586,0.014312,-0.005799,0.876658,0.480866,-0.244109,0.238553,0.114383,0.437064,-0.169652,-0.026111,-0.161017,-0.317065,0.072753,0.649201,-0.085455,0.169143,-0.049426,0.082341,-0.064389,-0.211460,0.576177,-0.744685,0.391151,-0.193824,-0.124974,-0.357935,0.329996,-0.865965,-0.184794,1.402199,0.225734,-0.005736,0.124377
0.042652,0.489630,0.775556,0.025413,-0.002213,0.875661,0.482252,-0.201720,0.205950,0.103349,0.404397,-0.174723,-0.030046,-0.150001,-0.337307,0.092730,0.654068,-0.087448,0.167000,-0.045172,0.068499,-0.071477,-0.206032,0.584464,-0.734042,0.387324,-0.195703,-0.128814,-0.357075,0.331872,-0.875844,-0.189976,1.405095,0.227569,-0.006193,0.129730
0.039840,0.489944,0.775780,0.036424,0.001658,0.874825,0.483064,-0.165910,0.176615,0.097174,0.378493,-0.188288,-0.028939,-0.143944,-0.359979,0.105732,0.666921,-0.098093,0.161104,-0.041639,0.053240,-0.074309,-0.205929,0.591326,-0.726064,0.383118,-0.190325,-0.133170,-0.356583,0.333782,-0.880325,-0.192985,1.404133,0.231452,-0.005684,0.133726
0.038537,0.489872,0.775468,0.047105,0.005729,0.874181,0.483277,-0.137048,0.151262,0.094951,0.359698,-0.204854,-0.025471,-0.141984,-0.383204,0.113027,0.685466,-0.114672,0.153216,-0.039093,0.037247,-0.073070,-0.210207,0.596248,-0.721629,0.378907,-0.179617,-0.137574,-0.355173,0.335552,-0.879318,-0.195376,1.401037,0.238770,-0.004067,0.135463
0.038420,0.489705,0.774883,0.057219,0.009921,0.873765,0.482868,-0.113407,0.129038,0.095210,0.345196,-0.218476,-0.021841,-0.141839,-0.404998,0.118071,0.705483,-0.133358,0.145761,-0.038030,0.021310,-0.068985,-0.216794,0.599708,-0.720529,0.374619,-0.166559,-0.142062,-0.351644,0.336290,-0.874425,-0.198815,1.398989,0.248888,-0.001425,0.134290
0.039082,0.489187,0.774224,0.066099,0.013691,0.873910,0.481377,-0.092360,0.108917,0.096966,0.329908,-0.225541,-0.018636,-0.141567,-0.424156,0.122402,0.723585,-0.148233,0.139802,-0.038857,0.006120,-0.062728,-0.225073,0.602030,-0.720835,0.371788,-0.151519,-0.146693,-0.348443,0.334626,-0.867299,-0.201467,1.398371,0.258671,0.001595,0.131863
0.040154,0.488790,0.773520,0.073064,0.016894,0.874242,0.479664,-0.077200,0.092860,0.098575,0.318522,-0.224136,-0.019327,-0.140832,-0.438786,0.126266,0.737237,-0.158656,0.139074,-0.041172,-0.006819,-0.055632,-0.233596,0.602679,-0.722678,0.370521,-0.137345,-0.151415,-0.344371,0.331642,-0.859503,-0.202795,1.398598,0.265360,0.003789,0.128099
0.041010,0.488731,0.772808,0.077993,0.019192,0.874664,0.478029,-0.068293,0.082197,0.098953,0.313035,-0.216222,-0.023742,-0.140111,-0.447825,0.128520,0.745747,-0.162205,0.142422,-0.044169,-0.015710,-0.049654,-0.241054,0.600745,-0.725258,0.371257,-0.126962,-0.155769,-0.338858,0.327227,-0.852165,-0.203539,1.400671,0.271022,0.005700,0.123065
0.041408,0.488567,0.772177,0.080765,0.020250,0.875075,0.476771,-0.064718,0.076961,0.097671,0.312145,-0.204987,-0.030041,-0.139680,-0.450518,0.129785,0.748709,-0.158672,0.147684,-0.047578,-0.019736,-0.045847,-0.246348,0.596304,-0.727988,0.373115,-0.122256,-0.159140,-0.332630,0.321505,-0.846134,-0.203704,1.404613,0.276022,0.007385,0.117515
0.041943,0.487515,0.771750,0.080058,0.019281,0.875856,0.475494,-0.067996,0.077082,0.094578,0.315162,-0.192166,-0.037729,-0.139349,-0.445726,0.133153,0.745196,-0.153819,0.155929,-0.052064,-0.019353,-0.043429,-0.248984,0.590926,-0.732143,0.373166,-0.123438,-0.161135,-0.326799,0.316238,-0.841995,-0.201885,1.407904,0.275255,0.007018,0.112120
0.043028,0.485691,0.771614,0.076966,0.016905,0.876965,0.474049,-0.079310,0.084135,0.089634,0.323064,-0.180183,-0.044462,-0.139927,-0.433267,0.136554,0.737102,-0.151043,0.164910,-0.057881,-0.013998,-0.041685,-0.250966,0.585382,-0.739053,0.371353,-0.127920,-0.161734,-0.322533,0.311148,-0.839382,-0.199061,1.410837,0.270707,0.005631,0.105757
0.044581,0.483822,0.771785,0.071956,0.013707,0.878323,0.472423,-0.097683,0.096487,0.084182,0.336524,-0.171707,-0.049465,-0.142165,-0.416647,0.138459,0.728056,-0.153193,0.171714,-0.064661,-0.005438,-0.040511,-0.252666,0.579293,-0.748325,0.368872,-0.132366,-0.161356,-0.320026,0.307491,-0.837786,-0.197293,1.413735,0.264656,0.004116,0.098907
0.046316,0.482383,0.772104,0.065493,0.010276,0.879853,0.470600,-0.121436,0.111449,0.078981,0.354509,-0.169163,-0.051886,-0.146869,-0.399643,0.137629,0.721703,-0.161464,0.174010,-0.071803,0.004243,-0.039393,-0.254237,0.572528,-0.759742,0.366459,-0.135011,-0.160505,-0.319465,0.306283,-0.836978,-0.197767,1.416549,0.258722,0.002940,0.092896
0.048080,0.481258,0.772198,0.057226,0.006999,0.881722,0.468234,-0.150099,0.128330,0.073133,0.375401,-0.173958,-0.049813,-0.154953,-0.383254,0.131723,0.720651,-0.175049,0.170533,-0.078964,0.014663,-0.036789,-0.257529,0.565771,-0.774402,0.363987,-0.136267,-0.159445,-0.321587,0.306309,-0.836865,-0.200225,1.419039,0.254975,0.002504,0.088006
0.049813,0.480927,0.771638,0.048412,0.004493,0.883668,0.465582,-0.184296,0.146556,0.068117,0.402595,-0.185117,-0.045405,-0.166261,-0.369216,0.120018,0.727182,-0.195763,0.161771,-0.086267,0.023859,-0.031740,-0.263418,0.557934,-0.790799,0.362506,-0.135501,-0.158400,-0.325433,0.307144,-0.836629,-0.205660,1.419633,0.254708,0.001987,0.083428
0.051545,0.481379,0.770004,0.039113,0.002696,0.885697,0.462606,-0.225582,0.166697,0.065665,0.438836,-0.201855,-0.037125,-0.181862,-0.357049,0.103267,0.743066,-0.223051,0.148228,-0.094083,0.031405,-0.023538,-0.271425,0.548923,-0.806919,0.361984,-0.133247,-0.158143,-0.329485,0.307108,-0.836438,-0.213771,1.417883,0.257954,0.001294,0.078625
0.053264,0.481790,0.766911,0.029392,0.001544,0.887811,0.459267,-0.276471,0.189055,0.064994,0.488152,-0.224556,-0.025202,-0.204307,-0.346784,0.082244,0.771949,-0.256451,0.131914,-0.102173,0.037459,-0.010638,-0.280770,0.539463,-0.821377,0.360356,-0.131168,-0.159012,-0.332076,0.304693,-0.836554,-0.222477,1.412170,0.263597,-0.000071,0.072996
0.054931,0.481270,0.762040,0.019153,0.001267,0.889743,0.456059,-0.339002,0.213005,0.062781,0.555734,-0.254895,-0.014977,-0.235868,-0.340557,0.057294,0.818272,-0.298868,0.116334,-0.109626,0.041750,0.008663,-0.291213,0.530120,-0.833708,0.354826,-0.131465,-0.160221,-0.331803,0.299865,-0.836435,-0.229625,1.399453,0.270566,-0.003570,0.065412
0.056867,0.480973,0.755236,0.008170,0.001584,0.891422,0.453098,-0.410169,0.240108,0.059294,0.636225,-0.295425,-0.002754,-0.274817,-0.336321,0.031097,0.876897,-0.353326,0.100480,-0.117052,0.046283,0.031411,-0.302207,0.521584,-0.843904,0.346574,-0.137003,-0.161411,-0.328624,0.291724,-0.836419,-0.236962,1.383680,0.280641,-0.008054,0.055270
0.059055,0.481201,0.746597,-0.003149,0.002552,0.892788,0.450459,-0.486337,0.267838,0.054091,0.726149,-0.346626,0.012410,-0.320760,-0.334899,0.007134,0.946386,-0.417239,0.085559,-0.124448,0.049940,0.055329,-0.312779,0.513541,-0.850374,0.337813,-0.145852,-0.162760,-0.321482,0.282214,-0.836804,-0.245325,1.366441,0.294204,-0.013153,0.043239
0.061362,0.481349,0.736365,-0.014396,0.004230,0.893796,0.448223,-0.564718,0.293677,0.047453,0.821946,-0.406724,0.028849,-0.373559,-0.338262,-0.012820,1.026124,-0.485281,0.073503,-0.131366,0.051427,0.079267,-0.322098,0.505717,-0.852567,0.329854,-0.156185,-0.164499,-0.309744,0.273127,-0.837001,-0.254398,1.348130,0.311658,-0.019009,0.029726
0.063812,0.480715,0.724892,-0.025500,0.005982,0.894744,0.445810,-0.643226,0.318892,0.041899,0.916204,-0.471896,0.045879,-0.430943,-0.345786,-0.028891,1.110361,-0.552863,0.064294,-0.137827,0.052410,0.101796,-0.330254,0.498601,-0.853020,0.322917,-0.169808,-0.166604,-0.295266,0.263263,-0.835739,-0.263824,1.331246,0.334775,-0.025110,0.014323
0.066069,0.478368,0.712958,-0.035989,0.007198,0.895686,0.443170,-0.720011,0.341326,0.037775,1.004925,-0.535249,0.062353,-0.489873,-0.355332,-0.037775,1.192508,-0.613179,0.059093,-0.144412,0.052676,0.120985,-0.338690,0.491466,-0.853473,0.318209,-0.182697,-0.169371,-0.281555,0.252759,-0.833236,-0.272507,1.317328,0.362171,-0.031021,-0.000738
0.067670,0.474234,0.701327,-0.045770,0.007686,0.896697,0.440205,-0.793066,0.360000,0.035769,1.084308,-0.593619,0.080501,-0.546604,-0.364164,-0.037824,1.267036,-0.662707,0.056882,-0.151623,0.052318,0.135805,-0.347710,0.484734,-0.854827,0.315255,-0.190871,-0.173268,-0.269188,0.241942,-0.829841,-0.279432,1.307334,0.390815,-0.035965,-0.015131
0.068365,0.468609,0.690730,-0.054749,0.007257,0.897853,0.436819,-0.860252,0.374823,0.035336,1.152364,-0.644972,0.099681,-0.598078,-0.371189,-0.031451,1.331176,-0.701188,0.055772,-0.158890,0.052073,0.146932,-0.356722,0.478956,-0.857685,0.312492,-0.192956,-0.178167,-0.257790,0.230997,-0.825271,-0.283735,1.300640,0.418307,-0.039600,-0.029108
0.068218,0.461963,0.682048,-0.061925,0.006050,0.898754,0.434016,-0.918410,0.385413,0.034317,1.208508,-0.685459,0.113791,-0.642014,-0.377440,-0.023999,1.383269,-0.729755,0.054857,-0.164462,0.052759,0.155645,-0.365278,0.473944,-0.862579,0.309043,-0.190800,-0.182748,-0.249371,0.220086,-0.818755,-0.284942,1.295621,0.444110,-0.042087,-0.040700
0.067193,0.456741,0.676367,-0.068217,0.005239,0.899217,0.432121,-0.960693,0.393228,0.035052,1.244497,-0.714684,0.126042,-0.673108,-0.381388,-0.017948,1.414630,-0.750321,0.052676,-0.167550,0.054834,0.159594,-0.373098,0.471502,-0.869121,0.305629,-0.189112,-0.185115,-0.247595,0.209330,-0.810463,-0.284083,1.294847,0.467788,-0.041741,-0.046172
0.065831,0.453977,0.673963,-0.073305,0.004873,0.899239,0.431244,-0.983743,0.398423,0.037267,1.259568,-0.730386,0.135884,-0.689070,-0.382231,-0.015023,1.423563,-0.762396,0.050548,-0.167136,0.057299,0.159374,-0.379929,0.471265,-0.874786,0.303620,-0.187016,-0.185508,-0.250547,0.199747,-0.801221,-0.280207,1.298556,0.486414,-0.039156,-0.044718
0.064377,0.453944,0.674895,-0.076871,0.005000,0.898821,0.431493,-0.986830,0.402885,0.042016,1.257382,-0.730693,0.140574,-0.688676,-0.380511,-0.017959,1.411642,-0.764851,0.050631,-0.162614,0.059547,0.156541,-0.383816,0.472750,-0.877019,0.303537,-0.184995,-0.184017,-0.257745,0.192234,-0.791471,-0.272755,1.305341,0.497993,-0.035771,-0.037352
0.062103,0.457159,0.679459,-0.078138,0.005155,0.897803,0.433380,-0.968825,0.410999,0.054488,1.237824,-0.716248,0.140311,-0.668980,-0.377205,-0.029728,1.376377,-0.757156,0.053213,-0.154492,0.062848,0.149981,-0.381777,0.477423,-0.875853,0.304590,-0.188619,-0.178885,-0.274234,0.187326,-0.781586,-0.263785,1.314775,0.503462,-0.031381,-0.025210
0.058638,0.462258,0.686966,-0.077314,0.004606,0.896565,0.436088,-0.929129,0.419681,0.073051,1.197243,-0.684679,0.135476,-0.629277,-0.372506,-0.048139,1.315100,-0.734519,0.058062,-0.143293,0.067996,0.137819,-0.376726,0.484504,-0.873969,0.306832,-0.191010,-0.170894,-0.294976,0.188157,-0.775217,-0.254000,1.326607,0.500112,-0.025239,-0.011987
0.053719,0.467870,0.697886,-0.074599,0.003222,0.895259,0.439246,-0.874447,0.426973,0.094356,1.140462,-0.637708,0.126534,-0.574610,-0.365887,-0.068801,1.235254,-0.688061,0.068036,-0.130638,0.074508,0.121056,-0.368720,0.492851,-0.871914,0.309143,-0.188443,-0.161986,-0.317125,0.194892,-0.771643,-0.243666,1.338913,0.486983,-0.018269,-0.000463
0.047442,0.472927,0.711200,-0.070193,0.000869,0.894027,0.442480,-0.811896,0.432008,0.115987,1.072674,-0.582342,0.114393,-0.511175,-0.357284,-0.087672,1.145065,-0.620195,0.082555,-0.118088,0.081856,0.100734,-0.355819,0.502207,-0.869208,0.309681,-0.181480,-0.153715,-0.339943,0.206520,-0.769438,-0.233923,1.349745,0.465304,-0.011876,0.008609
0.040288,0.476572,0.723604,-0.064207,-0.002328,0.892765,0.445917,-0.742508,0.432034,0.136107,0.991884,-0.525894,0.099999,-0.442616,-0.347993,-0.102289,1.045952,-0.546976,0.095147,-0.105932,0.090073,0.075836,-0.338018,0.512912,-0.866578,0.307728,-0.171288,-0.146725,-0.360759,0.223190,-0.770227,-0.226754,1.359010,0.437350,-0.006427,0.016169
0.032188,0.478783,0.737030,-0.057449,-0.005309,0.891546,0.449241,-0.669145,0.422759,0.150131,0.902248,-0.465110,0.082410,-0.375781,-0.339768,-0.110789,0.947443,-0.459819,0.108955,-0.094227,0.097338,0.048807,-0.317750,0.523379,-0.864712,0.305680,-0.160673,-0.142277,-0.375983,0.242320,-0.771633,-0.221950,1.367370,0.407027,-0.002332,0.023652
0.024048,0.479455,0.749436,-0.050049,-0.007967,0.890335,0.452476,-0.596001,0.403418,0.154702,0.809517,-0.404952,0.063447,-0.317659,-0.333131,-0.111044,0.859634,-0.365830,0.123037,-0.082946,0.102167,0.021635,-0.297668,0.533227,-0.863134,0.305006,-0.149975,-0.141674,-0.384306,0.261087,-0.773423,-0.217961,1.375665,0.377103,-0.000319,0.032111
0.016523,0.479085,0.758396,-0.042138,-0.010199,0.889102,0.455650,-0.525063,0.375554,0.149515,0.718741,-0.352365,0.045428,-0.271495,-0.328478,-0.101737,0.788923,-0.278895,0.135001,-0.072242,0.103826,-0.004513,-0.278335,0.543414,-0.860300,0.305571,-0.142023,-0.144144,-0.388440,0.277776,-0.777134,-0.214857,1.384613,0.350772,-0.000424,0.043111
0.009064,0.479040,0.765688,-0.033186,-0.011122,0.887930,0.458645,-0.454811,0.340627,0.137148,0.633036,-0.305861,0.028315,-0.235151,-0.327192,-0.083793,0.736172,-0.201696,0.146692,-0.062583,0.102074,-0.028463,-0.258710,0.554791,-0.854971,0.306500,-0.143371,-0.146562,-0.392678,0.291979,-0.783804,-0.215324,1.394667,0.332169,-0.001371,0.057814
0.002265,0.479303,0.770985,-0.023446,-0.011035,0.886924,0.461187,-0.386513,0.301130,0.120770,0.552399,-0.262344,0.012646,-0.205447,-0.330076,-0.060436,0.696964,-0.138928,0.159055,-0.054386,0.097280,-0.049423,-0.242290,0.566479,-0.848944,0.307003,-0.149177,-0.148544,-0.393404,0.303648,-0.794296,-0.219409,1.405829,0.320429,-0.002132,0.071207
-0.003917,0.479724,0.775500,-0.013134,-0.009901,0.886120,0.463164,-0.326443,0.260560,0.103441,0.485724,-0.225422,-0.000394,-0.184175,-0.337258,-0.033372,0.674920,-0.087644,0.172540,-0.047688,0.089427,-0.065788,-0.229176,0.577253,-0.841548,0.306445,-0.156716,-0.150680,-0.391142,0.312524,-0.806097,-0.225247,1.415231,0.313342,-0.003406,0.082246
-0.009825,0.480406,0.779369,-0.002468,-0.007681,0.885555,0.464464,-0.277979,0.222022,0.088381,0.438078,-0.201962,-0.009658,-0.171950,-0.349217,-0.005203,0.670456,-0.050232,0.185265,-0.042094,0.078635,-0.077235,-0.217572,0.587222,-0.831441,0.303845,-0.166416,-0.152761,-0.389728,0.318826,-0.817251,-0.232255,1.420471,0.311518,-0.005418,0.092787
-0.015301,0.481562,0.780326,0.007881,-0.003356,0.885034,0.465448,-0.236436,0.186470,0.078805,0.400574,-0.193802,-0.015030,-0.163658,-0.367345,0.018634,0.672369,-0.038666,0.193246,-0.036939,0.065543,-0.085484,-0.207619,0.597658,-0.819518,0.298427,-0.177526,-0.153880,-0.390618,0.323471,-0.828941,-0.242058,1.422487,0.318212,-0.006627,0.103108
-0.020158,0.483268,0.781338,0.018493,0.002548,0.884600,0.465977,-0.199705,0.151937,0.075952,0.370660,-0.191451,-0.018175,-0.158955,-0.392227,0.035429,0.679584,-0.038528,0.197522,-0.031818,0.049956,-0.089113,-0.200468,0.606924,-0.806932,0.292614,-0.185811,-0.155961,-0.390552,0.326205,-0.838387,-0.252578,1.421724,0.329930,-0.007780,0.111685
-0.024261,0.485250,0.781599,0.029070,0.009436,0.884161,0.466182,-0.168482,0.119283,0.078329,0.348511,-0.195360,-0.017270,-0.158331,-0.421199,0.047056,0.692376,-0.046982,0.197809,-0.027642,0.032392,-0.088604,-0.197144,0.614896,-0.796579,0.287685,-0.188035,-0.159665,-0.388978,0.327131,-0.845157,-0.261833,1.419083,0.343465,-0.008832,0.117415
-0.027506,0.487056,0.779736,0.039310,0.016714,0.883646,0.466203,-0.142070,0.089835,0.083939,0.331532,-0.206035,-0.011641,-0.160953,-0.450511,0.056778,0.708633,-0.064875,0.194136,-0.025219,0.014183,-0.085191,-0.197939,0.622274,-0.790279,0.283502,-0.184816,-0.164044,-0.386763,0.325923,-0.850547,-0.268998,1.416548,0.357904,-0.008918,0.120680
-0.029699,0.488362,0.778053,0.049000,0.023406,0.883120,0.465994,-0.117274,0.062883,0.091563,0.314325,-0.212889,-0.005738,-0.164507,-0.477548,0.065905,0.724469,-0.082453,0.189920,-0.024279,-0.003085,-0.078587,-0.202032,0.628636,-0.786797,0.279835,-0.180273,-0.167954,-0.383241,0.321363,-0.854900,-0.274202,1.416565,0.373551,-0.007610,0.122565
-0.030311,0.489190,0.776471,0.057445,0.028855,0.882600,0.465710,-0.097208,0.040770,0.097573,0.300281,-0.211940,-0.001688,-0.167027,-0.498955,0.074646,0.737681,-0.098805,0.189107,-0.025671,-0.017917,-0.068969,-0.207453,0.633130,-0.786181,0.276972,-0.176335,-0.171264,-0.378307,0.313992,-0.857931,-0.278517,1.419364,0.389659,-0.005561,0.121502
-0.029477,0.489250,0.775083,0.064105,0.032572,0.882075,0.465590,-0.084763,0.026431,0.100820,0.293380,-0.204906,0.000055,-0.168906,-0.512198,0.081722,0.747542,-0.111600,0.190285,-0.028985,-0.027586,-0.058199,-0.213760,0.634807,-0.788554,0.275126,-0.174405,-0.173458,-0.371935,0.305168,-0.860083,-0.281450,1.423986,0.403677,-0.003282,0.118375
-0.027541,0.488265,0.774150,0.068445,0.034068,0.881540,0.465877,-0.081356,0.021478,0.101769,0.294363,-0.194351,-0.001332,-0.171371,-0.516512,0.085490,0.753130,-0.117603,0.191730,-0.032807,-0.030295,-0.048877,-0.220556,0.633586,-0.792616,0.274446,-0.176738,-0.174157,-0.364982,0.296291,-0.862244,-0.282975,1.430005,0.414397,-0.000872,0.115278
-0.024493,0.486513,0.773408,0.068178,0.033124,0.880914,0.467168,-0.087801,0.025360,0.100281,0.301590,-0.181188,-0.007101,-0.174726,-0.512973,0.085098,0.753445,-0.117340,0.195398,-0.036272,-0.027089,-0.042407,-0.226241,0.630293,-0.796319,0.274937,-0.184823,-0.173921,-0.359014,0.288509,-0.864825,-0.284739,1.437766,0.423289,0.001614,0.112696
-0.020575,0.484733,0.772824,0.065441,0.031485,0.880420,0.468600,-0.103940,0.035997,0.096390,0.316667,-0.169653,-0.014204,-0.179453,-0.503330,0.080371,0.752297,-0.115954,0.198476,-0.040492,-0.019643,-0.037187,-0.231304,0.624179,-0.801899,0.275604,-0.192740,-0.173634,-0.352777,0.283053,-0.867144,-0.285284,1.445148,0.428480,0.003461,0.109945
-0.016173,0.483317,0.772198,0.060519,0.029545,0.880079,0.470027,-0.128682,0.050703,0.090427,0.339333,-0.165208,-0.019681,-0.186577,-0.489329,0.074200,0.752629,-0.116414,0.199629,-0.045634,-0.010041,-0.032714,-0.236722,0.616230,-0.810311,0.275752,-0.197192,-0.174143,-0.345684,0.280628,-0.868748,-0.284532,1.450729,0.429829,0.004892,0.107117
-0.011654,0.482366,0.771173,0.053695,0.027701,0.879903,0.471296,-0.160863,0.067295,0.082457,0.368062,-0.171241,-0.021546,-0.197406,-0.472361,0.068836,0.756690,-0.121060,0.198356,-0.051268,-0.000017,-0.028288,-0.244106,0.607775,-0.821515,0.274439,-0.197905,-0.175483,-0.338830,0.280144,-0.869341,-0.282864,1.454021,0.429015,0.006834,0.104992
-0.007196,0.482005,0.769362,0.044662,0.026480,0.880190,0.471772,-0.200546,0.084505,0.071595,0.403446,-0.187330,-0.018814,-0.213036,-0.453168,0.063875,0.767971,-0.134549,0.193321,-0.057649,0.009446,-0.021089,-0.255241,0.598550,-0.835795,0.270182,-0.195059,-0.176857,-0.333660,0.278773,-0.868226,-0.280086,1.454467,0.428109,0.009698,0.103522
-0.002674,0.482380,0.766276,0.034824,0.026092,0.881003,0.471105,-0.250090,0.100725,0.055844,0.450894,-0.211927,-0.013185,-0.234088,-0.431680,0.063228,0.790682,-0.161262,0.185572,-0.065550,0.017139,-0.008547,-0.268670,0.588508,-0.851361,0.262937,-0.190192,-0.178604,-0.328628,0.275479,-0.864311,-0.279418,1.450979,0.430019,0.012090,0.099698
0.001739,0.483085,0.761585,0.024319,0.026293,0.881979,0.469926,-0.309453,0.116156,0.033865,0.512396,-0.244070,-0.005192,-0.263236,-0.409864,0.064943,0.827724,-0.202376,0.173580,-0.074170,0.023824,0.010363,-0.284450,0.578400,-0.866927,0.251924,-0.186113,-0.180182,-0.324204,0.268943,-0.858025,-0.281044,1.443474,0.436524,0.014115,0.094748
0.005915,0.483308,0.755049,0.013285,0.026840,0.882758,0.468872,-0.377784,0.132980,0.007150,0.588325,-0.284369,0.004759,-0.303537,-0.391179,0.064424,0.880942,-0.255392,0.157778,-0.081664,0.030493,0.035347,-0.301320,0.568109,-0.879263,0.238632,-0.188370,-0.180306,-0.320289,0.257222,-0.849394,-0.282550,1.432585,0.448344,0.015762,0.090278
0.010040,0.482492,0.746466,0.001878,0.027555,0.882796,0.468944,-0.454621,0.153583,-0.020126,0.679001,-0.334838,0.015938,-0.355195,-0.378269,0.060773,0.950158,-0.317535,0.143037,-0.086914,0.036383,0.064989,-0.314821,0.556009,-0.883033,0.228010,-0.202703,-0.178430,-0.313740,0.239370,-0.836932,-0.282196,1.419129,0.465992,0.015297,0.083957
0.013745,0.481276,0.736020,-0.009520,0.028542,0.882210,0.469894,-0.534305,0.176788,-0.046438,0.776233,-0.396454,0.032264,-0.413567,-0.370537,0.055888,1.027900,-0.393875,0.127561,-0.091180,0.040655,0.095889,-0.324910,0.542619,-0.880262,0.220562,-0.223322,-0.176543,-0.304058,0.218755,-0.821927,-0.280950,1.404816,0.490193,0.012633,0.075400
0.015965,0.479191,0.724346,-0.020742,0.029422,0.880972,0.471798,-0.611781,0.201792,-0.068090,0.872403,-0.468044,0.052183,-0.475336,-0.369059,0.051250,1.106974,-0.477434,0.112713,-0.094277,0.044268,0.125127,-0.330417,0.529750,-0.871665,0.216708,-0.249939,-0.174610,-0.293024,0.196094,-0.805159,-0.278259,1.391098,0.519773,0.008629,0.066565
0.016036,0.475532,0.712220,-0.031623,0.029820,0.879057,0.474732,-0.684548,0.228385,-0.082015,0.963599,-0.545549,0.072703,-0.536866,-0.373482,0.048043,1.181695,-0.558652,0.101034,-0.096023,0.048702,0.151217,-0.330948,0.518645,-0.858549,0.217159,-0.279710,-0.172439,-0.282588,0.171253,-0.787025,-0.272312,1.379663,0.551394,0.004696,0.059104
0.014250,0.470625,0.700305,-0.041138,0.028441,0.876743,0.478351,-0.751734,0.255525,-0.089094,1.049144,-0.623270,0.094751,-0.592111,-0.378988,0.048904,1.246977,-0.636946,0.092240,-0.097564,0.054225,0.173773,-0.328549,0.509156,-0.844850,0.221640,-0.299971,-0.172211,-0.272908,0.146060,-0.768124,-0.262476,1.372775,0.581339,0.002120,0.052706
0.010086,0.464811,0.689396,-0.049585,0.026459,0.874333,0.482061,-0.811095,0.280154,-0.090525,1.128725,-0.698759,0.117328,-0.637543,-0.382111,0.059172,1.299114,-0.707439,0.087074,-0.097575,0.060140,0.191672,-0.321230,0.502272,-0.828449,0.229257,-0.308204,-0.175511,-0.262468,0.120624,-0.747711,-0.251852,1.371571,0.609629,0.000558,0.048107
0.003408,0.459128,0.680827,-0.057242,0.024788,0.871963,0.485581,-0.860126,0.296463,-0.088060,1.192526,-0.765038,0.141487,-0.672221,-0.384996,0.076396,1.332754,-0.766510,0.083630,-0.098047,0.065350,0.200952,-0.309529,0.503842,-0.806162,0.245569,-0.304292,-0.178967,-0.253711,0.096038,-0.730186,-0.244849,1.376597,0.635470,0.002656,0.046416
-0.005303,0.454927,0.675419,-0.064387,0.024342,0.869772,0.488630,-0.895239,0.304667,-0.081700,1.236997,-0.816507,0.165938,-0.695126,-0.390242,0.093662,1.346310,-0.809844,0.081808,-0.099522,0.069181,0.201344,-0.293672,0.517032,-0.775383,0.275878,-0.292175,-0.179040,-0.250190,0.072227,-0.719763,-0.242650,1.387486,0.658642,0.010790,0.050141
-0.015236,0.453247,0.672910,-0.068340,0.023752,0.866548,0.493821,-0.911075,0.313932,-0.068579,1.272026,-0.854326,0.185078,-0.702843,-0.395778,0.106572,1.342884,-0.833740,0.084960,-0.097748,0.071815,0.198691,-0.271586,0.538144,-0.734559,0.319599,-0.279904,-0.176023,-0.252713,0.047691,-0.716649,-0.243085,1.402969,0.681032,0.023850,0.062436
-0.025602,0.454758,0.673797,-0.070525,0.023738,0.862595,0.500392,-0.902777,0.323515,-0.047311,1.286046,-0.876473,0.200319,-0.690762,-0.399240,0.114136,1.314232,-0.848502,0.088265,-0.093991,0.073614,0.190481,-0.248008,0.570096,-0.684872,0.380574,-0.266038,-0.167606,-0.261539,0.027858,-0.727804,-0.251618,1.422507,0.702380,0.041820,0.080793
-0.036495,0.458975,0.678201,-0.071081,0.024048,0.857934,0.508251,-0.871593,0.332966,-0.016940,1.276794,-0.878396,0.207917,-0.658075,-0.403620,0.113525,1.259133,-0.835620,0.096284,-0.089597,0.075832,0.175532,-0.225520,0.611141,-0.627038,0.464380,-0.253536,-0.151763,-0.275212,0.015291,-0.758871,-0.272250,1.444252,0.721820,0.062540,0.101802
-0.048475,0.463871,0.685470,-0.070144,0.024427,0.852575,0.517299,-0.823461,0.341241,0.020976,1.249884,-0.856367,0.201806,-0.608126,-0.411567,0.104119,1.183809,-0.773058,0.113672,-0.085048,0.079817,0.154720,-0.206443,0.659110,-0.562170,0.572683,-0.243596,-0.130791,-0.289344,0.010956,-0.812416,-0.306098,1.466180,0.737474,0.081314,0.120404
-0.061378,0.466713,0.694547,-0.066598,0.023678,0.846674,0.527397,-0.764802,0.344206,0.061466,1.206563,-0.810150,0.180667,-0.547361,-0.420229,0.089777,1.095817,-0.667064,0.134223,-0.080984,0.085957,0.128088,-0.196069,0.719108,-0.492119,0.700913,-0.227902,-0.112097,-0.296379,0.017421,-0.890956,-0.353637,1.487659,0.744253,0.092095,0.130004
-0.072949,0.467138,0.705038,-0.062601,0.022753,0.840483,0.537728,-0.699358,0.341022,0.101330,1.143330,-0.742378,0.148273,-0.485193,-0.428309,0.068339,1.002634,-0.530042,0.153957,-0.078291,0.093671,0.094174,-0.197567,0.801432,-0.415262,0.845225,-0.199990,-0.100624,-0.288367,0.034313,-1.001965,-0.415963,1.508712,0.731920,0.089739,0.130076
-0.082797,0.465754,0.716697,-0.058953,0.021916,0.834174,0.547903,-0.634878,0.330886,0.137307,1.063209,-0.659010,0.110083,-0.429467,-0.436921,0.038717,0.912829,-0.386075,0.170314,-0.078106,0.102374,0.052204,-0.215920,0.911844,-0.335556,0.999264,-0.169742,-0.094589,-0.267248,0.054926,-1.140675,-0.487808,1.530553,0.706171,0.077334,0.120510
-0.091790,0.463601,0.729070,-0.056456,0.021427,0.827942,0.557553,-0.574390,0.315300,0.167633,0.973949,-0.567884,0.068780,-0.383311,-0.445370,0.000189,0.834378,-0.259622,0.180559,-0.078916,0.110529,0.006878,-0.254823,1.046011,-0.262340,1.149864,-0.145725,-0.091604,-0.239514,0.063639,-1.293534,-0.554563,1.553713,0.675768,0.059936,0.105510
-0.100216,0.461884,0.741492,-0.052395,0.019143,0.820854,0.568407,-0.510441,0.298550,0.192251,0.880844,-0.476747,0.024698,-0.345210,-0.447454,-0.047986,0.774652,-0.168953,0.181491,-0.076801,0.118118,-0.030821,-0.322720,1.184854,-0.212950,1.275995,-0.123078,-0.092400,-0.208756,0.047077,-1.448021,-0.604823,1.574270,0.640805,0.039992,0.096087
-0.107881,0.461324,0.753593,-0.046992,0.016151,0.814227,0.578416,-0.441790,0.278611,0.207137,0.781619,-0.391897,-0.013060,-0.314756,-0.434399,-0.098323,0.744607,-0.143157,0.172313,-0.074528,0.135759,-0.055331,-0.458847,1.291290,-0.225869,1.357945,-0.112664,-0.090722,-0.178726,0.031384,-1.595860,-0.668011,1.579824,0.615561,0.027936,0.098316
-0.115053,0.462934,0.764923,-0.040731,0.013266,0.808011,0.587608,-0.372983,0.254464,0.215356,0.679669,-0.316371,-0.042797,-0.290255,-0.406572,-0.144536,0.731762,-0.156740,0.161151,-0.068522,0.152212,-0.075603,-0.645168,1.345522,-0.302020,1.402595,-0.115103,-0.087200,-0.153245,0.030988,-1.733279,-0.748417,1.565710,0.606228,0.020449,0.104853
-0.122437,0.466411,0.775095,-0.034098,0.011302,0.802168,0.596017,-0.308798,0.227365,0.222493,0.581002,-0.250673,-0.067217,-0.270075,-0.369261,-0.184101,0.718618,-0.172630,0.155105,-0.054665,0.151473,-0.100764,-0.843504,1.348471,-0.420665,1.426140,-0.123980,-0.085742,-0.135054,0.044742,-1.858946,-0.833863,1.534535,0.610177,0.009737,0.107213
-0.130046,0.469705,0.783950,-0.028828,0.012360,0.796977,0.603195,-0.250480,0.199273,0.229997,0.488501,-0.194708,-0.086195,-0.254061,-0.325707,-0.216952,0.703681,-0.192007,0.152065,-0.035626,0.134304,-0.127626,-1.049739,1.310188,-0.570015,1.432760,-0.137277,-0.086653,-0.125385,0.068926,-1.971079,-0.921709,1.489434,0.623711,-0.003551,0.106642
-0.135115,0.473488,0.791180,-0.024651,0.015532,0.792562,0.609095,-0.199447,0.171651,0.239786,0.406488,-0.149853,-0.100092,-0.240899,-0.279510,-0.243024,0.682999,-0.210392,0.152487,-0.012241,0.099879,-0.154457,-1.259518,1.236569,-0.735571,1.425620,-0.155243,-0.090699,-0.125647,0.098052,-2.065007,-1.006670,1.430220,0.645109,-0.020871,0.102472
-0.138567,0.478294,0.796221,-0.021770,0.020200,0.788567,0.614232,-0.155724,0.144985,0.252398,0.337104,-0.116805,-0.109104,-0.229084,-0.234390,-0.262444,0.655005,-0.225004,0.156348,0.013730,0.050222,-0.177881,-1.470314,1.133517,-0.900813,1.405490,-0.176079,-0.098946,-0.134740,0.126516,-2.137147,-1.085444,1.354698,0.670949,-0.043612,0.095264
-0.143325,0.483604,0.798984,-0.020383,0.025745,0.784623,0.619103,-0.118156,0.119305,0.266783,0.280277,-0.094984,-0.113555,-0.217405,-0.193575,-0.275784,0.621314,-0.236041,0.162628,0.039364,-0.008922,-0.193798,-1.681973,1.007719,-1.050731,1.372798,-0.197252,-0.111756,-0.148867,0.152016,-2.187040,-1.159658,1.261148,0.696987,-0.071603,0.086566
-0.150416,0.488337,0.800199,-0.019227,0.030351,0.780945,0.623566,-0.085523,0.094970,0.281115,0.235177,-0.083045,-0.114328,-0.205157,-0.159448,-0.284467,0.585087,-0.244426,0.170051,0.061820,-0.069736,-0.200146,-1.894270,0.867073,-1.174288,1.330552,-0.217502,-0.128042,-0.162619,0.176981,-2.217673,-1.234500,1.151231,0.720151,-0.102775,0.077238
-0.158651,0.492180,0.800149,-0.017058,0.033221,0.778303,0.626778,-0.057350,0.072995,0.293952,0.200715,-0.079951,-0.112373,-0.192404,-0.133628,-0.291464,0.549397,-0.251641,0.177180,0.079767,-0.125110,-0.198400,-2.103840,0.723796,-1.264006,1.284272,-0.235260,-0.145796,-0.170824,0.203497,-2.234087,-1.310726,1.032219,0.738503,-0.134068,0.067169
-0.167165,0.496038,0.799205,-0.014344,0.034786,0.776232,0.629323,-0.031798,0.052761,0.305308,0.172098,-0.082137,-0.108984,-0.179444,-0.113576,-0.298449,0.514782,-0.258561,0.183828,0.094619,-0.175744,-0.191806,-2.318071,0.581912,-1.329072,1.236601,-0.251098,-0.164085,-0.174257,0.231964,-2.243405,-1.388838,0.908599,0.753532,-0.164775,0.057105
-0.174970,0.500047,0.797834,-0.011555,0.035478,0.774255,0.631773,-0.008985,0.034750,0.315236,0.148093,-0.087743,-0.104740,-0.166772,-0.097943,-0.305926,0.481841,-0.265495,0.189297,0.107246,-0.221269,-0.182976,-2.523097,0.449189,-1.376323,1.192192,-0.264556,-0.181189,-0.175428,0.261365,-2.249638,-1.465741,0.789219,0.765729,-0.192667,0.048007
-0.180265,0.502642,0.796354,-0.009417,0.035900,0.772007,0.634529,0.007854,0.021696,0.322661,0.133979,-0.099065,-0.099196,-0.154979,-0.089734,-0.314289,0.452957,-0.272704,0.191623,0.115999,-0.255275,-0.172466,-2.674534,0.340821,-1.397420,1.158596,-0.272539,-0.194272,-0.173418,0.290474,-2.251442,-1.535005,0.687461,0.772302,-0.212840,0.040035
-0.182220,0.504165,0.794808,-0.007222,0.036120,0.770096,0.636864,0.020837,0.011836,0.327426,0.125489,-0.114121,-0.093290,-0.144034,-0.086371,-0.323854,0.427433,-0.280671,0.191787,0.121957,-0.282762,-0.160614,-2.779742,0.245597,-1.401021,1.130831,-0.276477,-0.205241,-0.167311,0.319604,-2.251514,-1.600892,0.595123,0.775637,-0.228238,0.033115
-0.182056,0.505123,0.793484,-0.005171,0.036313,0.768258,0.639089,0.028673,0.006841,0.332959,0.125790,-0.130556,-0.086280,-0.133833,-0.086257,-0.333314,0.404807,-0.288125,0.188324,0.126875,-0.296708,-0.153247,-2.828627,0.189994,-1.399733,1.123174,-0.276129,-0.208609,-0.166768,0.345353,-2.251496,-1.649551,0.538648,0.773902,-0.232853,0.026535
-0.181861,0.506025,0.792603,-0.003465,0.036659,0.766230,0.641511,0.026977,0.006777,0.338475,0.142776,-0.147490,-0.079343,-0.124270,-0.087128,-0.338945,0.385614,-0.293979,0.181062,0.133764,-0.290539,-0.154277,-2.824332,0.194692,-1.400000,1.142989,-0.268258,-0.203464,-0.178150,0.362199,-2.251500,-1.666456,0.534509,0.763587,-0.226164,0.019815
-0.182951,0.507386,0.792018,-0.002821,0.036511,0.762705,0.645709,0.012008,0.007484,0.336740,0.182024,-0.165734,-0.077104,-0.115352,-0.085443,-0.336443,0.370721,-0.299506,0.173953,0.145881,-0.272066,-0.159466,-2.810031,0.233237,-1.400040,1.171130,-0.248743,-0.200886,-0.192016,0.366826,-2.251501,-1.656760,0.551736,0.744356,-0.222642,0.012615
-0.185310,0.508461,0.791788,-0.001595,0.036525,0.758834,0.650257,-0.017589,0.015576,0.333317,0.250072,-0.186991,-0.078130,-0.107996,-0.086122,-0.327636,0.360600,-0.306954,0.166626,0.159750,-0.243738,-0.165884,-2.783684,0.303672,-1.399980,1.213572,-0.217121,-0.197866,-0.198624,0.361033,-2.251500,-1.624774,0.590795,0.716535,-0.219607,0.001746
-0.188415,0.509789,0.791853,-0.000291,0.036843,0.754586,0.655166,-0.060000,0.033271,0.331169,0.343449,-0.211858,-0.081445,-0.103968,-0.090122,-0.316780,0.357314,-0.317455,0.157888,0.173197,-0.208147,-0.173279,-2.745555,0.400327,-1.400005,1.267594,-0.177641,-0.193933,-0.195581,0.344841,-2.251500,-1.574286,0.649127,0.682477,-0.216502,-0.012580
-0.192135,0.511446,0.792078,0.000589,0.037602,0.749933,0.660444,-0.111864,0.060157,0.330023,0.452368,-0.238430,-0.086817,-0.104927,-0.096257,-0.307510,0.361734,-0.330998,0.147824,0.185443,-0.169303,-0.180905,-2.702216,0.512859,-1.400000,1.324040,-0.135839,-0.191107,-0.181459,0.318257,-2.251500,-1.510970,0.718230,0.646685,-0.214527,-0.028517
-0.196808,0.511827,0.792384,0.000846,0.038588,0.745317,0.665592,-0.169708,0.098278,0.330089,0.566783,-0.263228,-0.092966,-0.111229,-0.105386,-0.300939,0.371759,-0.347841,0.137758,0.194582,-0.131175,-0.185887,-2.655300,0.634935,-1.399999,1.380145,-0.094874,-0.188660,-0.151090,0.284084,-2.251499,-1.441773,0.793454,0.612366,-0.211463,-0.045868
-0.201615,0.511721,0.792629,0.000854,0.039514,0.741130,0.670197,-0.228756,0.146408,0.329402,0.673190,-0.286550,-0.098132,-0.121280,-0.115339,-0.295234,0.387397,-0.370836,0.127808,0.198125,-0.096214,-0.188363,-2.606807,0.760921,-1.400000,1.435112,-0.055914,-0.185172,-0.106794,0.244586,-2.251505,-1.367978,0.873275,0.573255,-0.207685,-0.064550
-0.206846,0.511096,0.792607,0.000805,0.040169,0.737183,0.674498,-0.283432,0.199902,0.326567,0.758617,-0.308513,-0.099301,-0.134099,-0.125745,-0.287950,0.407610,-0.400955,0.119779,0.198033,-0.066253,-0.187212,-2.556959,0.885857,-1.400000,1.486082,-0.023424,-0.179330,-0.053172,0.205556,-2.251490,-1.291912,0.954053,0.533386,-0.200869,-0.084885
-0.212591,0.510146,0.791913,0.000891,0.040341,0.733281,0.678727,-0.331319,0.253998,0.317130,0.813391,-0.325864,-0.098105,-0.149578,-0.136000,-0.277252,0.434484,-0.437144,0.115313,0.197298,-0.041074,-0.180007,-2.505587,1.007370,-1.400000,1.530543,-0.001792,-0.169312,0.004250,0.170665,-2.251500,-1.214317,1.035800,0.496965,-0.187846,-0.104790
-0.217633,0.510336,0.790007,0.001592,0.039442,0.729080,0.683289,-0.374009,0.306416,0.295494,0.834056,-0.333414,-0.101608,-0.167521,-0.144126,-0.262523,0.473892,-0.478425,0.113490,0.195603,-0.018427,-0.165371,-2.453959,1.125788,-1.400000,1.568843,0.008693,-0.153772,0.059643,0.137763,-2.251567,-1.132443,1.123739,0.458050,-0.168529,-0.119434
-0.222319,0.511054,0.786781,0.003481,0.038653,0.725123,0.687525,-0.408161,0.355261,0.273410,0.827228,-0.333573,-0.106045,-0.186607,-0.154006,-0.244648,0.521827,-0.525881,0.112303,0.191514,0.000534,-0.145630,-2.403934,1.238468,-1.400000,1.600786,0.008687,-0.136996,0.110278,0.109184,-2.251313,-1.049605,1.210685,0.419490,-0.146516,-0.129097
-0.225914,0.511944,0.782015,0.006044,0.037813,0.721633,0.691216,-0.432079,0.397081,0.251325,0.798976,-0.324301,-0.110652,-0.208160,-0.164941,-0.225967,0.579737,-0.575400,0.110369,0.184879,0.015518,-0.121842,-2.361729,1.338610,-1.400000,1.623783,-0.000180,-0.121707,0.151732,0.087057,-2.253183,-0.972910,1.291456,0.382472,-0.125341,-0.132441
-0.228058,0.513012,0.775574,0.008769,0.036758,0.718836,0.694152,-0.446873,0.431270,0.227384,0.755742,-0.301949,-0.117024,-0.233977,-0.175178,-0.210702,0.649554,-0.620750,0.107211,0.175314,0.027694,-0.095584,-2.330518,1.422646,-1.400000,1.637712,-0.011889,-0.108873,0.180364,0.072916,-2.257086,-0.908139,1.365334,0.342539,-0.106929,-0.128301
-0.229984,0.514114,0.767510,0.009837,0.035629,0.717784,0.695284,-0.454972,0.461924,0.209202,0.707934,-0.268394,-0.124316,-0.263187,-0.186532,-0.203123,0.726088,-0.659560,0.102451,0.161465,0.038016,-0.070876,-2.305696,1.493920,-1.400000,1.647605,-0.016749,-0.099656,0.197293,0.068497,-2.256297,-0.856619,1.432161,0.293984,-0.092101,-0.118999
-0.231163,0.515414,0.757265,0.010121,0.034399,0.717133,0.696013,-0.458844,0.488264,0.193652,0.667234,-0.231866,-0.130861,-0.293373,-0.197338,-0.200664,0.804922,-0.694606,0.094319,0.145424,0.044841,-0.049527,-2.286716,1.550693,-1.400000,1.655352,-0.013893,-0.094561,0.207486,0.074034,-2.244938,-0.818691,1.488001,0.243558,-0.083141,-0.107843
-0.232781,0.516034,0.745490,0.009648,0.032740,0.716520,0.696731,-0.461023,0.510074,0.178642,0.640893,-0.203421,-0.133692,-0.324382,-0.207527,-0.200745,0.882118,-0.725584,0.084417,0.129361,0.047570,-0.031984,-2.269221,1.594922,-1.400000,1.663391,-0.003668,-0.092096,0.212677,0.088758,-2.219063,-0.794581,1.530408,0.193891,-0.079541,-0.098670
-0.235705,0.514963,0.733596,0.008444,0.030328,0.715577,0.697824,-0.463355,0.529072,0.163443,0.629048,-0.188295,-0.131729,-0.356758,-0.217555,-0.201608,0.957299,-0.751044,0.075795,0.114328,0.046920,-0.016765,-2.249349,1.630761,-1.400000,1.673358,0.011584,-0.089222,0.213217,0.110468,-2.179385,-0.782542,1.561220,0.144964,-0.078318,-0.093277
-0.238701,0.512268,0.722709,0.007846,0.026464,0.714373,0.699220,-0.466268,0.546870,0.146857,0.627130,-0.184124,-0.127229,-0.389238,-0.226479,-0.201198,1.032455,-0.772536,0.069705,0.100632,0.043646,-0.001513,-2.228717,1.659980,-1.400001,1.683768,0.026231,-0.083641,0.210914,0.135142,-2.131643,-0.778285,1.584153,0.100113,-0.077185,-0.090402
-0.242786,0.508593,0.713594,0.007244,0.022400,0.712866,0.700905,-0.469185,0.560752,0.132879,0.636459,-0.198153,-0.119795,-0.419640,-0.234846,-0.198239,1.098724,-0.792941,0.066332,0.088996,0.037564,0.011290,-2.207659,1.682398,-1.399998,1.691713,0.038209,-0.077896,0.205500,0.158097,-2.079635,-0.779674,1.595016,0.062561,-0.078615,-0.090205
-0.248376,0.504008,0.706640,0.006822,0.018113,0.711255,0.702667,-0.472376,0.570463,0.121081,0.656895,-0.228493,-0.110525,-0.447792,-0.244043,-0.192979,1.156068,-0.810651,0.066623,0.078788,0.030208,0.023246,-2.184991,1.702327,-1.400011,1.696904,0.046823,-0.072002,0.195998,0.177950,-2.030186,-0.785408,1.598200,0.031055,-0.081666,-0.090091
-0.255096,0.498824,0.701941,0.006764,0.013578,0.709742,0.704298,-0.476996,0.577585,0.110428,0.685684,-0.268008,-0.101116,-0.473854,-0.255234,-0.186808,1.207496,-0.823065,0.071327,0.068924,0.023354,0.036675,-2.158434,1.724171,-1.400016,1.700158,0.052419,-0.065023,0.180987,0.195042,-1.988139,-0.794409,1.600590,0.002120,-0.083847,-0.087133
-0.262624,0.494139,0.699350,0.006709,0.009850,0.709051,0.705057,-0.484199,0.582411,0.103422,0.719848,-0.313481,-0.092156,-0.496443,-0.268459,-0.180727,1.249543,-0.830892,0.079653,0.059450,0.016839,0.049850,-2.126721,1.746952,-1.400024,1.701251,0.056083,-0.058423,0.159948,0.209047,-1.951696,-0.805198,1.602153,-0.025285,-0.085199,-0.081423
-0.270789,0.490000,0.698391,0.006904,0.006883,0.708647,0.705496,-0.493895,0.583190,0.097679,0.758897,-0.362229,-0.084978,-0.514889,-0.282498,-0.172695,1.280984,-0.835047,0.089876,0.051657,0.009230,0.061873,-2.094598,1.767608,-1.400462,1.700687,0.057130,-0.053977,0.137769,0.220124,-1.919244,-0.814463,1.602575,-0.046986,-0.086771,-0.074371
-0.279165,0.486638,0.698471,0.007301,0.004914,0.708559,0.705596,-0.504387,0.579300,0.092688,0.798914,-0.408707,-0.079351,-0.530098,-0.297450,-0.162796,1.303504,-0.836133,0.100337,0.045379,0.000201,0.072283,-2.063419,1.785464,-1.400825,1.699980,0.055676,-0.051437,0.116774,0.228983,-1.890135,-0.821219,1.603237,-0.064509,-0.088183,-0.066981
-0.287038,0.484184,0.698755,0.007848,0.004180,0.708815,0.705339,-0.514295,0.571264,0.088679,0.834944,-0.446827,-0.075358,-0.542435,-0.313020,-0.152267,1.318319,-0.835943,0.109447,0.040314,-0.009726,0.080420,-2.034369,1.799565,-1.400110,1.700000,0.052554,-0.050150,0.098529,0.235914,-1.865564,-0.825361,1.604860,-0.079135,-0.089085,-0.060044
-0.293921,0.482314,0.698458,0.008707,0.004911,0.709607,0.704527,-0.523581,0.559817,0.084424,0.864746,-0.474298,-0.074466,-0.550739,-0.327273,-0.141171,1.324357,-0.837427,0.115986,0.037365,-0.019941,0.085461,-2.011653,1.807154,-1.397662,1.700010,0.048449,-0.050470,0.086130,0.240368,-1.847594,-0.825647,1.605932,-0.086145,-0.090432,-0.054364
-0.300759,0.481371,0.698256,0.009016,0.006447,0.710596,0.703512,-0.530589,0.546060,0.081070,0.887109,-0.495365,-0.074779,-0.556345,-0.340507,-0.129415,1.322934,-0.839914,0.120685,0.036156,-0.029216,0.087710,-1.993223,1.811012,-1.393132,1.699995,0.044032,-0.051111,0.077833,0.242619,-1.833770,-0.822089,1.606511,-0.086133,-0.091726,-0.049472
-0.307829,0.481423,0.698466,0.008777,0.008648,0.711748,0.702327,-0.534129,0.531336,0.080061,0.901468,-0.512030,-0.074985,-0.559263,-0.352848,-0.117609,1.314586,-0.844442,0.122763,0.036215,-0.036993,0.087665,-1.978372,1.813615,-1.386051,1.700001,0.038060,-0.050784,0.071903,0.242788,-1.822416,-0.815499,1.607568,-0.080254,-0.092379,-0.045182
-0.315049,0.482486,0.698990,0.007995,0.011376,0.713024,0.701002,-0.534386,0.516630,0.081403,0.910131,-0.525029,-0.074605,-0.558876,-0.364388,-0.106235,1.299982,-0.851726,0.122381,0.037334,-0.043006,0.086183,-1.966685,1.816151,-1.376446,1.700000,0.029054,-0.048908,0.067096,0.240490,-1.813172,-0.807243,1.609476,-0.068977,-0.092238,-0.041027
-0.322772,0.484677,0.699795,0.006685,0.014250,0.713951,0.700018,-0.532559,0.502424,0.083707,0.917965,-0.536700,-0.073106,-0.555599,-0.375580,-0.094942,1.281094,-0.859386,0.122306,0.039352,-0.046786,0.084507,-1.956111,1.819201,-1.365394,1.700000,0.017017,-0.045784,0.062227,0.235416,-1.805852,-0.798691,1.611340,-0.053096,-0.091559,-0.036141
-0.331143,0.487105,0.700793,0.005223,0.016514,0.714740,0.699176,-0.529153,0.489800,0.087231,0.924557,-0.548054,-0.070607,-0.549898,-0.385583,-0.083751,1.258768,-0.865282,0.122111,0.041706,-0.048546,0.082852,-1.947958,1.821857,-1.354357,1.700000,0.001883,-0.042616,0.058329,0.229049,-1.800648,-0.789764,1.612730,-0.035103,-0.090779,-0.032058
-0.339792,0.489473,0.701809,0.003810,0.018248,0.715415,0.698451,-0.525196,0.478405,0.090615,0.931967,-0.557909,-0.067762,-0.542844,-0.394909,-0.072755,1.235770,-0.867330,0.122468,0.043704,-0.047986,0.081466,-1.940901,1.823853,-1.344587,1.700000,-0.013951,-0.040082,0.055164,0.221879,-1.797309,-0.780807,1.613968,-0.017312,-0.090108,-0.028981
-0.348211,0.491821,0.702671,0.002649,0.019532,0.716003,0.697819,-0.521682,0.467780,0.092828,0.942022,-0.565940,-0.064483,-0.535113,-0.404439,-0.063019,1.214134,-0.865327,0.123810,0.045092,-0.045236,0.080340,-1.932948,1.825343,-1.336420,1.700000,-0.028438,-0.037912,0.051908,0.213620,-1.795174,-0.772337,1.615262,-0.001580,-0.089340,-0.026259
-0.356303,0.493966,0.703320,0.001553,0.020011,0.716673,0.697120,-0.518747,0.458650,0.095135,0.952875,-0.574824,-0.059631,-0.526463,-0.414070,-0.056352,1.193190,-0.860629,0.125187,0.046164,-0.041525,0.079008,-1.924006,1.826210,-1.329511,1.700000,-0.041801,-0.035838,0.048590,0.204268,-1.793270,-0.764062,1.615735,0.010600,-0.088310,-0.024291
-0.364624,0.496180,0.703847,0.000193,0.020057,0.717416,0.696357,-0.516229,0.450668,0.097750,0.964843,-0.586594,-0.053808,-0.517808,-0.424251,-0.051595,1.174552,-0.849504,0.129123,0.046689,-0.037152,0.077865,-1.911949,1.826640,-1.324958,1.700000,-0.051490,-0.036042,0.044973,0.193831,-1.789850,-0.754738,1.613666,0.018897,-0.088235,-0.024770
-0.373480,0.498824,0.704349,-0.001576,0.019970,0.718173,0.695576,-0.514374,0.443044,0.101327,0.977177,-0.601417,-0.046577,-0.509242,-0.435242,-0.048588,1.156472,-0.832600,0.135134,0.047338,-0.033174,0.075916,-1.897761,1.826477,-1.321634,1.700000,-0.058132,-0.036684,0.040894,0.181730,-1.783912,-0.744375,1.610898,0.024493,-0.087457,-0.026375
-0.382605,0.502108,0.704930,-0.003901,0.020049,0.718887,0.694827,-0.513071,0.435445,0.106399,0.989141,-0.617379,-0.038152,-0.499917,-0.446930,-0.047867,1.136072,-0.813538,0.141849,0.048796,-0.030262,0.072533,-1.883182,1.825979,-1.317673,1.700000,-0.062731,-0.035566,0.036383,0.166935,-1.776175,-0.733111,1.609437,0.028317,-0.084485,-0.027274
-0.391393,0.505876,0.705723,-0.006276,0.020475,0.719236,0.694435,-0.511277,0.428340,0.112842,1.000740,-0.631480,-0.030526,-0.488955,-0.458907,-0.049217,1.112770,-0.794037,0.149578,0.050730,-0.027667,0.068799,-1.867793,1.826156,-1.312599,1.700000,-0.063761,-0.034162,0.031991,0.148702,-1.768597,-0.719744,1.608114,0.030134,-0.080925,-0.028500
-0.399810,0.509332,0.706803,-0.008563,0.020901,0.719547,0.694076,-0.508365,0.421923,0.121504,1.008474,-0.642644,-0.022952,-0.476612,-0.470472,-0.052277,1.086098,-0.772830,0.155402,0.052892,-0.025316,0.064020,-1.852618,1.826880,-1.305685,1.700000,-0.062702,-0.032254,0.029597,0.127883,-1.761342,-0.702959,1.607162,0.031387,-0.076829,-0.032045
-0.408230,0.512317,0.708189,-0.010778,0.021383,0.719715,0.693857,-0.504748,0.415088,0.130987,1.012996,-0.650659,-0.015582,-0.463491,-0.481664,-0.056863,1.055674,-0.747545,0.159074,0.055740,-0.022354,0.058313,-1.839149,1.828610,-1.297457,1.700001,-0.059004,-0.029423,0.028605,0.106246,-1.754406,-0.682667,1.607330,0.033011,-0.072391,-0.036416
-0.416552,0.514980,0.709872,-0.012933,0.021976,0.719633,0.693886,-0.500550,0.407000,0.140135,1.015090,-0.654867,-0.008789,-0.449671,-0.493281,-0.064145,1.021262,-0.716467,0.160760,0.059684,-0.018338,0.052123,-1.827646,1.831637,-1.288491,1.700000,-0.051749,-0.025685,0.027416,0.084980,-1.748124,-0.659191,1.609405,0.034741,-0.067605,-0.039110
-0.424183,0.517319,0.711829,-0.014748,0.022936,0.719731,0.693718,-0.494813,0.397821,0.149798,1.011758,-0.654455,-0.001592,-0.434900,-0.506424,-0.076038,0.983226,-0.676471,0.158809,0.064287,-0.014433,0.045388,-1.817135,1.834855,-1.279489,1.699997,-0.041343,-0.022053,0.025729,0.064122,-1.741878,-0.632189,1.613594,0.035663,-0.062249,-0.040098
-0.432319,0.519985,0.714040,-0.016526,0.024013,0.720333,0.693015,-0.487660,0.385372,0.157641,1.004274,-0.651757,0.006995,-0.421008,-0.522049,-0.089993,0.943813,-0.614713,0.155690,0.068705,-0.011782,0.039114,-1.809159,1.836352,-1.275956,1.700013,-0.024834,-0.021660,0.023309,0.044586,-1.731006,-0.601215,1.618155,0.035695,-0.058517,-0.040467
-0.441074,0.523168,0.716256,-0.017951,0.025413,0.721532,0.691682,-0.479468,0.368148,0.163460,0.994096,-0.646344,0.016362,-0.409624,-0.541616,-0.103694,0.904966,-0.533080,0.152534,0.072343,-0.011532,0.033428,-1.801935,1.835605,-1.276140,1.699973,-0.004481,-0.023001,0.019516,0.026627,-1.715777,-0.567817,1.623816,0.033959,-0.055092,-0.038729
-0.449806,0.526715,0.718280,-0.018709,0.027343,0.723416,0.689617,-0.470609,0.346688,0.167829,0.982559,-0.636476,0.025053,-0.400881,-0.564192,-0.115195,0.867444,-0.443856,0.149593,0.074551,-0.014359,0.028166,-1.787805,1.832717,-1.271615,1.700000,0.017092,-0.025219,0.014744,0.009753,-1.697565,-0.533625,1.631034,0.029321,-0.050771,-0.034813
-0.458465,0.530544,0.720194,-0.018293,0.029261,0.726387,0.686419,-0.461157,0.322717,0.170200,0.971251,-0.622579,0.032431,-0.393424,-0.585828,-0.122347,0.831722,-0.357436,0.147993,0.074371,-0.020963,0.023722,-1.754564,1.827563,-1.252134,1.700181,0.041692,-0.032073,0.010411,-0.007105,-1.672974,-0.497849,1.637459,0.022034,-0.048079,-0.033040
-0.467737,0.534430,0.721988,-0.016759,0.030919,0.730153,0.682378,-0.449957,0.295578,0.172629,0.959657,-0.607321,0.039916,-0.386147,-0.607236,-0.125579,0.800971,-0.281492,0.148038,0.071724,-0.034581,0.019806,-1.692144,1.820788,-1.207476,1.699301,0.066674,-0.041465,0.004577,-0.025116,-1.637090,-0.458743,1.642895,0.015258,-0.047190,-0.035193
-0.477775,0.537759,0.723779,-0.014263,0.032065,0.734523,0.677675,-0.436920,0.266476,0.176937,0.947515,-0.592069,0.048013,-0.378056,-0.628579,-0.126522,0.775372,-0.221379,0.149417,0.071784,-0.052260,0.015627,-1.594884,1.804451,-1.130896,1.701492,0.088147,-0.053072,-0.000834,-0.031413,-1.591030,-0.427494,1.646026,0.011313,-0.047169,-0.039756
-0.488828,0.540444,0.725882,-0.010961,0.032445,0.739309,0.672495,-0.420945,0.236945,0.182924,0.933535,-0.578567,0.057638,-0.366772,-0.647023,-0.126236,0.755767,-0.181946,0.150186,0.076358,-0.065214,0.011464,-1.461097,1.764782,-1.020899,1.706375,0.103758,-0.067921,-0.000846,-0.015729,-1.538985,-0.412990,1.643915,0.013238,-0.047233,-0.045932
-0.501479,0.543225,0.728674,-0.007213,0.030421,0.745813,0.665421,-0.399562,0.207051,0.188699,0.915162,-0.569920,0.070961,-0.349576,-0.658568,-0.124796,0.746429,-0.165292,0.146750,0.078969,-0.065296,0.009172,-1.294272,1.693060,-0.882847,1.703469,0.114000,-0.085126,0.007498,0.014159,-1.483671,-0.407998,1.633907,0.024375,-0.047123,-0.054959
-0.514346,0.545574,0.732223,-0.003733,0.027553,0.752202,0.658346,-0.376103,0.178825,0.194097,0.894077,-0.565233,0.087057,-0.330722,-0.665045,-0.123589,0.747206,-0.160402,0.137403,0.080273,-0.055078,0.009161,-1.109007,1.600593,-0.730773,1.692149,0.120788,-0.101498,0.019729,0.050413,-1.428056,-0.407218,1.617369,0.039293,-0.046114,-0.062246
-0.526996,0.547739,0.736443,-0.000516,0.023719,0.758788,0.650905,-0.351277,0.153043,0.197803,0.870572,-0.564071,0.105392,-0.314007,-0.662185,-0.119805,0.764733,-0.169412,0.120918,0.077619,-0.037282,0.012449,-0.919117,1.495080,-0.577807,1.672548,0.120561,-0.114384,0.033996,0.085004,-1.372001,-0.403758,1.594886,0.057018,-0.044392,-0.069569
-0.538786,0.549219,0.741181,0.002439,0.018798,0.765867,0.642719,-0.324342,0.130403,0.198798,0.843356,-0.565776,0.125698,-0.302779,-0.641313,-0.111480,0.804447,-0.198472,0.097366,0.066596,-0.015129,0.019901,-0.737450,1.380125,-0.437177,1.644383,0.111671,-0.122307,0.050869,0.107319,-1.310631,-0.386570,1.567575,0.078893,-0.042137,-0.082044
-0.548155,0.548297,0.746212,0.006065,0.012439,0.772237,0.635184,-0.296342,0.112399,0.198489,0.812007,-0.568091,0.146094,-0.300757,-0.595982,-0.103516,0.859373,-0.243788,0.069671,0.046153,0.004316,0.031233,-0.577593,1.262107,-0.322327,1.609354,0.098622,-0.124578,0.068734,0.104883,-1.235352,-0.343440,1.539501,0.105021,-0.039049,-0.100902
-0.556790,0.547168,0.751176,0.008961,0.007013,0.776633,0.629850,-0.267899,0.097361,0.199576,0.778656,-0.569567,0.161695,-0.307247,-0.525331,-0.104186,0.911720,-0.301484,0.043994,0.018553,0.012607,0.046388,-0.447600,1.147863,-0.235398,1.571743,0.076260,-0.121252,0.080952,0.073054,-1.139211,-0.274037,1.515414,0.142367,-0.037111,-0.123025
-0.564448,0.546154,0.756196,0.010368,0.002885,0.778755,0.627236,-0.240065,0.086177,0.204318,0.739410,-0.566302,0.170158,-0.323855,-0.431433,-0.114697,0.935216,-0.351607,0.026238,-0.009597,0.008634,0.063715,-0.349425,1.029315,-0.178929,1.537106,0.043695,-0.117679,0.087649,0.028624,-1.019437,-0.190699,1.493154,0.190754,-0.038214,-0.145039
-0.570352,0.544910,0.761457,0.009526,0.000422,0.778281,0.627844,-0.214130,0.079305,0.211692,0.691686,-0.554559,0.172584,-0.350090,-0.321632,-0.130477,0.916790,-0.375951,0.019446,-0.034942,-0.001728,0.081315,-0.281984,0.899928,-0.154578,1.507286,0.006738,-0.118193,0.093416,-0.010235,-0.884146,-0.106085,1.468900,0.245006,-0.042071,-0.165070
-0.575106,0.544400,0.766715,0.005790,0.000508,0.775626,0.631166,-0.191479,0.073528,0.217509,0.640238,-0.532232,0.170918,-0.382288,-0.210047,-0.145923,0.866802,-0.373332,0.022782,-0.060758,-0.011369,0.098483,-0.242426,0.770847,-0.158610,1.477176,-0.025272,-0.121387,0.100971,-0.041627,-0.752668,-0.024180,1.442480,0.297978,-0.046510,-0.182231
-0.577195,0.543539,0.771680,0.001916,0.002842,0.771682,0.635999,-0.174473,0.067137,0.221699,0.585043,-0.493032,0.163200,-0.430002,-0.111145,-0.155702,0.786804,-0.336434,0.033170,-0.083276,-0.020279,0.114337,-0.220920,0.653791,-0.184345,1.439750,-0.042905,-0.129269,0.110421,-0.060082,-0.636616,0.049449,1.410676,0.331058,-0.052393,-0.194015
-0.577520,0.542377,0.776059,-0.001385,0.005822,0.767566,0.640942,-0.162908,0.058716,0.219500,0.530865,-0.442037,0.154301,-0.498315,-0.030993,-0.155807,0.702846,-0.274223,0.044948,-0.104294,-0.026323,0.131246,-0.207432,0.550897,-0.225259,1.392917,-0.041504,-0.141171,0.124235,-0.064491,-0.539424,0.111508,1.372166,0.339813,-0.060970,-0.203707
-0.577101,0.540598,0.779534,-0.003401,0.007851,0.764444,0.644634,-0.154322,0.048922,0.207116,0.486714,-0.391057,0.151329,-0.587678,0.027583,-0.149441,0.651010,-0.208329,0.051200,-0.127479,-0.026746,0.152397,-0.196270,0.461742,-0.277104,1.337285,-0.020061,-0.154590,0.145907,-0.059796,-0.462218,0.163163,1.328971,0.328233,-0.072392,-0.217427
-0.575099,0.536655,0.781823,0.000725,0.003326,0.763150,0.646212,-0.145613,0.041075,0.188122,0.460541,-0.348797,0.156137,-0.697649,0.060031,-0.148188,0.653109,-0.159130,0.047064,-0.151761,-0.021805,0.179361,-0.186882,0.389889,-0.336629,1.274010,0.019214,-0.168343,0.175327,-0.053965,-0.406727,0.207853,1.285792,0.299361,-0.085906,-0.237482
-0.574200,0.532915,0.783004,0.007539,-0.006161,0.762975,0.646354,-0.133929,0.035933,0.166545,0.453979,-0.319827,0.167216,-0.820567,0.068535,-0.157524,0.719298,-0.136329,0.035037,-0.175650,-0.011848,0.214888,-0.178692,0.333086,-0.394334,1.210761,0.065106,-0.183028,0.204117,-0.052057,-0.367272,0.242732,1.248226,0.268061,-0.101961,-0.258788
-0.574482,0.530710,0.783728,0.015555,-0.019452,0.763308,0.645554,-0.118673,0.035152,0.147750,0.458908,-0.304534,0.182253,-0.942450,0.059024,-0.177402,0.833044,-0.136594,0.017905,-0.196795,0.001464,0.254971,-0.170022,0.285987,-0.445277,1.153793,0.108270,-0.198902,0.226940,-0.053418,-0.335461,0.269145,1.218326,0.241020,-0.119025,-0.277424
-0.575006,0.529290,0.784586,0.023284,-0.035385,0.763571,0.644333,-0.102071,0.038098,0.132661,0.466907,-0.301466,0.197428,-1.047015,0.036306,-0.203616,0.975916,-0.152317,-0.000063,-0.212508,0.016223,0.292758,-0.161042,0.249292,-0.488896,1.108708,0.144701,-0.213837,0.239068,-0.055123,-0.309442,0.288986,1.196130,0.221237,-0.133669,-0.289296
-0.576488,0.527723,0.785583,0.028448,-0.049919,0.764012,0.642638,-0.087222,0.039721,0.116676,0.474759,-0.308050,0.207653,-1.122584,0.003723,-0.227456,1.146746,-0.178094,-0.012372,-0.220502,0.031174,0.323495,-0.154275,0.230858,-0.524434,1.079821,0.173314,-0.224098,0.234022,-0.055443,-0.295045,0.300599,1.181375,0.213856,-0.142468,-0.289216
-0.578236,0.528593,0.786685,0.030749,-0.059023,0.764443,0.641247,-0.072508,0.038035,0.105186,0.470473,-0.316230,0.211901,-1.171759,-0.027069,-0.233827,1.329325,-0.202679,-0.018692,-0.219050,0.043983,0.340415,-0.146552,0.224465,-0.548486,1.058675,0.188907,-0.230817,0.214826,-0.051987,-0.285959,0.307831,1.170222,0.211227,-0.144457,-0.280359
-0.578850,0.532959,0.787657,0.030294,-0.062307,0.765109,0.640163,-0.059293,0.034148,0.098304,0.453717,-0.322475,0.211383,-1.197323,-0.049269,-0.220021,1.508365,-0.218712,-0.018268,-0.210351,0.054173,0.341756,-0.135219,0.225016,-0.560762,1.040400,0.190740,-0.233477,0.186648,-0.044405,-0.278314,0.312126,1.159094,0.212897,-0.140023,-0.265916
-0.577201,0.540817,0.788312,0.027184,-0.059379,0.766168,0.639313,-0.050913,0.029926,0.094419,0.433401,-0.326749,0.208407,-1.199553,-0.063289,-0.192503,1.670124,-0.226175,-0.012206,-0.197521,0.061686,0.327823,-0.119191,0.231590,-0.563636,1.022976,0.181166,-0.231897,0.154480,-0.033770,-0.272758,0.313687,1.145499,0.220693,-0.131302,-0.248386
-0.573081,0.552348,0.788698,0.022070,-0.048586,0.767687,0.638600,-0.048706,0.026050,0.095992,0.417325,-0.327903,0.205609,-1.180200,-0.072504,-0.157366,1.801891,-0.229319,-0.005046,-0.181719,0.065371,0.298788,-0.098570,0.243939,-0.559382,1.003120,0.162075,-0.228993,0.122407,-0.021191,-0.270548,0.314414,1.127849,0.230396,-0.122014,-0.230428
-0.566995,0.565383,0.788666,0.017735,-0.036157,0.769739,0.637087,-0.050931,0.022652,0.100859,0.408154,-0.322805,0.204738,-1.147654,-0.076494,-0.118886,1.904785,-0.226630,0.003993,-0.165726,0.065696,0.263231,-0.076399,0.258728,-0.549036,0.982241,0.136997,-0.226161,0.090939,-0.008122,-0.270623,0.315146,1.106431,0.241319,-0.114166,-0.211215
-0.559800,0.578560,0.788127,0.014479,-0.022838,0.772138,0.634879,-0.056933,0.018888,0.109714,0.405852,-0.311214,0.205353,-1.099137,-0.080326,-0.083235,1.967370,-0.220212,0.011148,-0.151678,0.062798,0.224434,-0.053887,0.275266,-0.537208,0.961888,0.111065,-0.223269,0.062781,0.003710,-0.272502,0.317553,1.084504,0.250348,-0.107392,-0.191339
-0.553513,0.590466,0.786921,0.012607,-0.009379,0.774725,0.632103,-0.065647,0.011500,0.120301,0.408854,-0.298378,0.206833,-1.027100,-0.088968,-0.057303,1.975108,-0.212002,0.013937,-0.140329,0.056560,0.184764,-0.032542,0.293243,-0.529841,0.943262,0.091800,-0.220443,0.042139,0.013515,-0.276031,0.322553,1.064970,0.256939,-0.102670,-0.173391
-0.551157,0.599243,0.784822,0.013128,0.001414,0.777586,0.628638,-0.073225,-0.003714,0.124477,0.414592,-0.293298,0.210328,-0.930817,-0.100221,-0.044281,1.926293,-0.201158,0.016070,-0.131123,0.047300,0.151238,-0.016082,0.309944,-0.529587,0.928122,0.087214,-0.218117,0.031420,0.021583,-0.280028,0.328972,1.049516,0.265367,-0.102708,-0.160748
-0.553257,0.607050,0.782210,0.014445,0.009465,0.780205,0.625286,-0.074819,-0.023304,0.124982,0.420481,-0.299555,0.217009,-0.815040,-0.110214,-0.038313,1.825162,-0.196931,0.014807,-0.122281,0.035684,0.125299,-0.005120,0.324374,-0.533529,0.918486,0.097241,-0.212499,0.029227,0.026232,-0.282070,0.336503,1.046517,0.270072,-0.101777,-0.156657
-0.557957,0.614906,0.779142,0.016436,0.014674,0.782191,0.622649,-0.069016,-0.041456,0.125034,0.427311,-0.316610,0.224142,-0.688782,-0.118564,-0.039840,1.676275,-0.205040,0.012385,-0.111496,0.023796,0.107702,-0.000599,0.334805,-0.539720,0.919148,0.119150,-0.203007,0.035374,0.027415,-0.280869,0.345973,1.057954,0.269013,-0.097471,-0.160949
-0.562943,0.622646,0.775838,0.018980,0.016943,0.783141,0.621324,-0.058114,-0.054113,0.126167,0.436707,-0.339746,0.227770,-0.561504,-0.125080,-0.049479,1.490322,-0.225341,0.012167,-0.097519,0.014021,0.097298,-0.002402,0.339755,-0.548104,0.933445,0.148478,-0.191459,0.049269,0.025278,-0.276740,0.358648,1.080658,0.264163,-0.090584,-0.170655
-0.566955,0.629858,0.773198,0.021244,0.016363,0.782112,0.622560,-0.046076,-0.060358,0.128778,0.448000,-0.361466,0.225929,-0.441792,-0.125914,-0.060584,1.289244,-0.254602,0.013374,-0.080859,0.007685,0.090136,-0.007821,0.339512,-0.558263,0.959675,0.178972,-0.179432,0.066802,0.018757,-0.270856,0.375245,1.110607,0.256918,-0.081728,-0.181689
-0.568904,0.633927,0.771928,0.023315,0.013803,0.779493,0.625825,-0.035075,-0.059598,0.129872,0.459464,-0.377925,0.216840,-0.342980,-0.117233,-0.070686,1.097893,-0.288026,0.018412,-0.061673,0.005383,0.085762,-0.014851,0.335261,-0.566855,0.995332,0.205593,-0.169909,0.081068,0.009420,-0.263976,0.395192,1.139590,0.246755,-0.073007,-0.189316
-0.568167,0.634675,0.772551,0.025198,0.010049,0.775583,0.630663,-0.025061,-0.051889,0.132097,0.466800,-0.384058,0.200688,-0.267740,-0.103852,-0.080293,0.932444,-0.315188,0.026455,-0.041351,0.007882,0.081022,-0.020601,0.330526,-0.579466,1.032481,0.225064,-0.165033,0.087529,-0.000182,-0.259610,0.419369,1.160198,0.237884,-0.064096,-0.190057
-0.565275,0.633539,0.775153,0.026899,0.005886,0.770684,0.636623,-0.015214,-0.039502,0.140407,0.465916,-0.377570,0.181661,-0.210620,-0.092569,-0.093096,0.798405,-0.324586,0.035202,-0.022540,0.015276,0.073157,-0.021558,0.327987,-0.601997,1.061276,0.234957,-0.165707,0.086728,-0.006518,-0.262521,0.447767,1.166221,0.237235,-0.054084,-0.183150
-0.561875,0.631488,0.779296,0.029259,0.001862,0.765319,0.642984,-0.005177,-0.026623,0.155873,0.456121,-0.362442,0.165922,-0.165640,-0.084462,-0.114263,0.692815,-0.310785,0.044312,-0.007918,0.026353,0.063508,-0.015728,0.328045,-0.631969,1.074994,0.232253,-0.171340,0.082975,-0.007035,-0.277605,0.478333,1.152225,0.249793,-0.042485,-0.168786
-0.558711,0.629688,0.784603,0.032061,-0.002630,0.760204,0.648887,0.005592,-0.014065,0.176037,0.439711,-0.342051,0.151030,-0.127266,-0.079867,-0.142475,0.607959,-0.278300,0.053816,0.002128,0.040050,0.052834,-0.006391,0.335222,-0.669592,1.070530,0.212580,-0.178292,0.076584,-0.007447,-0.312885,0.512952,1.116655,0.276432,-0.023537,-0.140615
-0.555591,0.629267,0.790443,0.035035,-0.007261,0.755366,0.654326,0.015886,-0.001423,0.199906,0.420990,-0.320331,0.134750,-0.094268,-0.078997,-0.175848,0.539899,-0.237792,0.064148,0.009010,0.054273,0.042176,0.002905,0.348841,-0.710192,1.054455,0.177363,-0.183830,0.067381,-0.009691,-0.364002,0.550386,1.066803,0.312159,0.001985,-0.099341
-0.552497,0.630469,0.796083,0.037909,-0.011704,0.750834,0.659298,0.024186,0.010886,0.225584,0.403913,-0.299634,0.116239,-0.067753,-0.080562,-0.210246,0.488220,-0.198236,0.074840,0.013559,0.066709,0.032317,0.009425,0.366459,-0.747701,1.035325,0.132140,-0.187028,0.058371,-0.014067,-0.421705,0.587549,1.012513,0.349878,0.029117,-0.052540
-0.550132,0.632234,0.800884,0.040246,-0.015687,0.746810,0.663633,0.030266,0.021019,0.247903,0.389947,-0.279876,0.094950,-0.048069,-0.081443,-0.237990,0.452126,-0.162927,0.084227,0.015032,0.075970,0.023240,0.011316,0.388273,-0.779057,1.016501,0.083275,-0.188110,0.054983,-0.023157,-0.481204,0.622066,0.959788,0.383577,0.054219,-0.008735
-0.548326,0.633453,0.804123,0.041546,-0.018624,0.743042,0.667695,0.033895,0.027882,0.263519,0.378026,-0.264030,0.072873,-0.034887,-0.080206,-0.255756,0.427036,-0.137190,0.092570,0.014790,0.081471,0.015396,0.009520,0.410729,-0.799259,1.003209,0.039408,-0.187405,0.055377,-0.035156,-0.533188,0.649209,0.915019,0.405758,0.073297,0.026940
-0.546937,0.634411,0.805948,0.041716,-0.020311,0.739617,0.671427,0.036366,0.032147,0.272283,0.366657,-0.251915,0.053475,-0.027037,-0.076747,-0.264022,0.408524,-0.121322,0.098674,0.014102,0.084686,0.008813,0.006218,0.430311,-0.808586,0.996425,0.005684,-0.184965,0.056824,-0.046126,-0.571072,0.665908,0.883358,0.416885,0.085262,0.050407
-0.545726,0.635705,0.806810,0.040659,-0.020542,0.736618,0.674773,0.038900,0.034758,0.276918,0.354679,-0.242720,0.041107,-0.023217,-0.072016,-0.265497,0.393972,-0.113366,0.100305,0.012653,0.087656,0.003833,0.005018,0.443600,-0.809053,0.993734,-0.017941,-0.180046,0.057139,-0.051561,-0.591949,0.670388,0.867791,0.420964,0.091875,0.059304
-0.544166,0.637123,0.806782,0.039137,-0.018819,0.734446,0.677277,0.041066,0.035760,0.280760,0.341999,-0.238399,0.039141,-0.022480,-0.067322,-0.263172,0.382573,-0.113087,0.096561,0.009061,0.091228,0.001408,0.009348,0.448014,-0.800990,0.992376,-0.035669,-0.171976,0.055208,-0.048849,-0.596946,0.662418,0.867176,0.419745,0.095865,0.055499
-0.542250,0.638788,0.806074,0.037605,-0.016722,0.732832,0.679164,0.042431,0.036029,0.282829,0.331257,-0.239961,0.045145,-0.023456,-0.062427,-0.257825,0.374342,-0.118609,0.090204,0.004593,0.095412,0.000832,0.015819,0.447399,-0.790137,0.989877,-0.052391,-0.163800,0.054293,-0.042013,-0.595488,0.648384,0.872400,0.417474,0.098398,0.047201
-0.539926,0.641291,0.804744,0.035964,-0.014155,0.731878,0.680338,0.042355,0.035965,0.283233,0.324202,-0.249202,0.057360,-0.026489,-0.057230,-0.248806,0.371479,-0.131316,0.083790,-0.000924,0.099303,0.002208,0.024224,0.440454,-0.777357,0.986755,-0.069478,-0.155700,0.050872,-0.030846,-0.585730,0.627976,0.883806,0.417285,0.099124,0.035976
-0.537392,0.645032,0.802600,0.034116,-0.011021,0.731685,0.680700,0.040513,0.035239,0.282466,0.321422,-0.266879,0.074141,-0.032406,-0.052170,-0.235168,0.376331,-0.153383,0.077615,-0.008368,0.101495,0.005162,0.035354,0.425636,-0.760750,0.984103,-0.084357,-0.147153,0.041588,-0.013855,-0.562678,0.598782,0.904602,0.419157,0.096486,0.018684
-0.535303,0.649606,0.799411,0.032250,-0.007522,0.732385,0.680085,0.037137,0.033320,0.279605,0.323196,-0.291349,0.092362,-0.041140,-0.047929,-0.217001,0.389446,-0.184067,0.070520,-0.017396,0.100687,0.007938,0.046685,0.407342,-0.740383,0.981481,-0.092141,-0.140182,0.031057,0.006240,-0.529483,0.563553,0.931672,0.419799,0.088239,-0.006142
-0.533829,0.654059,0.795555,0.030564,-0.004208,0.733459,0.679033,0.031886,0.030470,0.274571,0.329393,-0.321898,0.110815,-0.053229,-0.044982,-0.196856,0.411141,-0.220965,0.064696,-0.026948,0.096259,0.011126,0.056032,0.388091,-0.715958,0.980479,-0.088692,-0.136006,0.023012,0.025603,-0.488130,0.525066,0.964471,0.415407,0.072691,-0.037020
-0.533097,0.657915,0.791495,0.029146,-0.001157,0.734738,0.677724,0.024957,0.026602,0.267359,0.339485,-0.355884,0.128501,-0.067712,-0.043683,-0.176859,0.439163,-0.260799,0.060171,-0.035212,0.088469,0.015756,0.062243,0.369700,-0.687087,0.983475,-0.073494,-0.134900,0.018733,0.041122,-0.442223,0.485567,1.001207,0.406881,0.051060,-0.070512
-0.532958,0.660973,0.787663,0.028085,0.001551,0.736054,0.676338,0.017495,0.022005,0.258900,0.351282,-0.389335,0.144124,-0.082781,-0.043948,-0.159195,0.469423,-0.299285,0.056039,-0.041057,0.078547,0.022142,0.064979,0.353475,-0.655251,0.991889,-0.050280,-0.136074,0.018188,0.050952,-0.396654,0.448077,1.039380,0.396111,0.026809,-0.102993
-0.532960,0.662880,0.784495,0.027542,0.003548,0.736956,0.675371,0.010937,0.017830,0.251522,0.361194,-0.418483,0.156414,-0.096868,-0.045244,-0.146574,0.497425,-0.331588,0.052609,-0.044571,0.068506,0.029574,0.064540,0.340243,-0.624301,1.004690,-0.025718,-0.138087,0.021366,0.054802,-0.356791,0.416660,1.075927,0.383167,0.003919,-0.131166
-0.533387,0.663455,0.782305,0.027157,0.005115,0.737908,0.674336,0.004943,0.014147,0.246734,0.368871,-0.439782,0.164782,-0.108008,-0.047616,-0.139237,0.518301,-0.354786,0.048821,-0.044353,0.060287,0.036954,0.062442,0.331392,-0.596242,1.017905,-0.005957,-0.140582,0.027720,0.054630,-0.329797,0.392909,1.102203,0.373763,-0.014242,-0.149436
-0.534112,0.663364,0.781219,0.026701,0.006482,0.738932,0.673220,-0.000159,0.011028,0.245400,0.372891,-0.450689,0.168538,-0.115430,-0.050497,-0.135934,0.529493,-0.367233,0.045644,-0.040828,0.055038,0.043558,0.062216,0.325589,-0.571701,1.027274,0.000025,-0.141692,0.031127,0.054395,-0.316632,0.375222,1.113358,0.374133,-0.024317,-0.153972
-0.535089,0.663207,0.781156,0.025946,0.007879,0.740048,0.672008,-0.003857,0.008283,0.247076,0.371701,-0.450689,0.167638,-0.119346,-0.053379,-0.135065,0.531080,-0.369236,0.044050,-0.035436,0.052779,0.048588,0.067238,0.321490,-0.550626,1.029259,-0.012592,-0.139710,0.024872,0.058488,-0.314067,0.360484,1.108841,0.386688,-0.024837,-0.144107
-0.536787,0.662661,0.781830,0.024677,0.008982,0.741855,0.670046,-0.006519,0.005247,0.249804,0.365712,-0.441827,0.163242,-0.120428,-0.056543,-0.135722,0.525215,-0.363401,0.043114,-0.028845,0.052486,0.051019,0.078314,0.320354,-0.532736,1.021866,-0.039043,-0.135250,0.008341,0.069280,-0.319013,0.346572,1.090355,0.408362,-0.017845,-0.122273
-0.538817,0.661357,0.782794,0.023421,0.009741,0.743851,0.667864,-0.008561,0.002071,0.251970,0.356313,-0.427695,0.156385,-0.120324,-0.059978,-0.138349,0.515678,-0.352705,0.043787,-0.021354,0.052830,0.051163,0.093815,0.322330,-0.517611,1.006527,-0.073822,-0.129938,-0.013125,0.084352,-0.328079,0.334294,1.062977,0.433946,-0.007147,-0.093194
-0.540798,0.659466,0.783539,0.022323,0.010217,0.745917,0.665586,-0.010207,-0.001373,0.252276,0.345755,-0.411948,0.148915,-0.119845,-0.063574,-0.142123,0.505646,-0.340730,0.046012,-0.013354,0.052782,0.050016,0.111794,0.326594,-0.504968,0.985975,-0.111504,-0.124759,-0.036444,0.101336,-0.338380,0.323568,1.031336,0.460341,0.004297,-0.060508
-0.542436,0.657579,0.783901,0.021531,0.010472,0.747938,0.663336,-0.011208,-0.004967,0.250343,0.335603,-0.397554,0.142430,-0.119210,-0.067058,-0.146298,0.497192,-0.330353,0.048995,-0.005721,0.051827,0.048251,0.130239,0.331630,-0.494532,0.963551,-0.148143,-0.119987,-0.059454,0.118085,-0.347388,0.314080,1.000230,0.484551,0.014626,-0.028013
-0.543457,0.656341,0.784199,0.020845,0.010775,0.749362,0.661744,-0.011131,-0.007887,0.247172,0.325936,-0.386559,0.137391,-0.118768,-0.069976,-0.151487,0.491247,-0.322840,0.052104,0.000504,0.050069,0.045778,0.147320,0.335480,-0.485243,0.942538,-0.182073,-0.115619,-0.078248,0.132231,-0.352992,0.306299,0.975038,0.502380,0.022493,-0.000970
-0.544071,0.656215,0.784437,0.019797,0.011437,0.750628,0.660329,-0.010851,-0.009973,0.244264,0.317668,-0.380327,0.134653,-0.118657,-0.072158,-0.156839,0.487242,-0.319416,0.053893,0.005825,0.048216,0.042785,0.163192,0.336240,-0.473774,0.923963,-0.212054,-0.111532,-0.091147,0.144073,-0.354883,0.298771,0.957158,0.514228,0.026869,0.017288
-0.544654,0.657530,0.784616,0.018336,0.012472,0.751676,0.659159,-0.010380,-0.011633,0.241605,0.310849,-0.378716,0.134571,-0.119099,-0.073688,-0.161182,0.485578,-0.319839,0.054404,0.010166,0.046446,0.039811,0.177492,0.333308,-0.459461,0.907132,-0.237839,-0.107671,-0.099902,0.153521,-0.353091,0.289837,0.945052,0.520771,0.028077,0.027843
-0.545263,0.660193,0.784793,0.016413,0.013895,0.752446,0.658303,-0.009416,-0.013032,0.239121,0.304820,-0.380600,0.136715,-0.120334,-0.074654,-0.164204,0.486403,-0.322901,0.054701,0.012835,0.044594,0.036692,0.189781,0.327105,-0.443276,0.892519,-0.259486,-0.103865,-0.107373,0.160224,-0.347855,0.278983,0.937000,0.523701,0.027433,0.033287
-0.545539,0.663532,0.784997,0.014180,0.015775,0.752638,0.658092,-0.008314,-0.013846,0.237604,0.299145,-0.384714,0.140198,-0.122312,-0.075073,-0.166671,0.488312,-0.327644,0.055422,0.013631,0.042617,0.032396,0.200385,0.318330,-0.425669,0.882730,-0.276837,-0.099843,-0.114810,0.164484,-0.339832,0.267089,0.932645,0.526908,0.026473,0.034983
-0.545527,0.666867,0.785194,0.012216,0.017656,0.752576,0.658156,-0.007207,-0.014672,0.235484,0.294171,-0.389988,0.144649,-0.124334,-0.075350,-0.168788,0.490615,-0.334021,0.056134,0.013916,0.040385,0.027632,0.209094,0.307630,-0.407912,0.877238,-0.290547,-0.095988,-0.121727,0.166602,-0.329590,0.254852,0.930581,0.533076,0.026529,0.035629
-0.544909,0.669981,0.785349,0.010573,0.019549,0.752087,0.658689,-0.006053,-0.014986,0.233806,0.290185,-0.396564,0.149716,-0.126388,-0.075320,-0.170970,0.493267,-0.341984,0.057250,0.013043,0.038098,0.022298,0.215780,0.295628,-0.392152,0.876025,-0.299480,-0.092307,-0.129296,0.167498,-0.317468,0.243617,0.929267,0.544150,0.027351,0.036922
-0.543418,0.672900,0.785438,0.009307,0.021469,0.750999,0.659888,-0.004704,-0.014199,0.234019,0.287245,-0.404836,0.155003,-0.128349,-0.074726,-0.173584,0.495769,-0.351665,0.059053,0.009958,0.035761,0.016345,0.219202,0.282901,-0.379492,0.880287,-0.302397,-0.088767,-0.138153,0.167145,-0.303715,0.234111,0.930251,0.560292,0.028436,0.038520
-0.541381,0.675597,0.785441,0.008747,0.023188,0.749094,0.662000,-0.002962,-0.012916,0.234858,0.285622,-0.414521,0.160243,-0.129316,-0.073721,-0.176111,0.497214,-0.363399,0.060558,0.005367,0.032782,0.011040,0.216884,0.269290,-0.368759,0.892733,-0.298451,-0.085664,-0.145644,0.163926,-0.288486,0.226913,0.939011,0.576270,0.029777,0.038776
-0.539295,0.678067,0.785379,0.008802,0.024186,0.746844,0.664501,-0.000701,-0.011428,0.234834,0.286624,-0.425549,0.165328,-0.129336,-0.072058,-0.176468,0.499312,-0.376161,0.061066,-0.000118,0.028871,0.007404,0.208607,0.253019,-0.358197,0.920106,-0.282067,-0.082492,-0.147686,0.157890,-0.272236,0.227374,0.958800,0.576363,0.029356,0.037881
-0.537985,0.679283,0.785276,0.009506,0.024126,0.744465,0.667158,0.002056,-0.010036,0.234253,0.290234,-0.436407,0.168840,-0.128148,-0.070199,-0.174710,0.501964,-0.387376,0.061167,-0.006220,0.024224,0.005478,0.188331,0.243947,-0.340075,0.970241,-0.259440,-0.076556,-0.142666,0.145414,-0.265892,0.227630,0.996019,0.561933,0.030963,0.036820
-0.537721,0.678582,0.785137,0.010894,0.022671,0.742172,0.669737,0.005002,-0.008717,0.233837,0.294867,-0.445211,0.169748,-0.125618,-0.068266,-0.171766,0.503255,-0.394781,0.061911,-0.012671,0.019652,0.005494,0.151430,0.248665,-0.307770,1.045616,-0.242036,-0.065482,-0.132960,0.122967,-0.275977,0.218493,1.053516,0.543697,0.038607,0.037346
-0.537881,0.676483,0.785023,0.012681,0.020005,0.740256,0.671908,0.007780,-0.007211,0.233425,0.298309,-0.450235,0.168310,-0.121931,-0.065523,-0.167484,0.500759,-0.397382,0.063669,-0.018722,0.016260,0.008132,0.102530,0.261719,-0.261146,1.138884,-0.237852,-0.049606,-0.123459,0.091808,-0.297076,0.199958,1.124411,0.528849,0.050618,0.041082
-0.538838,0.672016,0.785291,0.015149,0.016497,0.738500,0.673882,0.010990,-0.006556,0.234029,0.299154,-0.447033,0.162229,-0.115693,-0.063053,-0.162257,0.491397,-0.392828,0.066165,-0.022927,0.014219,0.011144,0.048919,0.296833,-0.196228,1.237001,-0.259136,-0.030287,-0.115526,0.055498,-0.343668,0.159968,1.200050,0.530682,0.066373,0.045329
-0.540150,0.665912,0.786071,0.017897,0.012675,0.736744,0.675816,0.014699,-0.006149,0.238107,0.296945,-0.435318,0.149356,-0.106827,-0.061396,-0.158742,0.474587,-0.381693,0.070243,-0.025989,0.014034,0.011694,-0.000923,0.363247,-0.114181,1.329785,-0.302499,-0.010120,-0.107164,0.020265,-0.424797,0.093297,1.272273,0.552400,0.082498,0.043408
-0.541407,0.659768,0.787267,0.020525,0.009067,0.734834,0.677876,0.019549,-0.005375,0.246487,0.289088,-0.417019,0.129351,-0.095577,-0.060057,-0.159090,0.449327,-0.365162,0.076255,-0.028238,0.016258,0.006123,-0.044782,0.474714,-0.023639,1.405390,-0.356647,0.006344,-0.095375,-0.012701,-0.550101,0.006343,1.332967,0.586508,0.092195,0.028415
-0.543124,0.654530,0.788728,0.021727,0.006462,0.732448,0.680446,0.027023,-0.005207,0.256420,0.271297,-0.393834,0.104455,-0.081801,-0.058137,-0.162395,0.413989,-0.343439,0.082916,-0.027886,0.020762,-0.008682,-0.092601,0.647240,0.060709,1.450391,-0.413176,0.013864,-0.078250,-0.051781,-0.729140,-0.085458,1.375127,0.620395,0.088898,-0.001174
-0.544996,0.651529,0.790316,0.021233,0.005016,0.730014,0.683084,0.035435,-0.005191,0.265480,0.248244,-0.371898,0.079160,-0.068527,-0.055377,-0.167050,0.376931,-0.321810,0.090420,-0.026103,0.026765,-0.028251,-0.160006,0.842397,0.122388,1.471574,-0.458009,0.012511,-0.054955,-0.103285,-0.926875,-0.163069,1.399171,0.641087,0.075339,-0.036093
-0.546846,0.650478,0.791877,0.019383,0.004488,0.727708,0.685598,0.043660,-0.005145,0.273411,0.223408,-0.352511,0.054958,-0.056485,-0.052086,-0.172117,0.340890,-0.301580,0.098641,-0.023605,0.033581,-0.049833,-0.245381,1.040165,0.164133,1.479935,-0.492659,0.005795,-0.027670,-0.164900,-1.125209,-0.226521,1.410848,0.651040,0.056217,-0.071439
-0.548657,0.650885,0.793249,0.016519,0.004637,0.725706,0.687791,0.051624,-0.005208,0.280410,0.197945,-0.335252,0.032706,-0.045624,-0.048594,-0.177162,0.306564,-0.283079,0.107246,-0.020266,0.040524,-0.070199,-0.336977,1.233312,0.195398,1.475098,-0.520818,-0.003882,0.000189,-0.225536,-1.317814,-0.287747,1.410762,0.656654,0.034766,-0.105295
-0.550277,0.653281,0.794290,0.011973,0.006445,0.724275,0.689377,0.059490,-0.005398,0.285774,0.172493,-0.322041,0.014818,-0.037229,-0.044883,-0.181725,0.277855,-0.269077,0.116302,-0.014844,0.046964,-0.084583,-0.429564,1.407331,0.215810,1.445014,-0.535349,-0.017693,0.027092,-0.274519,-1.492536,-0.353280,1.391405,0.656062,0.012200,-0.134327
-0.551436,0.656719,0.794927,0.007904,0.008232,0.722641,0.691130,0.067418,-0.005896,0.290275,0.146356,-0.311203,0.000075,-0.030436,-0.041030,-0.185388,0.252195,-0.257529,0.125767,-0.003536,0.053258,-0.097483,-0.528366,1.567222,0.225088,1.396249,-0.540493,-0.035422,0.054521,-0.320644,-1.653363,-0.417783,1.358103,0.651969,-0.010552,-0.158961
-0.551711,0.660760,0.795102,0.004666,0.009776,0.721039,0.692809,0.074986,-0.005939,0.293188,0.124943,-0.304409,-0.010103,-0.025948,-0.037548,-0.189179,0.236044,-0.252621,0.134814,-0.001418,0.057308,-0.093064,-0.595542,1.695088,0.251463,1.335380,-0.538624,-0.049069,0.073059,-0.327559,-1.788915,-0.512793,1.317941,0.649842,-0.028394,-0.178299
-0.551164,0.665026,0.794903,0.002615,0.010855,0.719711,0.694184,0.083503,-0.005683,0.293410,0.112035,-0.302512,-0.014799,-0.022798,-0.035690,-0.194238,0.234763,-0.257554,0.142194,-0.016099,0.057129,-0.068413,-0.582603,1.789371,0.338584,1.268337,-0.531261,-0.056347,0.078932,-0.258866,-1.896413,-0.669731,1.270101,0.649761,-0.041560,-0.197172
-0.550368,0.668599,0.794603,0.003838,0.010323,0.718881,0.695046,0.095839,-0.006947,0.291555,0.103219,-0.301770,-0.016996,-0.016893,-0.036701,-0.200191,0.241482,-0.267080,0.147282,-0.028411,0.054002,-0.055310,-0.484539,1.889498,0.506794,1.201760,-0.522722,-0.068710,0.085709,-0.136537,-1.997897,-0.871002,1.205571,0.644154,-0.060361,-0.226989
-0.548624,0.671636,0.794299,0.006226,0.009655,0.718385,0.695551,0.108482,-0.008753,0.289708,0.097059,-0.302321,-0.017719,-0.010269,-0.039048,-0.205793,0.250498,-0.278298,0.151490,-0.035661,0.050529,-0.054296,-0.350379,1.987177,0.705264,1.129272,-0.513568,-0.088126,0.095258,-0.012594,-2.084243,-1.065970,1.123773,0.633493,-0.085936,-0.261575
-0.546411,0.674124,0.793938,0.009464,0.008782,0.718114,0.695806,0.119675,-0.010745,0.288779,0.093377,-0.304964,-0.016520,-0.004441,-0.042154,-0.210317,0.260430,-0.289618,0.156264,-0.036962,0.047590,-0.059922,-0.211158,2.070077,0.905767,1.042655,-0.502184,-0.113570,0.107066,0.090669,-2.148293,-1.231641,1.021088,0.619846,-0.116782,-0.296060
-0.544978,0.675786,0.793510,0.013236,0.007632,0.717958,0.695919,0.129944,-0.013176,0.288554,0.091564,-0.309550,-0.013199,0.000631,-0.046093,-0.213762,0.271579,-0.300357,0.162164,-0.031325,0.044914,-0.068793,-0.074212,2.137658,1.105748,0.939890,-0.487285,-0.143516,0.120939,0.177154,-2.194051,-1.373215,0.897749,0.604609,-0.151013,-0.329694
-0.545176,0.676481,0.793108,0.016359,0.005909,0.717878,0.695952,0.139653,-0.015807,0.288753,0.090507,-0.315299,-0.008598,0.005003,-0.050357,-0.216394,0.283423,-0.310479,0.169030,-0.020900,0.042450,-0.077335,0.055274,2.194579,1.297093,0.825791,-0.469711,-0.175653,0.135570,0.250979,-2.228880,-1.497735,0.763275,0.589361,-0.186168,-0.361365
-0.547440,0.676328,0.792556,0.018906,0.003221,0.717371,0.696427,0.148296,-0.018231,0.289615,0.090905,-0.322881,-0.002717,0.007963,-0.054766,-0.217942,0.296766,-0.319153,0.177319,-0.008959,0.040090,-0.080038,0.160692,2.231571,1.455928,0.700670,-0.451997,-0.206770,0.147398,0.302344,-2.247863,-1.589101,0.619332,0.577710,-0.219798,-0.387328
-0.550636,0.675513,0.791817,0.021058,-0.000173,0.716602,0.697164,0.155727,-0.020287,0.291070,0.092742,-0.332276,0.004370,0.009522,-0.059109,-0.218527,0.311249,-0.326476,0.186733,0.002421,0.037804,-0.075253,0.244504,2.250627,1.585328,0.565497,-0.434748,-0.236131,0.154949,0.333317,-2.252629,-1.651375,0.467092,0.569845,-0.252078,-0.407138
-0.553536,0.674190,0.790997,0.022994,-0.004008,0.715734,0.697983,0.162670,-0.021928,0.292820,0.095237,-0.342410,0.011445,0.010193,-0.063276,-0.218717,0.326798,-0.332669,0.196921,0.010968,0.035405,-0.063918,0.305187,2.257645,1.682397,0.430189,-0.420130,-0.261682,0.158852,0.351478,-2.251500,-1.692718,0.317223,0.566551,-0.280857,-0.422351
-0.555930,0.672518,0.790221,0.025741,-0.008033,0.714847,0.698761,0.170216,-0.022858,0.294894,0.097621,-0.351657,0.016146,0.010221,-0.067180,-0.218912,0.344587,-0.337393,0.207615,0.013488,0.032395,-0.048176,0.325464,2.253160,1.720267,0.314793,-0.412828,-0.277927,0.159544,0.360229,-2.251372,-1.708271,0.192004,0.570856,-0.299067,-0.433031
-0.556463,0.670841,0.789625,0.028676,-0.011326,0.713668,0.699806,0.177828,-0.022300,0.298192,0.099121,-0.358431,0.017405,0.009360,-0.069716,-0.218371,0.363030,-0.341809,0.215827,0.009861,0.028397,-0.036011,0.335377,2.250715,1.733460,0.232080,-0.408658,-0.284428,0.154778,0.372507,-2.251564,-1.718187,0.108035,0.575189,-0.304694,-0.437239
-0.555195,0.669367,0.789275,0.031358,-0.013855,0.712011,0.701331,0.184451,-0.020156,0.303174,0.099116,-0.362350,0.015381,0.006830,-0.069992,-0.217674,0.380647,-0.346191,0.221416,0.000264,0.022794,-0.031229,0.351724,2.251703,1.740477,0.183243,-0.399877,-0.282355,0.146736,0.385520,-2.251483,-1.723492,0.071528,0.567907,-0.297019,-0.436534
-0.553024,0.667864,0.789206,0.033345,-0.015588,0.709692,0.703550,0.189142,-0.016425,0.310269,0.097897,-0.363632,0.011098,0.001633,-0.068672,-0.219500,0.398246,-0.348234,0.226153,-0.014236,0.015438,-0.032458,0.372805,2.251500,1.740163,0.163068,-0.382283,-0.273200,0.139141,0.392045,-2.251500,-1.717577,0.079215,0.543871,-0.277432,-0.434668
-0.550264,0.665757,0.789459,0.033959,-0.016843,0.705975,0.707222,0.190991,-0.010423,0.319867,0.097117,-0.362186,0.005763,-0.007166,-0.068139,-0.226983,0.418508,-0.343641,0.230994,-0.031172,0.007160,-0.036196,0.395055,2.251470,1.734529,0.167888,-0.359401,-0.258413,0.133873,0.396021,-2.251502,-1.706529,0.124179,0.509214,-0.250129,-0.434570
-0.546711,0.663078,0.790009,0.033423,-0.017614,0.701558,0.711611,0.188208,-0.001356,0.329884,0.098789,-0.357740,-0.000512,-0.020489,-0.069891,-0.238774,0.440985,-0.330992,0.236041,-0.049880,-0.001249,-0.039768,0.417988,2.251515,1.729249,0.200606,-0.338468,-0.238392,0.135666,0.399970,-2.251499,-1.690756,0.207304,0.470005,-0.217343,-0.437917
-0.542261,0.659940,0.790779,0.031799,-0.017926,0.696810,0.716326,0.180015,0.010947,0.338971,0.103980,-0.350316,-0.007800,-0.038626,-0.074526,-0.253650,0.465067,-0.311651,0.240839,-0.069103,-0.008938,-0.043166,0.440702,2.251496,1.724862,0.255871,-0.321803,-0.215261,0.141501,0.403879,-2.251500,-1.669014,0.320511,0.432331,-0.182913,-0.440709
-0.537555,0.656388,0.791640,0.029150,-0.017803,0.692108,0.720985,0.166649,0.025732,0.346482,0.113090,-0.340989,-0.015005,-0.061268,-0.081942,-0.269060,0.489841,-0.288721,0.245088,-0.086759,-0.014761,-0.046261,0.461360,2.251500,1.721137,0.326258,-0.311279,-0.191462,0.148278,0.407821,-2.251500,-1.641657,0.451306,0.403763,-0.151310,-0.439034
-0.533754,0.652663,0.792424,0.025021,-0.017639,0.687693,0.725356,0.149005,0.041830,0.351811,0.126650,-0.332212,-0.020133,-0.087521,-0.092365,-0.280401,0.513990,-0.266371,0.248852,-0.100685,-0.017407,-0.047414,0.478386,2.251502,1.720729,0.410798,-0.310903,-0.167843,0.158766,0.413469,-2.251499,-1.610591,0.591528,0.390776,-0.124776,-0.432521
-0.530418,0.649799,0.793033,0.020456,-0.017439,0.683784,0.729189,0.129221,0.059466,0.355579,0.145611,-0.326541,-0.024247,-0.115443,-0.108951,-0.287913,0.538810,-0.250192,0.251283,-0.109237,-0.016382,-0.049136,0.491866,2.251494,1.718864,0.507496,-0.313142,-0.144960,0.166166,0.420595,-2.251502,-1.574651,0.733472,0.387481,-0.101631,-0.413483
-0.526585,0.647832,0.793427,0.015681,-0.017044,0.680465,0.732415,0.108318,0.078539,0.357770,0.169129,-0.323808,-0.028046,-0.143765,-0.133792,-0.290312,0.562423,-0.244028,0.252190,-0.112266,-0.011521,-0.052852,0.500698,2.251511,1.711980,0.614659,-0.306745,-0.123775,0.167529,0.427540,-2.251496,-1.534261,0.871623,0.384741,-0.081270,-0.378442
-0.521558,0.646506,0.793533,0.010919,-0.016293,0.677823,0.734963,0.085748,0.099492,0.358556,0.197200,-0.324427,-0.032237,-0.171999,-0.169637,-0.287736,0.581891,-0.245740,0.252367,-0.110453,-0.002778,-0.058169,0.504153,2.251500,1.698068,0.731867,-0.285875,-0.105425,0.163794,0.433179,-2.251500,-1.491142,1.001694,0.376793,-0.064203,-0.328528
-0.515070,0.646171,0.793250,0.006094,-0.014751,0.675900,0.736820,0.060901,0.123451,0.358940,0.231449,-0.331137,-0.037889,-0.199613,-0.219516,-0.283863,0.596600,-0.247342,0.252952,-0.104907,0.009355,-0.064039,0.503542,2.251427,1.675587,0.858810,-0.254400,-0.090011,0.156333,0.437922,-2.251526,-1.446699,1.120697,0.363461,-0.049895,-0.268068
-0.506695,0.646576,0.792669,0.001974,-0.012650,0.674393,0.738262,0.036385,0.148304,0.358245,0.267822,-0.341913,-0.043021,-0.225016,-0.276818,-0.276946,0.606353,-0.245752,0.254066,-0.098631,0.022677,-0.069320,0.499786,2.251781,1.647356,0.990517,-0.218331,-0.074719,0.149720,0.441304,-2.251596,-1.402427,1.231283,0.345242,-0.035409,-0.209688
-0.497725,0.647186,0.791500,-0.001614,-0.010212,0.673376,0.739228,0.010649,0.172344,0.354960,0.307509,-0.357487,-0.046971,-0.248654,-0.337830,-0.267908,0.611467,-0.238234,0.255875,-0.093274,0.036560,-0.073989,0.495171,2.250940,1.609410,1.119624,-0.177369,-0.061469,0.144313,0.441582,-2.254723,-1.356205,1.330130,0.316537,-0.022343,-0.157877
-0.490089,0.647350,0.789183,-0.004845,-0.007658,0.672924,0.739657,-0.019293,0.194896,0.348057,0.354770,-0.379123,-0.048961,-0.271445,-0.400762,-0.257679,0.613139,-0.223136,0.257170,-0.088222,0.048742,-0.077293,0.492086,2.251500,1.558181,1.244510,-0.130397,-0.052334,0.139027,0.438481,-2.259094,-1.305959,1.413396,0.274703,-0.013198,-0.113602
-0.484701,0.646718,0.785165,-0.007156,-0.006292,0.672901,0.739671,-0.053894,0.215726,0.337625,0.412712,-0.405045,-0.047088,-0.293065,-0.461891,-0.243946,0.614108,-0.201719,0.255064,-0.081888,0.054007,-0.076500,0.492531,2.259892,1.498055,1.369621,-0.081701,-0.044991,0.134744,0.434633,-2.253859,-1.253206,1.483176,0.226575,-0.006892,-0.081537
-0.481441,0.646198,0.778857,-0.008179,-0.005667,0.673705,0.738933,-0.094545,0.235082,0.323610,0.487491,-0.433976,-0.043971,-0.314361,-0.519319,-0.227532,0.619289,-0.176401,0.249812,-0.075345,0.053329,-0.070018,0.502044,2.263482,1.431706,1.484073,-0.035614,-0.040242,0.129078,0.431127,-2.233865,-1.199233,1.539003,0.174531,-0.003092,-0.061908
-0.478632,0.645486,0.769986,-0.007962,-0.005772,0.675402,0.737385,-0.142301,0.254584,0.304445,0.580711,-0.462828,-0.041979,-0.334314,-0.570436,-0.206151,0.629242,-0.152616,0.243919,-0.069900,0.049000,-0.056894,0.523132,2.250260,1.366030,1.577938,0.003772,-0.037724,0.120105,0.428191,-2.199100,-1.148476,1.580291,0.123830,-0.002411,-0.052841
-0.474517,0.644267,0.758710,-0.006553,-0.006595,0.678046,0.734961,-0.196627,0.276664,0.279900,0.688215,-0.490526,-0.042343,-0.352196,-0.613374,-0.179030,0.642762,-0.133913,0.239701,-0.066310,0.043962,-0.037954,0.555019,2.215406,1.308872,1.647804,0.034569,-0.036709,0.107890,0.426401,-2.153495,-1.105745,1.607675,0.080507,-0.005033,-0.051306
-0.468693,0.643219,0.745620,-0.005135,-0.007780,0.681386,0.731864,-0.254325,0.302475,0.252899,0.801222,-0.519877,-0.045042,-0.368816,-0.647190,-0.150224,0.660375,-0.120195,0.238058,-0.064767,0.041068,-0.015873,0.595195,2.160314,1.265119,1.693778,0.056558,-0.037354,0.093708,0.427041,-2.102972,-1.073836,1.622553,0.048031,-0.009581,-0.054148
-0.461343,0.641067,0.731638,-0.003313,-0.009219,0.684280,0.729154,-0.309244,0.328382,0.224989,0.906997,-0.549149,-0.046641,-0.381027,-0.665958,-0.118414,0.681075,-0.118961,0.240735,-0.064563,0.037850,0.008780,0.638496,2.089726,1.240679,1.711406,0.064062,-0.037491,0.077064,0.430495,-2.051538,-1.057564,1.625131,0.030807,-0.013780,-0.060886
-0.452694,0.637523,0.717625,-0.001480,-0.010724,0.686566,0.726987,-0.359718,0.353229,0.197087,0.999849,-0.578544,-0.046240,-0.389283,-0.671349,-0.086796,0.705866,-0.133820,0.246372,-0.063678,0.034430,0.033798,0.678358,2.012427,1.233352,1.708998,0.059338,-0.035793,0.059056,0.437373,-2.006522,-1.053514,1.621991,0.022964,-0.015590,-0.067309
-0.442981,0.632908,0.704398,-0.000031,-0.012110,0.688090,0.725525,-0.405721,0.377897,0.170224,1.077888,-0.608671,-0.044302,-0.396020,-0.669398,-0.060208,0.737098,-0.165898,0.251943,-0.059088,0.030248,0.057430,0.708123,1.943428,1.237244,1.702060,0.047762,-0.031826,0.041852,0.449342,-1.970134,-1.056942,1.619303,0.017644,-0.014019,-0.068788
-0.432482,0.627199,0.692757,0.001207,-0.013822,0.688495,0.725109,-0.444939,0.402379,0.145506,1.138391,-0.637438,-0.041048,-0.402337,-0.663481,-0.039555,0.776599,-0.216867,0.255488,-0.048360,0.021168,0.080502,0.723824,1.898817,1.249145,1.699990,0.030561,-0.025947,0.027526,0.467495,-1.934273,-1.067781,1.616010,0.015821,-0.009821,-0.065179
-0.421374,0.621185,0.683148,0.003221,-0.015796,0.688876,0.724700,-0.476705,0.425449,0.122794,1.183743,-0.662359,-0.040500,-0.410211,-0.655215,-0.023994,0.825165,-0.281946,0.256174,-0.033134,0.008750,0.102659,0.729013,1.874223,1.265081,1.700021,0.010515,-0.021719,0.019022,0.485894,-1.896752,-1.077727,1.611502,0.013947,-0.005839,-0.058818
-0.410289,0.614842,0.675653,0.005746,-0.018199,0.689182,0.724337,-0.502024,0.447263,0.102155,1.217206,-0.682765,-0.043075,-0.419624,-0.646435,-0.012732,0.877957,-0.352710,0.254519,-0.015807,-0.003716,0.125221,0.720458,1.861478,1.276728,1.699995,-0.011230,-0.020749,0.014330,0.495579,-1.860943,-1.076978,1.605720,0.012203,-0.003056,-0.048047
-0.399800,0.608427,0.670202,0.008516,-0.021197,0.689362,0.724057,-0.521686,0.469114,0.084111,1.240014,-0.698800,-0.047657,-0.430186,-0.638027,-0.006589,0.928879,-0.420249,0.250632,0.002884,-0.014113,0.147359,0.704206,1.858684,1.286360,1.700000,-0.033453,-0.022454,0.012289,0.487596,-1.828502,-1.057026,1.598013,0.012321,-0.001635,-0.033610
-0.390085,0.603179,0.666694,0.009994,-0.024178,0.688927,0.724359,-0.535599,0.491659,0.069597,1.251615,-0.710039,-0.054463,-0.442541,-0.629258,-0.007148,0.974789,-0.477770,0.243750,0.023735,-0.022918,0.164144,0.705457,1.869765,1.312268,1.700001,-0.052618,-0.025834,0.016581,0.455545,-1.795292,-1.011818,1.587343,0.013304,-0.002414,-0.023014
-0.381948,0.598511,0.664770,0.010665,-0.026528,0.688416,0.724752,-0.546177,0.512836,0.060286,1.254850,-0.716224,-0.060398,-0.454859,-0.621091,-0.011073,1.010974,-0.522058,0.236264,0.044602,-0.032671,0.175448,0.733796,1.889564,1.355439,1.700000,-0.065200,-0.030474,0.024616,0.398737,-1.760165,-0.940636,1.575818,0.013991,-0.004514,-0.018046
-0.375429,0.594606,0.664146,0.010443,-0.027995,0.688007,0.725089,-0.555391,0.531157,0.055319,1.252310,-0.717350,-0.064549,-0.466486,-0.614649,-0.017308,1.037121,-0.551458,0.229328,0.063147,-0.043035,0.180883,0.785799,1.913473,1.412558,1.700000,-0.071560,-0.035290,0.035053,0.323428,-1.726582,-0.850248,1.565537,0.013166,-0.006606,-0.019182
-0.369990,0.591823,0.664554,0.009241,-0.028329,0.687872,0.725220,-0.564298,0.546607,0.053139,1.245591,-0.713574,-0.068081,-0.477836,-0.610533,-0.026215,1.055888,-0.568086,0.223572,0.077570,-0.052407,0.180443,0.854781,1.937909,1.479420,1.700000,-0.074142,-0.039507,0.047118,0.240903,-1.698718,-0.753384,1.557581,0.009955,-0.008103,-0.026241
-0.365145,0.589596,0.665652,0.007100,-0.027047,0.688133,0.725046,-0.573313,0.559850,0.053584,1.235563,-0.705157,-0.072214,-0.489004,-0.608637,-0.036673,1.069755,-0.578131,0.220381,0.086676,-0.060568,0.176109,0.935954,1.958598,1.549991,1.700000,-0.074064,-0.043787,0.058476,0.162814,-1.677982,-0.663580,1.552373,0.003911,-0.009478,-0.037315
-0.360494,0.587633,0.667264,0.004978,-0.025158,0.688921,0.724383,-0.581613,0.570362,0.055637,1.221897,-0.692705,-0.077734,-0.499590,-0.608079,-0.047291,1.081413,-0.583748,0.219160,0.090676,-0.067114,0.169343,1.017218,1.973919,1.617497,1.700000,-0.069981,-0.049190,0.068649,0.093607,-1.665362,-0.585795,1.550557,-0.005861,-0.010879,-0.048720
-0.356456,0.585641,0.669090,0.002907,-0.022876,0.690006,0.723437,-0.589258,0.578444,0.059830,1.206413,-0.678241,-0.083564,-0.509283,-0.609241,-0.057970,1.090144,-0.585840,0.218675,0.089646,-0.070706,0.163009,1.078791,1.979695,1.666429,1.700000,-0.062589,-0.055392,0.074080,0.035759,-1.663354,-0.522960,1.551328,-0.017980,-0.012162,-0.055463
-0.353231,0.583746,0.670822,0.000922,-0.020417,0.691160,0.722413,-0.596080,0.585275,0.065399,1.191226,-0.663677,-0.088877,-0.518077,-0.611671,-0.068619,1.096276,-0.585370,0.218117,0.085544,-0.071581,0.158844,1.113807,1.976084,1.691154,1.700000,-0.054277,-0.061145,0.073588,-0.011322,-1.670169,-0.474100,1.553423,-0.030176,-0.013663,-0.056394
-0.350022,0.582473,0.672299,-0.000936,-0.018560,0.691787,0.721862,-0.600826,0.591920,0.068919,1.176450,-0.649124,-0.094456,-0.526240,-0.612953,-0.078097,1.104012,-0.583821,0.217304,0.082588,-0.072625,0.155581,1.137504,1.971006,1.706520,1.700000,-0.047289,-0.065418,0.072024,-0.052063,-1.677690,-0.433044,1.556281,-0.041086,-0.016206,-0.056352
-0.346486,0.581101,0.673304,-0.002112,-0.017015,0.692176,0.721525,-0.603966,0.598168,0.071201,1.162131,-0.633519,-0.099253,-0.534056,-0.613563,-0.086242,1.113021,-0.583774,0.215554,0.080640,-0.074225,0.153187,1.151351,1.964103,1.714413,1.699999,-0.043154,-0.068022,0.069678,-0.087851,-1.684987,-0.397504,1.559001,-0.048985,-0.018994,-0.056884
-0.342083,0.579693,0.673633,-0.002548,-0.015644,0.692396,0.721343,-0.605543,0.603253,0.071160,1.148377,-0.615567,-0.104552,-0.541703,-0.613059,-0.091758,1.124270,-0.587203,0.212497,0.079347,-0.075760,0.151916,1.154699,1.955981,1.714177,1.700002,-0.039399,-0.070124,0.068115,-0.118631,-1.692423,-0.366386,1.561365,-0.053966,-0.022128,-0.057545
-0.336469,0.578682,0.673197,-0.002185,-0.014308,0.692519,0.721255,-0.605530,0.607269,0.068054,1.135213,-0.595277,-0.111652,-0.548987,-0.611108,-0.094702,1.138581,-0.594939,0.207978,0.078654,-0.076367,0.151274,1.151513,1.948452,1.708658,1.700006,-0.034212,-0.072788,0.068473,-0.144099,-1.700552,-0.338989,1.563245,-0.057814,-0.026281,-0.057197
-0.329903,0.577939,0.672088,-0.001084,-0.012851,0.692645,0.721163,-0.604612,0.611458,0.064193,1.122504,-0.573990,-0.119383,-0.555304,-0.608824,-0.097824,1.154039,-0.606714,0.201850,0.078301,-0.075536,0.150210,1.149289,1.942175,1.704239,1.700001,-0.029697,-0.075707,0.069205,-0.164673,-1.709850,-0.314663,1.564238,-0.062305,-0.031299,-0.054802
-0.322551,0.577290,0.670568,0.000356,-0.011202,0.692799,0.721044,-0.603204,0.615573,0.059975,1.110166,-0.550701,-0.127848,-0.560292,-0.605705,-0.100904,1.168914,-0.621396,0.194458,0.079018,-0.074250,0.149478,1.148875,1.938617,1.704473,1.700056,-0.024456,-0.078297,0.070780,-0.182644,-1.716887,-0.291211,1.565257,-0.066640,-0.035614,-0.050033
-0.314696,0.576819,0.668960,0.001876,-0.009313,0.692960,0.720913,-0.601942,0.620102,0.056647,1.098617,-0.525989,-0.136732,-0.564139,-0.602116,-0.104724,1.182095,-0.637873,0.186027,0.080322,-0.072930,0.148803,1.149032,1.937043,1.707604,1.700271,-0.017618,-0.080119,0.072577,-0.198354,-1.721145,-0.269791,1.566118,-0.071022,-0.039053,-0.043931
-0.306859,0.576645,0.667584,0.003221,-0.007133,0.693108,0.720792,-0.600861,0.625380,0.054976,1.087278,-0.502389,-0.144687,-0.567106,-0.598565,-0.110335,1.193311,-0.653634,0.177320,0.081550,-0.071885,0.147517,1.149000,1.937087,1.710588,1.700523,-0.009574,-0.081313,0.073834,-0.212567,-1.723465,-0.251081,1.566633,-0.075887,-0.042053,-0.037665
-0.299595,0.576607,0.666679,0.003795,-0.005253,0.693282,0.720637,-0.599019,0.630554,0.053854,1.073924,-0.482200,-0.150095,-0.569197,-0.594556,-0.117464,1.202855,-0.665034,0.169842,0.082812,-0.071965,0.145779,1.148995,1.940220,1.712660,1.700167,-0.001076,-0.082541,0.075077,-0.228201,-1.723094,-0.232342,1.567444,-0.080654,-0.044264,-0.032025
-0.292788,0.576253,0.666279,0.004042,-0.003652,0.693341,0.720589,-0.596476,0.635498,0.053188,1.057897,-0.463813,-0.153349,-0.570817,-0.589871,-0.126053,1.210190,-0.673200,0.163808,0.082668,-0.073115,0.143525,1.149002,1.943606,1.712243,1.698064,0.007419,-0.083752,0.076143,-0.244761,-1.720239,-0.214828,1.566935,-0.085845,-0.045478,-0.029876
-0.286419,0.575581,0.666373,0.004040,-0.002382,0.693314,0.720621,-0.593187,0.639916,0.052511,1.040013,-0.446193,-0.155343,-0.571827,-0.584163,-0.134879,1.215456,-0.678809,0.158792,0.081165,-0.075271,0.140795,1.148999,1.947192,1.709474,1.694848,0.016186,-0.084993,0.076397,-0.262908,-1.715671,-0.197411,1.565348,-0.091179,-0.045996,-0.030665
-0.280580,0.574808,0.666912,0.003868,-0.001498,0.693231,0.720703,-0.589130,0.643805,0.051704,1.020868,-0.429650,-0.156300,-0.572046,-0.577506,-0.143377,1.219382,-0.681269,0.154408,0.078643,-0.077814,0.137525,1.149000,1.951756,1.705230,1.691085,0.025045,-0.086520,0.075908,-0.283419,-1.711410,-0.179011,1.563234,-0.096836,-0.046588,-0.032935
-0.275217,0.573977,0.667784,0.003369,-0.001113,0.693185,0.720751,-0.584521,0.647718,0.051615,1.000187,-0.414426,-0.155947,-0.571795,-0.570577,-0.152454,1.222621,-0.680401,0.150592,0.074365,-0.079596,0.133607,1.149000,1.955784,1.699721,1.685644,0.033081,-0.088561,0.076026,-0.305278,-1.710007,-0.161475,1.559532,-0.103816,-0.047985,-0.037420
-0.270072,0.573157,0.668853,0.003132,-0.000903,0.692949,0.720980,-0.578945,0.651261,0.052169,0.979538,-0.398690,-0.155868,-0.571081,-0.563056,-0.160152,1.225472,-0.678557,0.147072,0.069029,-0.081593,0.129943,1.149000,1.959109,1.693724,1.678546,0.041720,-0.091123,0.077760,-0.327904,-1.709869,-0.144244,1.554626,-0.109513,-0.049816,-0.043392
-0.264838,0.572436,0.670052,0.003086,-0.000829,0.692494,0.721416,-0.572256,0.654855,0.053228,0.958950,-0.382211,-0.156250,-0.569987,-0.554508,-0.166547,1.228075,-0.677652,0.142802,0.062931,-0.083760,0.126133,1.149000,1.961316,1.687352,1.670360,0.051708,-0.094415,0.081122,-0.350647,-1.711000,-0.127410,1.549463,-0.114338,-0.052164,-0.050631
-0.259139,0.571532,0.671359,0.003158,-0.000857,0.691795,0.722086,-0.564592,0.659017,0.054662,0.936739,-0.364350,-0.157011,-0.568709,-0.544442,-0.172696,1.230334,-0.678820,0.136895,0.056242,-0.085541,0.121376,1.149000,1.962497,1.680806,1.660737,0.062944,-0.098439,0.086298,-0.372521,-1.714259,-0.111219,1.544369,-0.120311,-0.055463,-0.059047
-0.252730,0.569927,0.672741,0.003532,-0.001020,0.690911,0.722931,-0.556289,0.663440,0.056074,0.911665,-0.343298,-0.159062,-0.567443,-0.532475,-0.178474,1.231848,-0.682897,0.129640,0.049672,-0.087066,0.115914,1.149000,1.963663,1.674766,1.648551,0.075346,-0.102808,0.094191,-0.392402,-1.718922,-0.095060,1.538908,-0.127709,-0.059802,-0.067963
-0.246204,0.568345,0.674174,0.003589,-0.001019,0.689820,0.723971,-0.548401,0.668217,0.056839,0.886402,-0.323124,-0.161521,-0.566348,-0.519573,-0.184181,1.232247,-0.689948,0.122054,0.043647,-0.088105,0.110289,1.149000,1.963929,1.668288,1.635979,0.088698,-0.107769,0.103934,-0.409860,-1.723382,-0.079228,1.533988,-0.135841,-0.064675,-0.077190
-0.239595,0.567110,0.675622,0.003320,-0.000911,0.688551,0.725180,-0.541543,0.674122,0.056964,0.862336,-0.303552,-0.163779,-0.565298,-0.505937,-0.190354,1.231983,-0.699306,0.114012,0.038444,-0.088665,0.104261,1.149000,1.963450,1.663342,1.624924,0.101007,-0.111915,0.113922,-0.425233,-1.726634,-0.063140,1.530107,-0.144241,-0.069444,-0.085379
-0.232412,0.566287,0.677006,0.002717,-0.000753,0.687129,0.726530,-0.535433,0.681777,0.056507,0.838775,-0.282312,-0.165920,-0.564068,-0.491226,-0.197454,1.232418,-0.710162,0.105214,0.033894,-0.089231,0.097698,1.149000,1.962544,1.660888,1.615342,0.111321,-0.114313,0.123205,-0.439280,-1.727729,-0.046182,1.527574,-0.153329,-0.073781,-0.092121
-0.224310,0.566177,0.678233,0.001842,-0.000526,0.685550,0.728023,-0.529193,0.690946,0.055363,0.814532,-0.259949,-0.168188,-0.562532,-0.475567,-0.205596,1.234950,-0.721968,0.096245,0.029347,-0.090591,0.091402,1.149000,1.960389,1.657734,1.605811,0.121587,-0.116210,0.131744,-0.452673,-1.725142,-0.028657,1.526883,-0.163905,-0.077723,-0.098916
-0.215666,0.566731,0.679285,0.000898,-0.000322,0.683909,0.729566,-0.522551,0.701207,0.055112,0.789964,-0.237078,-0.170142,-0.560380,-0.459709,-0.214512,1.238748,-0.734081,0.087039,0.024632,-0.093164,0.085840,1.149001,1.956710,1.653464,1.596728,0.132027,-0.117461,0.138069,-0.465514,-1.717947,-0.010259,1.527345,-0.174845,-0.080927,-0.104190
-0.206486,0.567893,0.680163,-0.000083,-0.000320,0.682135,0.731226,-0.514501,0.713187,0.056158,0.764313,-0.214525,-0.170360,-0.556421,-0.442922,-0.225091,1.242305,-0.747284,0.076760,0.018792,-0.096933,0.080513,1.148998,1.950811,1.646839,1.588060,0.142676,-0.118427,0.141075,-0.477771,-1.705903,0.009126,1.528424,-0.186898,-0.082989,-0.108740
-0.196594,0.569299,0.680949,-0.001071,-0.000699,0.680156,0.733067,-0.504688,0.726586,0.058213,0.736856,-0.191907,-0.168885,-0.550317,-0.424531,-0.237269,1.245008,-0.761780,0.064784,0.011113,-0.101634,0.074923,1.149000,1.942362,1.637341,1.578752,0.153026,-0.119876,0.140438,-0.489408,-1.690361,0.029090,1.529093,-0.200673,-0.084594,-0.113149
-0.186273,0.570353,0.681859,-0.001371,-0.001325,0.678328,0.734757,-0.494398,0.738942,0.061804,0.708790,-0.168474,-0.167448,-0.543265,-0.405619,-0.248937,1.247027,-0.775773,0.051654,0.002187,-0.106992,0.069419,1.149017,1.932398,1.626992,1.567971,0.161800,-0.121962,0.136365,-0.500430,-1.674069,0.048683,1.527845,-0.214177,-0.087232,-0.115299
-0.176411,0.571722,0.683110,-0.001533,-0.001854,0.676476,0.736461,-0.483888,0.749164,0.068293,0.682451,-0.149775,-0.162710,-0.534240,-0.387365,-0.260546,1.245990,-0.788859,0.038842,-0.007378,-0.112836,0.064218,1.148936,1.922585,1.616910,1.558084,0.169232,-0.123672,0.129449,-0.511062,-1.657729,0.066556,1.525802,-0.225499,-0.089391,-0.116360
-0.166727,0.573462,0.684924,-0.001477,-0.001963,0.674590,0.738189,-0.472650,0.756201,0.076730,0.657651,-0.135277,-0.154691,-0.524086,-0.369770,-0.271729,1.241574,-0.800875,0.026603,-0.017901,-0.119002,0.058821,1.149127,1.912575,1.606262,1.549870,0.175568,-0.124686,0.121551,-0.521112,-1.642710,0.081797,1.522372,-0.234608,-0.091382,-0.117793
-0.156745,0.575273,0.687449,-0.001125,-0.001328,0.672658,0.739951,-0.460098,0.759174,0.085617,0.634071,-0.122237,-0.145433,-0.513930,-0.352691,-0.281608,1.233951,-0.811975,0.014417,-0.029377,-0.125578,0.052434,1.149000,1.901259,1.596673,1.542573,0.181700,-0.125410,0.115084,-0.530164,-1.630352,0.094231,1.517013,-0.242567,-0.094143,-0.120265
-0.146971,0.577263,0.690724,-0.000284,0.000587,0.670614,0.741806,-0.445924,0.757856,0.095075,0.613468,-0.111574,-0.135372,-0.503009,-0.336852,-0.290200,1.221518,-0.822512,0.002535,-0.040821,-0.133258,0.044878,1.148140,1.889449,1.592816,1.535636,0.188543,-0.126157,0.111472,-0.537745,-1.619864,0.103765,1.511012,-0.249594,-0.097053,-0.124076
-0.137757,0.579621,0.694781,0.000503,0.003245,0.668452,0.743748,-0.429634,0.752263,0.104865,0.595638,-0.101830,-0.124955,-0.491124,-0.322575,-0.298079,1.203425,-0.831069,-0.006935,-0.052714,-0.143256,0.037490,1.153772,1.881165,1.589455,1.529101,0.192092,-0.126470,0.109594,-0.542810,-1.607396,0.108680,1.503158,-0.253335,-0.099832,-0.130319
-0.129410,0.582332,0.699602,0.001242,0.006373,0.666101,0.745833,-0.411519,0.743841,0.112813,0.580531,-0.093251,-0.114905,-0.478124,-0.309217,-0.305214,1.179462,-0.836633,-0.014283,-0.064014,-0.154219,0.030442,1.163885,1.874788,1.574196,1.523494,0.193001,-0.126678,0.108143,-0.545723,-1.592805,0.112026,1.493318,-0.254406,-0.102318,-0.138347
-0.122374,0.585126,0.705139,0.001941,0.009699,0.663492,0.748118,-0.391897,0.732751,0.118016,0.568512,-0.086638,-0.106493,-0.464012,-0.297115,-0.310594,1.150674,-0.837551,-0.020438,-0.073718,-0.169300,0.024252,1.165164,1.862374,1.532924,1.519410,0.190665,-0.127837,0.103827,-0.541478,-1.572075,0.110416,1.481877,-0.252611,-0.105005,-0.146584
-0.117032,0.587839,0.711341,0.003534,0.013079,0.661719,0.749630,-0.370363,0.716172,0.123032,0.559071,-0.081673,-0.100416,-0.448690,-0.288673,-0.313372,1.119175,-0.831650,-0.024601,-0.084463,-0.196372,0.020598,1.140104,1.834097,1.454752,1.512586,0.179565,-0.130598,0.092715,-0.523397,-1.535046,0.094989,1.467183,-0.244538,-0.108874,-0.154916
-0.112748,0.591287,0.718091,0.005829,0.016429,0.660258,0.750836,-0.346778,0.692903,0.129085,0.549292,-0.080207,-0.092892,-0.430218,-0.284618,-0.316019,1.085018,-0.821837,-0.026552,-0.103577,-0.223306,0.017661,1.077618,1.784349,1.333834,1.483505,0.165259,-0.133390,0.082476,-0.514382,-1.489242,0.092591,1.443947,-0.232804,-0.112857,-0.166451
-0.108647,0.595448,0.725228,0.008554,0.019411,0.658606,0.752189,-0.320772,0.663815,0.135165,0.544206,-0.089736,-0.081545,-0.406646,-0.279117,-0.317379,1.044797,-0.810285,-0.026167,-0.117590,-0.227876,0.014562,0.953198,1.693626,1.163735,1.445813,0.149331,-0.133112,0.085547,-0.512270,-1.455064,0.109207,1.413856,-0.215363,-0.115636,-0.179089
-0.104246,0.599928,0.732516,0.011440,0.021690,0.656259,0.754137,-0.293219,0.631359,0.140009,0.548225,-0.112707,-0.066947,-0.378615,-0.267789,-0.315707,0.997862,-0.798042,-0.023852,-0.115541,-0.205470,0.011548,0.770160,1.562463,0.956747,1.419267,0.130636,-0.129109,0.103700,-0.503746,-1.439258,0.132102,1.381947,-0.191090,-0.116927,-0.189773
-0.099526,0.604841,0.739611,0.013680,0.022937,0.652486,0.757330,-0.267297,0.598071,0.143126,0.559415,-0.141336,-0.051044,-0.349604,-0.253427,-0.311904,0.949721,-0.786037,-0.020718,-0.108452,-0.177954,0.009058,0.580021,1.427518,0.749567,1.398779,0.110156,-0.124514,0.122871,-0.489110,-1.422650,0.151123,1.350267,-0.165138,-0.117255,-0.198949
-0.094063,0.610160,0.746061,0.015526,0.023292,0.647942,0.761175,-0.246146,0.563702,0.141752,0.586979,-0.177690,-0.033494,-0.320407,-0.234525,-0.303609,0.901957,-0.773525,-0.017043,-0.092887,-0.145845,0.008622,0.395356,1.288192,0.553607,1.389464,0.086705,-0.118862,0.138677,-0.461894,-1.399720,0.161361,1.319717,-0.137178,-0.115359,-0.203472
-0.088468,0.614800,0.751476,0.017052,0.022561,0.642779,0.765529,-0.228697,0.529688,0.136771,0.627083,-0.221261,-0.014501,-0.291310,-0.211793,-0.291811,0.854783,-0.760487,-0.012581,-0.069282,-0.107280,0.009570,0.213553,1.147599,0.364578,1.390366,0.061310,-0.112230,0.154391,-0.425902,-1.376034,0.166104,1.289988,-0.107871,-0.112019,-0.205167
-0.083777,0.617820,0.755595,0.018332,0.020547,0.637150,0.770248,-0.216503,0.496222,0.127057,0.681424,-0.267479,0.004582,-0.263662,-0.186898,-0.276603,0.811351,-0.746322,-0.008046,-0.041666,-0.072869,0.013191,0.060217,1.014496,0.196399,1.399106,0.033847,-0.105433,0.161592,-0.378391,-1.341059,0.159432,1.261772,-0.078600,-0.106736,-0.202960
-0.080510,0.619635,0.758350,0.019516,0.016193,0.632037,0.774523,-0.217488,0.458245,0.106582,0.767095,-0.310587,0.022598,-0.239766,-0.160710,-0.254405,0.778260,-0.729496,-0.005670,-0.013524,-0.060483,0.023813,-0.011426,0.890012,0.085198,1.414296,0.002387,-0.098854,0.138794,-0.306337,-1.263949,0.128547,1.236479,-0.050152,-0.096084,-0.188368
-0.079126,0.620975,0.760035,0.020838,0.011098,0.627525,0.778239,-0.232461,0.407418,0.079196,0.865750,-0.344107,0.041411,-0.220112,-0.138344,-0.229187,0.756625,-0.712672,-0.006459,0.005343,-0.056029,0.036640,-0.025472,0.766430,0.010981,1.413224,-0.024391,-0.092933,0.102030,-0.241980,-1.158718,0.113523,1.209244,-0.026325,-0.082684,-0.164559
-0.079535,0.620887,0.761039,0.022234,0.005182,0.623577,0.781429,-0.260942,0.340543,0.053358,0.961489,-0.365731,0.062001,-0.203912,-0.119839,-0.204187,0.741959,-0.696964,-0.008660,0.023214,-0.046442,0.051990,-0.003928,0.635318,-0.043497,1.400628,-0.040510,-0.089225,0.062207,-0.194319,-1.043275,0.125205,1.184190,-0.008213,-0.068462,-0.134194
-0.081733,0.618828,0.761776,0.023636,-0.001630,0.620154,0.784122,-0.301011,0.259165,0.034936,1.044643,-0.376206,0.083716,-0.190605,-0.103371,-0.180854,0.729279,-0.681848,-0.010841,0.049292,-0.030927,0.071102,0.040263,0.496569,-0.087585,1.389967,-0.043473,-0.088955,0.019074,-0.156355,-0.924535,0.153564,1.168129,0.003563,-0.054930,-0.099698
-0.085831,0.616273,0.762707,0.024181,-0.008332,0.617422,0.786217,-0.347949,0.167740,0.024370,1.102946,-0.377544,0.104088,-0.179917,-0.090452,-0.161148,0.716622,-0.667058,-0.013198,0.076399,-0.016591,0.090343,0.087768,0.363266,-0.133596,1.375926,-0.031121,-0.092287,-0.028955,-0.130934,-0.804060,0.197260,1.160402,0.005794,-0.044769,-0.066022
-0.089812,0.613414,0.764388,0.025316,-0.014151,0.614830,0.788127,-0.397486,0.076669,0.023877,1.124037,-0.374865,0.117243,-0.168285,-0.082432,-0.148794,0.700620,-0.652887,-0.011333,0.104713,-0.004445,0.110935,0.128750,0.254404,-0.183023,1.356669,-0.003896,-0.101183,-0.080205,-0.118055,-0.696142,0.246275,1.156738,-0.003558,-0.038671,-0.035311
-0.092311,0.610739,0.767185,0.026993,-0.019001,0.612542,0.789749,-0.446715,-0.003131,0.032933,1.108834,-0.367788,0.121045,-0.152999,-0.078393,-0.144169,0.677596,-0.640269,-0.006032,0.133426,0.004843,0.134683,0.165007,0.175801,-0.226013,1.335426,0.028699,-0.114293,-0.130646,-0.115489,-0.604694,0.291151,1.155529,-0.020662,-0.037012,-0.011512
-0.092838,0.608761,0.771033,0.029163,-0.022794,0.610721,0.790980,-0.494644,-0.062644,0.047594,1.066261,-0.353775,0.115604,-0.131509,-0.075203,-0.147066,0.644465,-0.630152,-0.000381,0.159247,0.012217,0.160916,0.198929,0.125033,-0.255288,1.315963,0.057825,-0.128154,-0.175366,-0.119000,-0.528774,0.327016,1.155128,-0.038758,-0.039665,0.003807
-0.091558,0.607559,0.775459,0.031683,-0.026931,0.610307,0.791073,-0.544463,-0.097315,0.062657,1.005176,-0.333171,0.101157,-0.100908,-0.070192,-0.157701,0.600248,-0.623033,0.004780,0.179340,0.020453,0.186969,0.224529,0.101384,-0.274735,1.299832,0.082678,-0.139710,-0.208647,-0.122764,-0.472015,0.353879,1.150410,-0.052241,-0.044896,0.014130
-0.090465,0.607703,0.780137,0.035645,-0.031509,0.609718,0.791189,-0.607683,-0.112484,0.075857,0.938357,-0.306349,0.082857,-0.062775,-0.067029,-0.167070,0.549316,-0.619298,0.006345,0.194833,0.024800,0.214090,0.235490,0.103149,-0.283599,1.291072,0.097613,-0.145703,-0.222017,-0.122238,-0.430983,0.374954,1.136867,-0.056354,-0.048827,0.018529
-0.089831,0.606824,0.784877,0.041353,-0.036836,0.609234,0.791054,-0.682112,-0.115298,0.088429,0.882430,-0.277806,0.066521,-0.021595,-0.065644,-0.171408,0.498422,-0.616917,0.003322,0.206300,0.025045,0.241787,0.231700,0.119835,-0.286144,1.289171,0.104061,-0.147294,-0.217672,-0.117589,-0.398716,0.392864,1.116745,-0.050728,-0.050855,0.017762
-0.089664,0.603373,0.789445,0.049110,-0.043219,0.609117,0.790377,-0.761007,-0.110009,0.101673,0.861489,-0.253894,0.055314,0.017871,-0.065910,-0.171233,0.453618,-0.613505,-0.002486,0.213671,0.021811,0.267821,0.215479,0.144460,-0.288941,1.290328,0.106721,-0.146437,-0.199988,-0.110819,-0.372468,0.410372,1.093276,-0.037973,-0.051640,0.012568
-0.091000,0.599333,0.793548,0.058964,-0.048887,0.608767,0.789643,-0.844706,-0.098016,0.115120,0.903382,-0.239649,0.049011,0.052406,-0.072010,-0.166685,0.417839,-0.608867,-0.008242,0.217562,0.011446,0.290286,0.188246,0.180811,-0.295034,1.291258,0.106786,-0.142266,-0.168700,-0.102425,-0.355798,0.430655,1.065646,-0.021429,-0.049685,0.002971
-0.092029,0.593698,0.797256,0.070039,-0.052198,0.608371,0.788831,-0.926867,-0.084092,0.131353,1.014900,-0.239271,0.047431,0.079586,-0.084172,-0.160528,0.390052,-0.603902,-0.013166,0.218986,-0.005978,0.308191,0.157080,0.220919,-0.304768,1.290074,0.105196,-0.135825,-0.136259,-0.093006,-0.345431,0.452379,1.036740,-0.005715,-0.042688,-0.002838
-0.091387,0.586924,0.800695,0.080901,-0.052462,0.608451,0.787712,-0.999979,-0.068740,0.149289,1.179259,-0.246813,0.046778,0.096436,-0.100044,-0.155977,0.368474,-0.597120,-0.016790,0.217892,-0.029955,0.320724,0.127169,0.261406,-0.315201,1.286556,0.101179,-0.130394,-0.109815,-0.083652,-0.339193,0.471980,1.009030,0.005900,-0.033134,-0.003556
-0.089278,0.580167,0.803820,0.090118,-0.048993,0.609549,0.786084,-1.056271,-0.049805,0.165848,1.371067,-0.257609,0.045722,0.100731,-0.116301,-0.157642,0.352538,-0.587141,-0.018630,0.212660,-0.057165,0.325636,0.102206,0.300513,-0.325131,1.281785,0.096245,-0.128092,-0.090264,-0.073622,-0.336175,0.487972,0.984806,0.011885,-0.025026,-0.001435
-0.087038,0.573732,0.806354,0.093386,-0.042167,0.613193,0.783259,-1.089968,-0.027188,0.179339,1.567093,-0.276285,0.048722,0.092999,-0.130203,-0.169679,0.342463,-0.575453,-0.018722,0.201831,-0.081264,0.320322,0.085824,0.332880,-0.336892,1.277489,0.095417,-0.127477,-0.077020,-0.059789,-0.334891,0.502546,0.966274,0.011969,-0.019100,0.003803
-0.085633,0.569257,0.807984,0.092771,-0.034158,0.616767,0.780913,-1.106300,-0.004400,0.187863,1.734693,-0.297393,0.053644,0.077040,-0.141293,-0.185408,0.335408,-0.563620,-0.018364,0.189236,-0.103070,0.308797,0.077350,0.359630,-0.346152,1.275241,0.097247,-0.126870,-0.067483,-0.042435,-0.335600,0.515552,0.950994,0.006948,-0.013785,0.008667
-0.085379,0.566573,0.808531,0.088174,-0.025633,0.620264,0.779000,-1.097637,0.015301,0.188655,1.857253,-0.318251,0.058440,0.053936,-0.147579,-0.200769,0.333437,-0.550321,-0.018989,0.175341,-0.119933,0.290733,0.076936,0.377927,-0.352774,1.275554,0.102612,-0.126104,-0.061331,-0.022644,-0.337242,0.525778,0.940131,-0.001925,-0.010647,0.011583
-0.086164,0.565845,0.807827,0.079498,-0.017256,0.623657,0.777454,-1.060596,0.030561,0.179516,1.936070,-0.338551,0.062498,0.023879,-0.147221,-0.216085,0.337555,-0.533613,-0.020737,0.158973,-0.128825,0.264344,0.083494,0.386001,-0.357694,1.277277,0.111891,-0.125872,-0.057276,-0.001351,-0.336968,0.531874,0.934056,-0.012238,-0.010766,0.012219
-0.087532,0.569167,0.805674,0.064283,-0.008173,0.626457,0.776758,-1.008312,0.042202,0.161244,1.977581,-0.354228,0.065882,-0.010383,-0.141025,-0.232040,0.344170,-0.514190,-0.023091,0.141845,-0.130893,0.232060,0.092748,0.388228,-0.358353,1.278554,0.120994,-0.125716,-0.051755,0.020652,-0.332794,0.533051,0.928904,-0.020588,-0.011177,0.010244
-0.088173,0.575600,0.802212,0.048800,-0.000609,0.627518,0.777071,-0.932434,0.052543,0.139932,1.972498,-0.355069,0.070113,-0.044603,-0.130829,-0.245413,0.360117,-0.495631,-0.029515,0.128082,-0.125001,0.197951,0.103080,0.384408,-0.355390,1.280640,0.126966,-0.121786,-0.048815,0.042568,-0.329668,0.530063,0.927432,-0.025594,-0.010481,0.009388
-0.087009,0.583068,0.797440,0.034298,0.004570,0.627117,0.778156,-0.830457,0.063917,0.121887,1.902867,-0.343152,0.076129,-0.076219,-0.116010,-0.252211,0.389371,-0.481014,-0.037975,0.118296,-0.111357,0.166326,0.114207,0.374288,-0.348576,1.282779,0.124035,-0.115056,-0.051668,0.062060,-0.330245,0.523873,0.928958,-0.023103,-0.009131,0.013324
-0.084051,0.589732,0.791547,0.022028,0.006497,0.625574,0.779827,-0.708586,0.076586,0.110502,1.768724,-0.330206,0.086093,-0.102936,-0.096482,-0.251544,0.430454,-0.474219,-0.045310,0.110913,-0.091138,0.140773,0.125430,0.358320,-0.339265,1.283684,0.109559,-0.108259,-0.059421,0.077509,-0.333217,0.515599,0.934174,-0.011956,-0.007947,0.021874
-0.080452,0.594404,0.785253,0.015461,0.002284,0.624134,0.781161,-0.576094,0.087698,0.105516,1.597027,-0.326899,0.102688,-0.121427,-0.075543,-0.246352,0.478543,-0.480030,-0.052152,0.105016,-0.065660,0.123355,0.134457,0.337052,-0.332073,1.284028,0.087942,-0.101548,-0.067447,0.089232,-0.335705,0.506800,0.949590,0.001836,-0.007214,0.030189
-0.077048,0.595843,0.779339,0.013185,-0.004795,0.623895,0.781383,-0.447312,0.093502,0.105801,1.395565,-0.335702,0.119724,-0.130716,-0.056212,-0.237089,0.526235,-0.497009,-0.055326,0.099339,-0.038962,0.114017,0.137636,0.312111,-0.327974,1.284236,0.060148,-0.096534,-0.070274,0.094895,-0.336646,0.499107,0.975545,0.015040,-0.008208,0.033991
-0.075220,0.593924,0.774790,0.014337,-0.013292,0.625492,0.779985,-0.330649,0.092010,0.111786,1.185402,-0.358111,0.132296,-0.131220,-0.042957,-0.226706,0.564051,-0.520504,-0.053315,0.091903,-0.016085,0.110451,0.132145,0.286164,-0.327487,1.283783,0.030316,-0.094128,-0.064714,0.092730,-0.335027,0.493528,1.009075,0.024116,-0.011565,0.029587
-0.075797,0.589468,0.772368,0.018057,-0.021764,0.629548,0.776446,-0.233737,0.083427,0.121173,0.994074,-0.391714,0.138792,-0.125740,-0.038140,-0.220310,0.584166,-0.543048,-0.047269,0.080682,-0.000434,0.108519,0.117152,0.263105,-0.331171,1.282324,0.005662,-0.094134,-0.051201,0.083307,-0.328989,0.489832,1.045221,0.025819,-0.016151,0.016060
-0.078061,0.583729,0.772229,0.021227,-0.026243,0.637364,0.769823,-0.165596,0.069576,0.127516,0.836426,-0.425272,0.139061,-0.118572,-0.040023,-0.222218,0.584341,-0.556108,-0.039345,0.065906,0.007930,0.104584,0.094450,0.247832,-0.339673,1.278644,-0.008526,-0.095884,-0.033050,0.069739,-0.318673,0.487380,1.076464,0.020388,-0.019599,-0.003180
-0.081030,0.578332,0.774231,0.024357,-0.028041,0.645784,0.762616,-0.117433,0.053105,0.131253,0.711538,-0.442047,0.133171,-0.108766,-0.049284,-0.232901,0.568695,-0.557701,-0.030166,0.054039,0.011082,0.100949,0.068636,0.244357,-0.355661,1.264492,-0.016364,-0.099050,-0.012717,0.056043,-0.314613,0.488633,1.091711,0.015348,-0.021745,-0.023283
-0.083371,0.573733,0.777527,0.027324,-0.027845,0.654277,0.755248,-0.081458,0.037740,0.134079,0.610642,-0.440835,0.124764,-0.097223,-0.061865,-0.247906,0.543928,-0.547361,-0.019237,0.046208,0.011868,0.098177,0.045259,0.251059,-0.378364,1.239782,-0.020538,-0.102740,0.005911,0.045863,-0.318706,0.493096,1.088273,0.018214,-0.021987,-0.041145
-0.084641,0.569411,0.781097,0.030008,-0.026340,0.662322,0.748155,-0.055174,0.025693,0.136789,0.529949,-0.426719,0.116362,-0.085276,-0.072909,-0.262977,0.514546,-0.524731,-0.006515,0.040965,0.013086,0.096281,0.028451,0.266150,-0.407644,1.207128,-0.022771,-0.106568,0.018931,0.041005,-0.332096,0.499792,1.066542,0.034974,-0.019098,-0.052217
-0.085948,0.564713,0.784343,0.032214,-0.025244,0.669236,0.741922,-0.037907,0.016021,0.139219,0.473682,-0.399396,0.105626,-0.072485,-0.081873,-0.277945,0.481795,-0.490323,0.007184,0.039088,0.016875,0.096598,0.019518,0.291786,-0.446651,1.165163,-0.027091,-0.111432,0.025269,0.040343,-0.364020,0.510177,1.024252,0.068813,-0.012339,-0.049989
-0.087842,0.559484,0.786852,0.033991,-0.025035,0.674844,0.736752,-0.026238,0.008138,0.140825,0.431864,-0.365420,0.091821,-0.061298,-0.088681,-0.292061,0.451323,-0.446975,0.022984,0.038617,0.024082,0.096325,0.018237,0.325401,-0.491767,1.119663,-0.037180,-0.117676,0.028328,0.040251,-0.415302,0.523280,0.966666,0.113853,-0.002815,-0.037007
-0.090240,0.554455,0.788551,0.035306,-0.025425,0.679204,0.732659,-0.017231,0.002811,0.144491,0.398677,-0.332071,0.074583,-0.052574,-0.094251,-0.305510,0.426078,-0.400970,0.040330,0.038487,0.033454,0.093849,0.023194,0.362942,-0.535577,1.076710,-0.053629,-0.125711,0.031034,0.037837,-0.480063,0.537153,0.901162,0.161650,0.006552,-0.017514
-0.092908,0.550525,0.789548,0.036123,-0.026124,0.682368,0.729648,-0.009768,0.000212,0.151788,0.373668,-0.304673,0.055594,-0.046534,-0.099265,-0.317241,0.407323,-0.359514,0.057123,0.038274,0.043204,0.089164,0.032588,0.399666,-0.571084,1.040714,-0.074823,-0.134689,0.033393,0.032217,-0.548311,0.549205,0.836748,0.204118,0.013990,0.004453
-0.095671,0.548085,0.789951,0.035996,-0.026507,0.683975,0.728134,-0.004361,-0.001339,0.159218,0.356430,-0.286006,0.039278,-0.044305,-0.103356,-0.324424,0.396735,-0.328098,0.071255,0.037533,0.052478,0.082603,0.044931,0.431036,-0.594976,1.013160,-0.099047,-0.142457,0.033686,0.024585,-0.609631,0.557069,0.782559,0.235317,0.020286,0.024529
-0.097784,0.547430,0.789933,0.035271,-0.025960,0.685109,0.727123,-0.001695,-0.002551,0.165049,0.345685,-0.276229,0.027995,-0.045188,-0.107130,-0.329004,0.392522,-0.310896,0.081366,0.038131,0.060344,0.075077,0.058801,0.456496,-0.607943,0.988440,-0.125507,-0.150067,0.034504,0.017344,-0.659215,0.561631,0.739488,0.254423,0.024173,0.038438
-0.098932,0.548628,0.789696,0.034026,-0.024614,0.685918,0.726466,-0.001113,-0.003859,0.167779,0.339442,-0.276448,0.024466,-0.048758,-0.110036,-0.329530,0.393853,-0.308327,0.087397,0.039855,0.065904,0.067160,0.071763,0.472507,-0.609238,0.968077,-0.149051,-0.156131,0.034830,0.013197,-0.689063,0.560929,0.714261,0.262263,0.026091,0.042413
-0.099404,0.551078,0.789463,0.032339,-0.022600,0.686548,0.726013,-0.000835,-0.005422,0.167753,0.334995,-0.286846,0.030112,-0.053983,-0.111265,-0.324040,0.399292,-0.317643,0.089372,0.041183,0.069283,0.059756,0.082725,0.475500,-0.600987,0.955326,-0.166561,-0.158402,0.032037,0.014339,-0.695612,0.554416,0.710943,0.264064,0.028006,0.036159
-0.099598,0.553603,0.789402,0.030901,-0.020529,0.687910,0.724847,0.000047,-0.007316,0.167180,0.330751,-0.304369,0.043164,-0.059121,-0.111545,-0.314878,0.406106,-0.335265,0.086716,0.041733,0.071318,0.054448,0.092339,0.466851,-0.590331,0.947990,-0.178371,-0.157352,0.026733,0.020406,-0.684603,0.546510,0.723912,0.265029,0.030559,0.022430
-0.099083,0.555950,0.789395,0.030113,-0.017958,0.689556,0.723383,-0.002198,-0.010889,0.163384,0.331781,-0.325117,0.060821,-0.066101,-0.113333,-0.305816,0.417180,-0.359752,0.080382,0.042822,0.069857,0.051659,0.096259,0.451641,-0.577400,0.947080,-0.169384,-0.156237,0.023202,0.024531,-0.653817,0.538245,0.756189,0.246603,0.029096,-0.002607
-0.098044,0.557528,0.789183,0.030128,-0.015387,0.691212,0.721860,-0.008826,-0.015883,0.156216,0.341688,-0.347561,0.079751,-0.074844,-0.116846,-0.297414,0.432999,-0.388553,0.071770,0.044209,0.063784,0.052321,0.093285,0.432323,-0.560765,0.955638,-0.139342,-0.156729,0.025499,0.023506,-0.605538,0.530850,0.805170,0.204398,0.020551,-0.038080
-0.097020,0.557880,0.788542,0.031096,-0.013315,0.692609,0.720519,-0.018665,-0.021175,0.147461,0.360251,-0.371604,0.097631,-0.084066,-0.121065,-0.289020,0.452303,-0.418609,0.061856,0.044923,0.054106,0.056949,0.085590,0.410190,-0.540926,0.973912,-0.097952,-0.158661,0.034541,0.017634,-0.547243,0.525530,0.863890,0.146640,0.006064,-0.079024
-0.096277,0.557385,0.787445,0.032727,-0.012503,0.693776,0.719338,-0.030277,-0.026037,0.138260,0.384213,-0.396761,0.113573,-0.093439,-0.125531,-0.281630,0.474415,-0.447493,0.051316,0.044707,0.043091,0.064371,0.075832,0.388124,-0.520688,0.997295,-0.051674,-0.161274,0.047618,0.007570,-0.487339,0.522167,0.925993,0.081726,-0.010180,-0.120112
-0.096127,0.556595,0.786149,0.033829,-0.012588,0.694324,0.718757,-0.041465,-0.028942,0.130548,0.408829,-0.421999,0.125074,-0.102041,-0.128964,-0.276204,0.496086,-0.471637,0.042386,0.042797,0.032289,0.072553,0.065896,0.368527,-0.501656,1.023064,-0.008464,-0.163844,0.062325,-0.004984,-0.433100,0.520174,0.982242,0.022222,-0.025900,-0.154168
-0.096981,0.555412,0.785087,0.034079,-0.013401,0.694146,0.718902,-0.050141,-0.029350,0.125947,0.426735,-0.443238,0.131411,-0.109676,-0.129989,-0.271928,0.512369,-0.485950,0.037385,0.038236,0.022732,0.080050,0.058524,0.352709,-0.485158,1.047666,0.021948,-0.166153,0.075806,-0.016677,-0.391453,0.519706,1.024447,-0.019270,-0.038809,-0.177783
-0.098788,0.553845,0.784602,0.033151,-0.014776,0.693128,0.719900,-0.055021,-0.027364,0.125487,0.433234,-0.456501,0.133286,-0.116389,-0.128003,-0.267413,0.520366,-0.487329,0.037096,0.030223,0.015036,0.086149,0.056656,0.340219,-0.473309,1.068466,0.033153,-0.167957,0.085286,-0.023002,-0.366046,0.521688,1.048644,-0.035679,-0.047515,-0.191797
-0.100756,0.552688,0.784765,0.030723,-0.015880,0.691014,0.722013,-0.055983,-0.023104,0.129412,0.429628,-0.460766,0.131286,-0.122027,-0.123588,-0.262577,0.521381,-0.477155,0.040498,0.018616,0.009204,0.090358,0.061632,0.330043,-0.468610,1.084367,0.027872,-0.169185,0.089311,-0.020868,-0.354714,0.527337,1.056361,-0.030988,-0.052779,-0.199446
-0.102362,0.552470,0.785541,0.027484,-0.016157,0.687972,0.725036,-0.053755,-0.017624,0.136318,0.416046,-0.454872,0.125741,-0.127587,-0.117777,-0.258880,0.516880,-0.457710,0.047381,0.004735,0.004139,0.091857,0.071615,0.325515,-0.470438,1.089864,0.018702,-0.172246,0.088726,-0.014038,-0.352295,0.537505,1.052252,-0.022473,-0.056217,-0.204157
-0.103764,0.552812,0.786685,0.023964,-0.016082,0.684084,0.728832,-0.049013,-0.011820,0.144604,0.396566,-0.441380,0.117843,-0.132537,-0.110997,-0.254708,0.508517,-0.431826,0.056461,-0.010085,-0.000984,0.091682,0.085464,0.326135,-0.475405,1.086425,0.009024,-0.176961,0.083974,-0.004174,-0.355954,0.551739,1.039575,-0.017957,-0.059066,-0.206658
-0.105056,0.553205,0.787889,0.020692,-0.016129,0.679433,0.733269,-0.042077,-0.006026,0.153475,0.376421,-0.424574,0.108942,-0.135507,-0.103639,-0.248694,0.498617,-0.403248,0.065678,-0.024824,-0.005839,0.090993,0.102669,0.330553,-0.481755,1.077039,-0.002513,-0.182035,0.075825,0.008041,-0.365106,0.568261,1.021022,-0.016774,-0.060764,-0.206184
-0.105776,0.553894,0.788937,0.018574,-0.016781,0.674867,0.737515,-0.033003,-0.000097,0.163049,0.357849,-0.407788,0.099565,-0.135762,-0.096457,-0.242848,0.489485,-0.376420,0.073429,-0.038476,-0.009313,0.089303,0.122025,0.340287,-0.490937,1.060257,-0.013595,-0.187406,0.065757,0.020131,-0.378830,0.584390,1.000497,-0.017032,-0.059317,-0.202053
-0.106031,0.555526,0.789658,0.016761,-0.017544,0.670189,0.741794,-0.022052,0.006113,0.173074,0.341420,-0.394898,0.089668,-0.133061,-0.089183,-0.237458,0.480220,-0.354471,0.079397,-0.049599,-0.012041,0.086602,0.141659,0.353826,-0.499598,1.039674,-0.024401,-0.192123,0.052431,0.031760,-0.393213,0.597339,0.981583,-0.013927,-0.055807,-0.192469
-0.105890,0.557869,0.790060,0.015261,-0.018259,0.665407,0.746102,-0.009714,0.012148,0.183761,0.325520,-0.385473,0.078999,-0.128323,-0.081872,-0.232347,0.469719,-0.337630,0.083905,-0.057947,-0.014981,0.083135,0.160854,0.370508,-0.505664,1.015795,-0.035833,-0.196987,0.035627,0.043318,-0.406928,0.606299,0.963535,-0.006520,-0.052222,-0.177763
-0.105326,0.560280,0.790272,0.014080,-0.018770,0.660525,0.750437,0.002651,0.017381,0.194779,0.310828,-0.378203,0.068616,-0.122911,-0.075176,-0.227329,0.458896,-0.325289,0.087251,-0.063524,-0.018751,0.079455,0.178849,0.389404,-0.509307,0.989328,-0.047558,-0.202736,0.016961,0.055067,-0.419469,0.611766,0.946097,0.002615,-0.050094,-0.160545
-0.104370,0.562543,0.790371,0.013820,-0.019123,0.655577,0.754760,0.013363,0.021682,0.205013,0.301389,-0.374494,0.060904,-0.117643,-0.069731,-0.222248,0.450284,-0.317846,0.089459,-0.065864,-0.023336,0.076102,0.193971,0.408212,-0.511303,0.964366,-0.057944,-0.208232,-0.001018,0.066964,-0.429100,0.614534,0.932518,0.010274,-0.049746,-0.143848
-0.103123,0.564822,0.790186,0.013936,-0.019419,0.650365,0.759245,0.023866,0.025478,0.215562,0.293955,-0.374190,0.055437,-0.112661,-0.064930,-0.217189,0.443124,-0.314730,0.090837,-0.066258,-0.027846,0.072172,0.206362,0.427211,-0.511395,0.939947,-0.067303,-0.213154,-0.015929,0.079092,-0.437156,0.616432,0.920636,0.013923,-0.049928,-0.128272
-0.101988,0.566786,0.789732,0.014582,-0.019793,0.645101,0.763702,0.033585,0.028187,0.225411,0.289494,-0.377161,0.053357,-0.108162,-0.061120,-0.211163,0.437956,-0.315850,0.091170,-0.065236,-0.032399,0.068130,0.215819,0.444054,-0.510094,0.920579,-0.071569,-0.216254,-0.026373,0.091431,-0.441631,0.618062,0.911587,0.011704,-0.050383,-0.115976
-0.101127,0.568265,0.789165,0.015912,-0.020376,0.639999,0.767941,0.041416,0.029516,0.233814,0.290643,-0.383769,0.055584,-0.103924,-0.058734,-0.203292,0.435380,-0.321827,0.090286,-0.063717,-0.037378,0.064538,0.221661,0.455917,-0.508439,0.911842,-0.066372,-0.216965,-0.030675,0.103371,-0.439265,0.619207,0.907641,0.002921,-0.051674,-0.109839
-0.100189,0.569911,0.788547,0.018013,-0.021065,0.635318,0.771753,0.047751,0.030412,0.242104,0.297647,-0.394478,0.060726,-0.099048,-0.057112,-0.193393,0.434338,-0.333625,0.088471,-0.063604,-0.042652,0.060844,0.223069,0.461700,-0.506305,0.916379,-0.051289,-0.215932,-0.026384,0.113170,-0.428969,0.620094,0.909282,-0.011874,-0.053878,-0.111297
-0.099406,0.572327,0.787704,0.020354,-0.022066,0.630454,0.775646,0.051160,0.030637,0.247859,0.315062,-0.409221,0.068754,-0.093353,-0.055718,-0.179103,0.435588,-0.351984,0.085270,-0.063849,-0.049139,0.058226,0.218143,0.457155,-0.500402,0.944524,-0.024202,-0.210232,-0.013552,0.117532,-0.409629,0.621584,0.921611,-0.032365,-0.055681,-0.120236
-0.098958,0.575552,0.786305,0.022608,-0.023775,0.625184,0.779787,0.052322,0.031935,0.251508,0.343314,-0.429565,0.080041,-0.087541,-0.052774,-0.160541,0.441408,-0.374767,0.081047,-0.066089,-0.056444,0.056808,0.203412,0.440184,-0.492469,0.993520,0.014358,-0.200948,0.004100,0.111442,-0.383036,0.623026,0.947446,-0.059069,-0.056372,-0.134294
-0.098935,0.578952,0.784359,0.024447,-0.026586,0.619277,0.784341,0.051960,0.036126,0.254767,0.379454,-0.455660,0.094260,-0.083090,-0.046741,-0.139213,0.453047,-0.398833,0.076650,-0.071753,-0.063574,0.056168,0.176474,0.412266,-0.485118,1.054120,0.057687,-0.190438,0.021825,0.092202,-0.352702,0.623900,0.986269,-0.090730,-0.055668,-0.148862
-0.099446,0.581526,0.782428,0.025188,-0.030762,0.612525,0.789451,0.049238,0.042993,0.257804,0.419557,-0.484177,0.109682,-0.081660,-0.037871,-0.117007,0.469443,-0.421494,0.073114,-0.079108,-0.069995,0.056749,0.136954,0.377878,-0.477638,1.118193,0.094523,-0.179322,0.037315,0.061645,-0.322415,0.624127,1.034911,-0.122127,-0.053273,-0.159476
-0.100440,0.582734,0.780834,0.025141,-0.035912,0.605386,0.794724,0.047125,0.052724,0.262030,0.455406,-0.513287,0.123437,-0.083724,-0.027064,-0.100661,0.490517,-0.436446,0.073307,-0.088826,-0.074553,0.059709,0.080956,0.343544,-0.473750,1.162004,0.120082,-0.172738,0.052227,0.020320,-0.298708,0.617966,1.085024,-0.145855,-0.050033,-0.168391
-0.102402,0.581381,0.780010,0.024556,-0.041766,0.597866,0.800130,0.047816,0.063225,0.267579,0.478503,-0.537155,0.134114,-0.091022,-0.016716,-0.093996,0.514879,-0.432834,0.080342,-0.100927,-0.078359,0.065747,0.004552,0.316934,-0.475823,1.164449,0.125984,-0.171183,0.068923,-0.029365,-0.292820,0.598987,1.115653,-0.151836,-0.047422,-0.178583
-0.105187,0.577157,0.780159,0.023688,-0.048051,0.589973,0.805644,0.051633,0.072383,0.273571,0.483691,-0.550284,0.140047,-0.105934,-0.009030,-0.096589,0.541431,-0.406965,0.096517,-0.115564,-0.083429,0.074000,-0.091049,0.303455,-0.481699,1.113077,0.106844,-0.176067,0.091181,-0.082721,-0.314194,0.563525,1.104680,-0.135749,-0.048991,-0.193659
-0.107283,0.571883,0.781057,0.021653,-0.052220,0.582203,0.811076,0.057111,0.080518,0.278575,0.472346,-0.552404,0.138375,-0.130737,-0.005036,-0.105653,0.571929,-0.367781,0.122635,-0.134009,-0.090737,0.081759,-0.199835,0.303364,-0.485165,1.007109,0.070025,-0.192908,0.125908,-0.136008,-0.365968,0.511679,1.042491,-0.105901,-0.059459,-0.220128
-0.108029,0.567197,0.782825,0.018383,-0.054408,0.575203,0.815993,0.060216,0.088123,0.279048,0.454310,-0.544481,0.130079,-0.169187,-0.007493,-0.118435,0.610863,-0.316979,0.157222,-0.155734,-0.101046,0.086286,-0.323422,0.312802,-0.481975,0.866099,0.033332,-0.215114,0.181435,-0.193538,-0.451802,0.445074,0.932698,-0.076404,-0.076751,-0.267071
-0.108490,0.563372,0.785347,0.013740,-0.055106,0.568988,0.820382,0.058495,0.096089,0.275166,0.436935,-0.531307,0.119502,-0.219936,-0.016303,-0.132722,0.658596,-0.261383,0.193977,-0.178080,-0.112136,0.087550,-0.453987,0.325862,-0.475498,0.715382,0.007829,-0.237747,0.250586,-0.255067,-0.560391,0.370315,0.798411,-0.056227,-0.096085,-0.330722
-0.109062,0.560423,0.788233,0.007585,-0.054806,0.563566,0.824216,0.051318,0.106007,0.269688,0.424387,-0.518514,0.109935,-0.279334,-0.030041,-0.146826,0.712478,-0.209704,0.225661,-0.198338,-0.121149,0.086415,-0.579902,0.337824,-0.469235,0.577563,-0.002457,-0.257522,0.321737,-0.317445,-0.675815,0.297477,0.665398,-0.051057,-0.113303,-0.401095
-0.108281,0.558917,0.790987,-0.000601,-0.053135,0.559098,0.827397,0.039135,0.120086,0.264862,0.419933,-0.510216,0.101358,-0.344891,-0.048698,-0.160066,0.769377,-0.165215,0.248494,-0.215462,-0.126947,0.083105,-0.696935,0.346576,-0.461986,0.466747,0.004663,-0.270191,0.391498,-0.380372,-0.789980,0.235219,0.547704,-0.065363,-0.126069,-0.473004
-0.107152,0.558088,0.793098,-0.009642,-0.052564,0.555203,0.829996,0.024204,0.140072,0.261856,0.424529,-0.513112,0.096271,-0.411094,-0.072710,-0.174146,0.823979,-0.126656,0.261357,-0.228754,-0.127619,0.080475,-0.807657,0.349050,-0.460348,0.383053,0.029484,-0.276522,0.453649,-0.446017,-0.894212,0.184006,0.460152,-0.093224,-0.131873,-0.544517
-0.106161,0.556614,0.794682,-0.018800,-0.053262,0.551889,0.832003,0.008088,0.164139,0.259947,0.436552,-0.526548,0.095814,-0.473329,-0.101714,-0.187269,0.873546,-0.089348,0.265713,-0.237379,-0.123694,0.081046,-0.914693,0.345910,-0.464629,0.322043,0.058652,-0.274197,0.503471,-0.512967,-0.988317,0.142640,0.399398,-0.123307,-0.129493,-0.610973
-0.105106,0.554129,0.795997,-0.027337,-0.055400,0.549175,0.833421,-0.007941,0.189751,0.257671,0.453703,-0.547320,0.099159,-0.527644,-0.132893,-0.195408,0.917843,-0.053304,0.264769,-0.241299,-0.116729,0.085121,-1.014031,0.338974,-0.471095,0.277372,0.077725,-0.264774,0.539475,-0.576256,-1.072647,0.110844,0.354049,-0.146913,-0.121410,-0.667125
-0.103650,0.551735,0.796935,-0.034830,-0.058960,0.546807,0.834453,-0.022465,0.216446,0.253890,0.474738,-0.575181,0.104348,-0.570708,-0.161223,-0.196223,0.957429,-0.025206,0.262341,-0.242082,-0.107382,0.090406,-1.096485,0.328299,-0.477828,0.241753,0.085069,-0.257624,0.563822,-0.631135,-1.142550,0.088639,0.318294,-0.163069,-0.113303,-0.711492
-0.100623,0.549721,0.797531,-0.041245,-0.062433,0.545676,0.834649,-0.036237,0.242654,0.246971,0.498713,-0.605384,0.108981,-0.603947,-0.184256,-0.191408,0.992968,-0.000915,0.261551,-0.241751,-0.096876,0.094027,-1.165565,0.315881,-0.481613,0.211732,0.083800,-0.252276,0.582214,-0.678315,-1.203713,0.073410,0.284568,-0.174080,-0.106428,-0.746763
-0.097254,0.547772,0.797746,-0.046711,-0.065914,0.545591,0.834149,-0.050489,0.266275,0.236771,0.524545,-0.634382,0.113530,-0.624971,-0.198951,-0.183230,1.022618,0.017550,0.261865,-0.239483,-0.084020,0.096630,-1.214383,0.303373,-0.481723,0.191766,0.074526,-0.248383,0.591152,-0.712636,-1.246636,0.064747,0.256806,-0.179078,-0.100615,-0.769027
-0.094361,0.546116,0.797539,-0.051354,-0.069497,0.546356,0.833083,-0.063915,0.286320,0.223810,0.550202,-0.660475,0.119037,-0.629440,-0.202641,-0.173992,1.044808,0.027546,0.261800,-0.234862,-0.068711,0.099861,-1.231645,0.291815,-0.478714,0.183840,0.057555,-0.247890,0.586766,-0.723576,-1.259857,0.059905,0.236898,-0.177113,-0.097446,-0.774725
-0.089944,0.545864,0.796882,-0.054480,-0.072702,0.547591,0.831799,-0.072804,0.303466,0.207907,0.573408,-0.683040,0.124711,-0.615569,-0.195234,-0.165764,1.059535,0.033075,0.261787,-0.230077,-0.054368,0.103249,-1.214723,0.281767,-0.473230,0.181630,0.035576,-0.252460,0.573168,-0.702222,-1.245571,0.051295,0.215233,-0.170047,-0.100309,-0.767657
-0.083691,0.546755,0.795312,-0.055761,-0.075125,0.549679,0.830120,-0.078945,0.317124,0.188543,0.595999,-0.703802,0.130872,-0.583528,-0.179721,-0.157656,1.061923,0.031869,0.261820,-0.223504,-0.041827,0.106371,-1.167339,0.272295,-0.469796,0.188784,0.009093,-0.259711,0.548589,-0.649835,-1.200762,0.038111,0.197095,-0.155995,-0.107866,-0.748396
-0.076137,0.547662,0.792451,-0.054091,-0.076798,0.553402,0.827600,-0.083770,0.322456,0.165564,0.621270,-0.722201,0.138862,-0.531989,-0.163131,-0.146589,1.051974,0.015294,0.261769,-0.212012,-0.034617,0.111486,-1.091278,0.264048,-0.472674,0.215379,-0.020041,-0.265046,0.509756,-0.568911,-1.119994,0.025036,0.192599,-0.129886,-0.115040,-0.714506
-0.068306,0.548355,0.788218,-0.048361,-0.077752,0.559513,0.823748,-0.087748,0.316819,0.140361,0.650955,-0.739497,0.149515,-0.463722,-0.151368,-0.130484,1.033025,-0.022378,0.261800,-0.194183,-0.034996,0.119692,-0.992397,0.257269,-0.483432,0.261152,-0.048068,-0.267614,0.461188,-0.467511,-1.007429,0.016599,0.209851,-0.091586,-0.119482,-0.670043
-0.061398,0.549711,0.782900,-0.038681,-0.077610,0.567585,0.818735,-0.091440,0.303145,0.115614,0.684077,-0.759687,0.161745,-0.388370,-0.146513,-0.110781,1.006770,-0.078599,0.262545,-0.171307,-0.040345,0.128559,-0.885359,0.249892,-0.500684,0.312913,-0.069532,-0.271250,0.415813,-0.363289,-0.881242,0.014864,0.250862,-0.048224,-0.124062,-0.627664
-0.055755,0.549684,0.777164,-0.025288,-0.076646,0.577167,0.812628,-0.094772,0.278485,0.091910,0.719668,-0.775741,0.172936,-0.310484,-0.154755,-0.091232,0.972654,-0.153208,0.264458,-0.143212,-0.049746,0.138970,-0.781081,0.241097,-0.522453,0.382367,-0.076426,-0.271286,0.373544,-0.272486,-0.753060,0.027594,0.308414,0.001621,-0.125983,-0.586854
-0.051423,0.547408,0.770736,-0.009849,-0.074454,0.588944,0.804676,-0.101522,0.247772,0.075070,0.753448,-0.784766,0.183029,-0.236701,-0.175346,-0.077175,0.930686,-0.237246,0.263760,-0.109986,-0.059627,0.150988,-0.683251,0.232652,-0.543788,0.469652,-0.064941,-0.266202,0.335078,-0.206838,-0.626550,0.064544,0.370247,0.046353,-0.122915,-0.547778
-0.047571,0.542355,0.764089,0.005962,-0.070629,0.603596,0.794133,-0.117002,0.216314,0.065087,0.776067,-0.776257,0.185371,-0.174761,-0.202189,-0.073971,0.880976,-0.317709,0.256809,-0.071283,-0.064446,0.162780,-0.589873,0.230691,-0.555243,0.561838,-0.040403,-0.257671,0.302449,-0.168001,-0.509328,0.129123,0.420264,0.073994,-0.115763,-0.508482
-0.042303,0.533187,0.759478,0.017612,-0.061565,0.624089,0.778725,-0.144854,0.182981,0.052473,0.777724,-0.726472,0.165147,-0.130106,-0.230367,-0.085675,0.823784,-0.385293,0.244728,-0.025362,-0.059186,0.171164,-0.499028,0.245924,-0.543591,0.642226,-0.016380,-0.248089,0.279152,-0.150202,-0.419792,0.214722,0.441915,0.084823,-0.108802,-0.462321
-0.034619,0.520957,0.757538,0.025569,-0.047591,0.647695,0.759982,-0.188146,0.155819,0.047722,0.764430,-0.634443,0.126992,-0.105824,-0.259908,-0.114617,0.763802,-0.432545,0.230022,0.029201,-0.040851,0.172742,-0.418832,0.288287,-0.498026,0.688703,-0.002160,-0.244023,0.281320,-0.162248,-0.369690,0.315088,0.430045,0.070600,-0.107347,-0.413451
-0.025058,0.506343,0.758148,0.030560,-0.030311,0.672874,0.738504,-0.243287,0.136496,0.054143,0.746266,-0.516094,0.081274,-0.098263,-0.289567,-0.155275,0.707659,-0.459422,0.214260,0.088519,-0.014587,0.169442,-0.350756,0.353769,-0.425560,0.704376,-0.001233,-0.243889,0.303212,-0.196982,-0.350502,0.419564,0.392949,0.038345,-0.109139,-0.365129
-0.014804,0.490903,0.760601,0.033316,-0.011348,0.698189,0.715047,-0.304175,0.124721,0.068841,0.735332,-0.394811,0.036885,-0.102885,-0.317179,-0.199113,0.662565,-0.470188,0.200083,0.145842,0.013745,0.163919,-0.298678,0.433445,-0.337311,0.693429,-0.015134,-0.247159,0.336566,-0.245076,-0.354345,0.512005,0.337625,-0.001250,-0.112336,-0.323281
-0.005118,0.477598,0.763661,0.033254,0.006473,0.719757,0.693398,-0.366436,0.123773,0.090458,0.745613,-0.292640,0.000118,-0.118061,-0.342666,-0.239560,0.634493,-0.469980,0.192772,0.196038,0.043241,0.155476,-0.275745,0.523399,-0.235394,0.643942,-0.045184,-0.261195,0.390491,-0.311660,-0.386524,0.575384,0.259468,-0.046348,-0.121296,-0.299212
0.001456,0.465737,0.766338,0.034864,0.020473,0.736599,0.675120,-0.422539,0.128446,0.112439,0.785905,-0.223617,-0.021976,-0.135096,-0.369559,-0.267131,0.624159,-0.468436,0.196262,0.237182,0.067089,0.146853,-0.280464,0.615971,-0.129011,0.577887,-0.085303,-0.281692,0.459111,-0.393875,-0.428264,0.604644,0.158013,-0.083821,-0.131579,-0.294419
0.004211,0.455408,0.768008,0.038023,0.030719,0.749494,0.660204,-0.472208,0.139118,0.133745,0.858372,-0.199016,-0.024830,-0.150907,-0.398081,-0.277382,0.631557,-0.468720,0.207578,0.267946,0.081606,0.140106,-0.306263,0.710122,-0.026575,0.511924,-0.122839,-0.302102,0.537427,-0.489768,-0.459741,0.605720,0.038903,-0.115532,-0.137023,-0.308301
0.003782,0.446987,0.768428,0.042600,0.037286,0.759102,0.648505,-0.518702,0.155991,0.149316,0.952795,-0.210916,-0.015815,-0.167255,-0.425449,-0.271724,0.652423,-0.471067,0.221643,0.289488,0.087933,0.134651,-0.345932,0.809384,0.068015,0.452554,-0.147776,-0.316508,0.620429,-0.597479,-0.472175,0.589456,-0.087840,-0.146365,-0.134639,-0.335177
0.000653,0.439829,0.767478,0.045893,0.041492,0.765341,0.640644,-0.562311,0.173225,0.147049,1.047388,-0.228160,-0.013000,-0.185574,-0.449355,-0.255588,0.676840,-0.477159,0.236591,0.306619,0.089606,0.127883,-0.393006,0.915071,0.154897,0.401891,-0.159139,-0.321689,0.700888,-0.711847,-0.469650,0.565948,-0.209638,-0.170965,-0.126555,-0.363285
-0.004777,0.434317,0.764558,0.046973,0.045193,0.769734,0.635028,-0.601963,0.192953,0.137715,1.128956,-0.241558,-0.015430,-0.206150,-0.470544,-0.237468,0.700655,-0.482171,0.250180,0.322568,0.089044,0.118886,-0.443112,1.021625,0.233139,0.351180,-0.157489,-0.324148,0.781594,-0.826319,-0.460714,0.543569,-0.311691,-0.195780,-0.117913,-0.389588
-0.011200,0.430533,0.761153,0.045778,0.048193,0.772074,0.632047,-0.633643,0.215779,0.124467,1.186529,-0.249912,-0.022695,-0.228117,-0.484750,-0.221567,0.719735,-0.481000,0.259449,0.337368,0.086822,0.108255,-0.489085,1.113375,0.292985,0.308580,-0.146867,-0.323507,0.850099,-0.926378,-0.445674,0.527017,-0.381892,-0.218468,-0.107910,-0.410988
-0.016959,0.428699,0.758947,0.042245,0.050291,0.772127,0.632065,-0.652113,0.239015,0.104961,1.212314,-0.252274,-0.036169,-0.248540,-0.489194,-0.208927,0.730989,-0.473913,0.263027,0.350220,0.084194,0.097426,-0.522394,1.174878,0.327693,0.281706,-0.133877,-0.319222,0.892191,-0.996400,-0.425351,0.518232,-0.417731,-0.233171,-0.095295,-0.422485
-0.021288,0.429437,0.757750,0.038441,0.052287,0.770285,0.634389,-0.653054,0.258446,0.082402,1.203754,-0.247125,-0.053402,-0.262642,-0.488960,-0.199928,0.734051,-0.466674,0.262992,0.361312,0.083758,0.087863,-0.535825,1.199549,0.344002,0.258926,-0.126503,-0.318936,0.909308,-1.028431,-0.409525,0.518001,-0.428184,-0.240905,-0.083883,-0.419286
-0.025230,0.431786,0.757486,0.036520,0.053983,0.767802,0.637363,-0.633009,0.269436,0.061077,1.159439,-0.236557,-0.068518,-0.267563,-0.488385,-0.191873,0.727372,-0.460166,0.262973,0.368880,0.083522,0.080441,-0.523057,1.181789,0.349543,0.234049,-0.134650,-0.326246,0.904763,-1.021467,-0.403825,0.526595,-0.421227,-0.243543,-0.073993,-0.399544
-0.028722,0.435121,0.757957,0.037327,0.055146,0.764796,0.640822,-0.592643,0.270548,0.042185,1.085244,-0.223062,-0.077969,-0.262119,-0.491543,-0.183159,0.715887,-0.458392,0.262944,0.368584,0.082657,0.079166,-0.483481,1.123285,0.344607,0.209984,-0.156975,-0.337311,0.880374,-0.978341,-0.407991,0.546090,-0.393655,-0.242936,-0.063787,-0.363335
-0.031762,0.439345,0.758685,0.041707,0.055541,0.761367,0.644590,-0.536876,0.263270,0.024230,0.991638,-0.206930,-0.083030,-0.247290,-0.499930,-0.173489,0.704787,-0.465183,0.261792,0.358244,0.081667,0.086101,-0.424731,1.036116,0.327785,0.189977,-0.185611,-0.346945,0.839978,-0.910272,-0.418339,0.575843,-0.346138,-0.239637,-0.053634,-0.315143
-0.035574,0.444017,0.759039,0.048427,0.054163,0.758006,0.648189,-0.473087,0.250301,0.005172,0.889785,-0.187403,-0.088246,-0.226966,-0.510583,-0.162205,0.694341,-0.479612,0.259987,0.340240,0.080509,0.097657,-0.359791,0.937651,0.300854,0.172536,-0.216163,-0.353998,0.790347,-0.835175,-0.431005,0.611058,-0.291683,-0.233526,-0.047397,-0.263083
-0.039839,0.447240,0.758602,0.055273,0.050353,0.754043,0.652555,-0.408174,0.234556,-0.015742,0.793853,-0.171055,-0.094141,-0.207715,-0.518855,-0.146795,0.690401,-0.500472,0.255370,0.313906,0.078341,0.112557,-0.295232,0.832006,0.260045,0.164656,-0.251227,-0.356636,0.731540,-0.755744,-0.443679,0.654062,-0.226229,-0.228693,-0.044858,-0.207674
-0.044958,0.449052,0.756332,0.060811,0.043905,0.749155,0.658135,-0.349644,0.221119,-0.040499,0.717935,-0.167697,-0.100450,-0.193490,-0.519159,-0.125975,0.693487,-0.523290,0.248390,0.279929,0.075336,0.128691,-0.242723,0.723824,0.204537,0.179077,-0.294139,-0.351070,0.666731,-0.675967,-0.451830,0.701789,-0.141810,-0.221701,-0.045844,-0.150319
-0.051620,0.450640,0.751950,0.063604,0.034612,0.743002,0.665360,-0.301792,0.214792,-0.068375,0.671543,-0.187073,-0.104641,-0.184967,-0.507523,-0.098425,0.700669,-0.543727,0.242256,0.238119,0.072584,0.144112,-0.210403,0.619677,0.132966,0.220757,-0.336511,-0.334162,0.601525,-0.597482,-0.453520,0.741297,-0.033476,-0.204828,-0.048319,-0.100998
-0.060003,0.452396,0.747013,0.060994,0.021647,0.733976,0.676084,-0.263356,0.218223,-0.091671,0.654673,-0.234564,-0.101343,-0.181628,-0.483221,-0.063322,0.708870,-0.557915,0.240361,0.185604,0.070871,0.158359,-0.196632,0.524336,0.041246,0.277982,-0.358681,-0.307396,0.539138,-0.514787,-0.454194,0.751263,0.093061,-0.171202,-0.048905,-0.076940
-0.070842,0.453774,0.742920,0.053601,0.007930,0.722649,0.689088,-0.233514,0.235220,-0.098720,0.654300,-0.303323,-0.089222,-0.185206,-0.446635,-0.028740,0.709012,-0.550642,0.243035,0.123386,0.069179,0.169954,-0.208432,0.439658,-0.064538,0.334821,-0.363246,-0.279398,0.478293,-0.429427,-0.461777,0.710621,0.207203,-0.110789,-0.054067,-0.082870
-0.082393,0.455024,0.740567,0.042433,-0.005222,0.709232,0.703678,-0.210272,0.263946,-0.087452,0.656698,-0.377552,-0.071128,-0.196809,-0.403428,-0.003344,0.700510,-0.512322,0.248263,0.056816,0.067809,0.179959,-0.240989,0.366690,-0.175882,0.383459,-0.350909,-0.254026,0.421114,-0.343195,-0.477462,0.625457,0.296868,-0.031429,-0.063146,-0.114489
-0.092461,0.456114,0.740428,0.028509,-0.016488,0.694005,0.719217,-0.193364,0.300636,-0.062363,0.654888,-0.440070,-0.053459,-0.217469,-0.360781,0.007084,0.688527,-0.443622,0.254273,-0.007482,0.067589,0.189602,-0.287602,0.310294,-0.283716,0.416200,-0.322211,-0.233768,0.373744,-0.264957,-0.500328,0.511174,0.353478,0.054581,-0.074679,-0.167846
-0.100927,0.455655,0.742637,0.011824,-0.024055,0.677632,0.734912,-0.185073,0.343874,-0.027490,0.649869,-0.480212,-0.043015,-0.249764,-0.323273,0.000518,0.680136,-0.353598,0.260464,-0.064844,0.068010,0.197659,-0.349666,0.277882,-0.378523,0.420397,-0.285676,-0.224282,0.342030,-0.212525,-0.533508,0.375260,0.356134,0.142080,-0.093745,-0.241941
-0.108236,0.452728,0.746865,-0.004389,-0.029728,0.660071,0.750602,-0.181951,0.389437,0.013109,0.642868,-0.498489,-0.038884,-0.297505,-0.295797,-0.020862,0.693992,-0.256307,0.263505,-0.113105,0.067195,0.203514,-0.416381,0.263476,-0.453489,0.398596,-0.251036,-0.225945,0.324216,-0.189380,-0.580227,0.242807,0.312550,0.208034,-0.117814,-0.323334
-0.115207,0.447655,0.752415,-0.019582,-0.034195,0.642015,0.765679,-0.182228,0.431332,0.052058,0.635792,-0.501836,-0.038428,-0.359289,-0.281102,-0.051792,0.741056,-0.169020,0.263117,-0.151414,0.064449,0.207638,-0.484191,0.260194,-0.503456,0.362011,-0.223769,-0.233922,0.319315,-0.195584,-0.640300,0.129201,0.246502,0.237670,-0.141904,-0.402212
-0.123106,0.441911,0.758320,-0.033208,-0.038149,0.624217,0.779612,-0.184663,0.466590,0.083853,0.633498,-0.502429,-0.037743,-0.428344,-0.277718,-0.085016,0.821288,-0.107384,0.261800,-0.180924,0.060362,0.209666,-0.550079,0.263974,-0.530776,0.319905,-0.200357,-0.242753,0.326389,-0.225886,-0.710913,0.036622,0.181659,0.228638,-0.160143,-0.476892
-0.133201,0.437131,0.763474,-0.044880,-0.044134,0.607162,0.792081,-0.186325,0.496990,0.109172,0.641386,-0.513284,-0.031824,-0.496211,-0.280163,-0.113099,0.926308,-0.078261,0.261711,-0.204974,0.055746,0.207964,-0.605481,0.271952,-0.546664,0.273975,-0.171939,-0.250357,0.340617,-0.267217,-0.787723,-0.040293,0.128315,0.188657,-0.168105,-0.550047
-0.145060,0.433021,0.766933,-0.054703,-0.050457,0.592301,0.802272,-0.187112,0.520745,0.128723,0.652637,-0.533466,-0.020119,-0.558384,-0.283893,-0.132138,1.039595,-0.071930,0.261845,-0.225908,0.050461,0.204256,-0.657252,0.279382,-0.555399,0.226697,-0.145166,-0.256630,0.352759,-0.309745,-0.863071,-0.112018,0.079076,0.139901,-0.170522,-0.618880
-0.156759,0.430239,0.769060,-0.062165,-0.055982,0.580341,0.810065,-0.187630,0.534984,0.142310,0.663312,-0.557963,-0.004113,-0.609548,-0.287679,-0.143000,1.145079,-0.075702,0.261787,-0.241594,0.044170,0.198556,-0.702194,0.285387,-0.557634,0.185238,-0.122410,-0.259829,0.359449,-0.346647,-0.928934,-0.171777,0.036595,0.089879,-0.167272,-0.673765
-0.165755,0.429232,0.770499,-0.066757,-0.059575,0.571995,0.815362,-0.188094,0.538262,0.149070,0.672834,-0.579744,0.012831,-0.643277,-0.290084,-0.147305,1.228971,-0.082077,0.261800,-0.250881,0.035624,0.191129,-0.734658,0.290053,-0.555623,0.154222,-0.103954,-0.258711,0.360396,-0.373447,-0.980046,-0.212226,0.005063,0.043034,-0.157419,-0.707696
-0.170320,0.428954,0.771081,-0.066021,-0.059713,0.569089,0.817443,-0.188046,0.531947,0.148830,0.679950,-0.591817,0.026277,-0.655152,-0.286932,-0.144859,1.281261,-0.089669,0.261809,-0.257393,0.022786,0.184371,-0.758135,0.291694,-0.554523,0.130595,-0.093773,-0.254768,0.353517,-0.387766,-1.015981,-0.241429,-0.022121,0.012773,-0.145331,-0.722347
-0.171477,0.429441,0.770743,-0.062965,-0.058037,0.568361,0.818311,-0.186688,0.519405,0.144920,0.684312,-0.597340,0.035446,-0.647925,-0.276564,-0.138863,1.302465,-0.094810,0.261771,-0.261091,0.006209,0.177324,-0.771704,0.292946,-0.554619,0.113402,-0.089824,-0.249025,0.338676,-0.389429,-1.040585,-0.259499,-0.046662,-0.005411,-0.132692,-0.717339
-0.169798,0.430225,0.769329,-0.057735,-0.054965,0.569744,0.817947,-0.185106,0.501629,0.138652,0.687465,-0.597124,0.039319,-0.622992,-0.260849,-0.131430,1.295521,-0.102005,0.261857,-0.260557,-0.013757,0.169431,-0.778451,0.295192,-0.555090,0.101396,-0.086402,-0.242091,0.319548,-0.380244,-1.058652,-0.270606,-0.064850,-0.020624,-0.117557,-0.699260
-0.166048,0.430967,0.766734,-0.050475,-0.050912,0.573154,0.816305,-0.184550,0.482169,0.130330,0.693192,-0.593565,0.037280,-0.582230,-0.241303,-0.124148,1.265637,-0.117500,0.261800,-0.254945,-0.035714,0.160649,-0.781709,0.298271,-0.555622,0.093794,-0.079516,-0.234780,0.300496,-0.361828,-1.073761,-0.279324,-0.074074,-0.038504,-0.098984,-0.675569
-0.162265,0.432103,0.762980,-0.043113,-0.048671,0.577194,0.814014,-0.184808,0.467440,0.121356,0.705944,-0.594399,0.030763,-0.531026,-0.219050,-0.118436,1.220845,-0.142501,0.261416,-0.245047,-0.056834,0.151075,-0.780639,0.302285,-0.556844,0.090890,-0.069913,-0.228044,0.283247,-0.334905,-1.087174,-0.285007,-0.076616,-0.059063,-0.079810,-0.648203
-0.159673,0.433188,0.757776,-0.034011,-0.046825,0.582946,0.810447,-0.186620,0.449401,0.112138,0.725747,-0.599133,0.021958,-0.473399,-0.206184,-0.110986,1.165843,-0.182342,0.263752,-0.233198,-0.078362,0.143164,-0.777525,0.308180,-0.560584,0.090625,-0.058548,-0.221257,0.267998,-0.303572,-1.098459,-0.289326,-0.072125,-0.080289,-0.060711,-0.622239
-0.157647,0.434031,0.751273,-0.023690,-0.045291,0.589809,0.805924,-0.190978,0.428213,0.102664,0.751501,-0.603338,0.011251,-0.413984,-0.206820,-0.105626,1.105039,-0.237158,0.265702,-0.219671,-0.100658,0.136849,-0.775289,0.315993,-0.565713,0.092345,-0.045418,-0.214442,0.256275,-0.271935,-1.109820,-0.293998,-0.061576,-0.099400,-0.044189,-0.601761
-0.154822,0.433772,0.744469,-0.012673,-0.043987,0.597197,0.800787,-0.198584,0.408169,0.092244,0.780739,-0.601054,-0.003395,-0.357269,-0.216829,-0.106650,1.043306,-0.303283,0.261853,-0.204674,-0.122284,0.131761,-0.775881,0.325294,-0.570101,0.094841,-0.031420,-0.208074,0.249967,-0.243450,-1.124084,-0.300401,-0.048571,-0.114589,-0.032826,-0.588984
-0.150706,0.430627,0.738836,-0.001422,-0.043479,0.604631,0.795317,-0.209377,0.389480,0.079898,0.809089,-0.587597,-0.024626,-0.307111,-0.230204,-0.111330,0.985072,-0.375298,0.251326,-0.190406,-0.140921,0.129287,-0.780246,0.335287,-0.572991,0.095005,-0.019997,-0.202174,0.249690,-0.221365,-1.141842,-0.309644,-0.038076,-0.125953,-0.026686,-0.584853
-0.146317,0.425212,0.734665,0.007308,-0.043585,0.610428,0.790838,-0.221944,0.378105,0.067161,0.833296,-0.565802,-0.050522,-0.269366,-0.240976,-0.119359,0.932545,-0.439311,0.237466,-0.177708,-0.154099,0.127296,-0.789951,0.342274,-0.572490,0.093607,-0.015205,-0.196456,0.255388,-0.208253,-1.162806,-0.321175,-0.032523,-0.133810,-0.024985,-0.588939
-0.141815,0.418564,0.731931,0.013261,-0.044019,0.614477,0.787594,-0.235048,0.376640,0.056697,0.853454,-0.538784,-0.078332,-0.243724,-0.245014,-0.130606,0.886360,-0.487785,0.222787,-0.165920,-0.160845,0.123806,-0.803469,0.344023,-0.568693,0.091767,-0.016034,-0.191851,0.266791,-0.202966,-1.184329,-0.334042,-0.030457,-0.139116,-0.025309,-0.599322
-0.137900,0.411532,0.730665,0.016184,-0.044496,0.616650,0.785813,-0.245640,0.382838,0.049976,0.868340,-0.510990,-0.103591,-0.228870,-0.241598,-0.141963,0.848452,-0.515871,0.211296,-0.155797,-0.161525,0.119053,-0.819738,0.339009,-0.562414,0.091341,-0.020795,-0.189876,0.283426,-0.205347,-1.204497,-0.346471,-0.029290,-0.143110,-0.025886,-0.614257
-0.136842,0.405092,0.730819,0.014580,-0.045117,0.615541,0.786678,-0.248251,0.391991,0.046327,0.873461,-0.490377,-0.119763,-0.227395,-0.233467,-0.147362,0.823076,-0.517483,0.209888,-0.150281,-0.157285,0.114920,-0.840546,0.326022,-0.554277,0.094570,-0.030691,-0.191520,0.304166,-0.218483,-1.223862,-0.355724,-0.027913,-0.147361,-0.026807,-0.633111
-0.138947,0.400941,0.731753,0.010492,-0.045624,0.611921,0.789532,-0.240912,0.399877,0.045666,0.871041,-0.483754,-0.124154,-0.237204,-0.223146,-0.145137,0.811923,-0.498294,0.220058,-0.147993,-0.150099,0.110848,-0.863605,0.309301,-0.548497,0.098396,-0.042099,-0.197048,0.326308,-0.238693,-1.239832,-0.360317,-0.025246,-0.155162,-0.026012,-0.653987
-0.143290,0.400208,0.733296,0.003915,-0.046255,0.605832,0.794238,-0.223941,0.406267,0.047207,0.860679,-0.491124,-0.117096,-0.258427,-0.209904,-0.139247,0.818038,-0.458168,0.235858,-0.146923,-0.140491,0.107717,-0.890823,0.291240,-0.544842,0.103074,-0.051612,-0.204943,0.347856,-0.266573,-1.251883,-0.358673,-0.020041,-0.166090,-0.023165,-0.675196
-0.148239,0.401806,0.735354,-0.005153,-0.047244,0.597288,0.800618,-0.200163,0.414149,0.050187,0.841601,-0.508571,-0.101113,-0.291874,-0.190573,-0.134900,0.844206,-0.396976,0.249867,-0.146610,-0.127772,0.107455,-0.922987,0.273585,-0.541233,0.109649,-0.059491,-0.212977,0.368001,-0.302822,-1.258912,-0.349137,-0.011459,-0.174682,-0.020418,-0.694073
-0.152307,0.402864,0.737472,-0.016296,-0.050903,0.587151,0.807711,-0.174719,0.427007,0.054971,0.817432,-0.532811,-0.079889,-0.335376,-0.163572,-0.134350,0.889540,-0.324183,0.259220,-0.147979,-0.111105,0.110770,-0.954689,0.259274,-0.537508,0.116256,-0.068442,-0.219453,0.386885,-0.342476,-1.257332,-0.331569,-0.000274,-0.174237,-0.020680,-0.707407
-0.156009,0.403744,0.739848,-0.027817,-0.055839,0.577068,0.814310,-0.151965,0.445748,0.062563,0.793827,-0.561221,-0.056327,-0.384566,-0.135862,-0.138022,0.948389,-0.251943,0.264181,-0.150314,-0.090103,0.115612,-0.983432,0.247319,-0.531371,0.123215,-0.074812,-0.222741,0.405388,-0.381457,-1.248500,-0.310297,0.009904,-0.166897,-0.023881,-0.717597
-0.159129,0.403339,0.743069,-0.038424,-0.061701,0.568126,0.819726,-0.135528,0.468965,0.072708,0.774728,-0.589583,-0.033377,-0.433058,-0.114052,-0.144793,1.014749,-0.190157,0.264429,-0.154248,-0.066370,0.120945,-1.003620,0.238800,-0.523630,0.131007,-0.076555,-0.221972,0.422303,-0.413814,-1.230558,-0.287206,0.020737,-0.150499,-0.029518,-0.723185
-0.161570,0.400448,0.747184,-0.046826,-0.068145,0.561470,0.823356,-0.126889,0.490504,0.082894,0.761196,-0.613329,-0.012566,-0.473367,-0.105136,-0.150635,1.080884,-0.145220,0.261923,-0.161375,-0.044200,0.126860,-1.009072,0.234662,-0.517241,0.142604,-0.076538,-0.217964,0.433485,-0.432546,-1.200573,-0.262146,0.037942,-0.120767,-0.038200,-0.720704
-0.164267,0.396185,0.751225,-0.049406,-0.072940,0.560724,0.823303,-0.124634,0.501622,0.088935,0.752713,-0.630647,0.006350,-0.498589,-0.115426,-0.149144,1.136285,-0.121117,0.261649,-0.171764,-0.028722,0.133501,-0.997180,0.232834,-0.514819,0.163918,-0.080672,-0.212779,0.433357,-0.431410,-1.157941,-0.236438,0.066360,-0.077516,-0.050960,-0.709130
-0.166645,0.392097,0.754381,-0.049187,-0.076864,0.562743,0.821579,-0.126768,0.504955,0.088308,0.751120,-0.645356,0.021089,-0.504819,-0.136786,-0.137704,1.173241,-0.121993,0.261860,-0.180859,-0.019664,0.141175,-0.967238,0.232409,-0.519137,0.196185,-0.089890,-0.206213,0.419667,-0.405501,-1.099513,-0.214583,0.107297,-0.023353,-0.065106,-0.688169
-0.168145,0.389478,0.756283,-0.045520,-0.079644,0.567674,0.818127,-0.128278,0.496965,0.079574,0.753206,-0.656971,0.030663,-0.489495,-0.164560,-0.115566,1.186302,-0.143139,0.261819,-0.185099,-0.018045,0.151737,-0.918059,0.232141,-0.531588,0.247219,-0.101375,-0.198296,0.391419,-0.359205,-1.018096,-0.190828,0.171940,0.040123,-0.076958,-0.655723
-0.168026,0.388470,0.756909,-0.037754,-0.081002,0.575613,0.812824,-0.125790,0.476257,0.064342,0.754565,-0.664579,0.037083,-0.454716,-0.195546,-0.086016,1.175233,-0.176610,0.261800,-0.183852,-0.024503,0.165773,-0.853267,0.231407,-0.549463,0.317523,-0.112895,-0.190553,0.352897,-0.301776,-0.914340,-0.159988,0.267778,0.110288,-0.085140,-0.614255
-0.165577,0.388105,0.756443,-0.026246,-0.080895,0.586051,0.805799,-0.120328,0.450775,0.046985,0.754456,-0.671743,0.043289,-0.407908,-0.223861,-0.055905,1.144869,-0.219918,0.261535,-0.178127,-0.036445,0.180908,-0.782904,0.231059,-0.565726,0.393181,-0.122875,-0.185500,0.314868,-0.241770,-0.802182,-0.125669,0.383847,0.179549,-0.091061,-0.572621
-0.162783,0.388718,0.755226,-0.012248,-0.079270,0.597541,0.797816,-0.109473,0.416733,0.027031,0.751243,-0.679250,0.045997,-0.352042,-0.252384,-0.025400,1.095235,-0.275416,0.263257,-0.166186,-0.051314,0.196530,-0.709541,0.231533,-0.575436,0.477674,-0.120237,-0.183521,0.283060,-0.190699,-0.687331,-0.079180,0.501467,0.233342,-0.092817,-0.529881
-0.159216,0.389957,0.752403,0.003548,-0.075419,0.611078,0.787961,-0.098634,0.374595,0.005785,0.741864,-0.680142,0.046345,-0.294291,-0.282863,0.002651,1.035892,-0.335012,0.265987,-0.146347,-0.065683,0.210962,-0.632698,0.236642,-0.573819,0.566632,-0.104296,-0.181366,0.261155,-0.157706,-0.574328,-0.010905,0.604141,0.256821,-0.085526,-0.486447
-0.152922,0.390006,0.747996,0.020447,-0.068630,0.627587,0.775246,-0.098428,0.329578,-0.014902,0.724488,-0.660957,0.041534,-0.244175,-0.314181,0.021018,0.977582,-0.390468,0.264531,-0.116810,-0.074414,0.222673,-0.552775,0.251092,-0.552058,0.648000,-0.090231,-0.176339,0.250083,-0.145526,-0.470112,0.083827,0.678856,0.243720,-0.068605,-0.439376
-0.143006,0.386247,0.744223,0.033494,-0.055300,0.650943,0.756369,-0.117621,0.287012,-0.033653,0.703450,-0.609692,0.020494,-0.208594,-0.344884,0.022215,0.922483,-0.444017,0.253288,-0.075153,-0.071481,0.231529,-0.474599,0.278024,-0.497075,0.708640,-0.100888,-0.171091,0.250275,-0.151769,-0.384987,0.202148,0.715392,0.199082,-0.049608,-0.379849
-0.129721,0.377793,0.741808,0.043331,-0.038534,0.676932,0.733758,-0.159988,0.252899,-0.042726,0.694491,-0.532221,-0.012705,-0.190884,-0.375860,0.006934,0.874624,-0.494121,0.235309,-0.020851,-0.054477,0.236041,-0.410086,0.321998,-0.403289,0.729970,-0.143106,-0.173308,0.272711,-0.179224,-0.331409,0.331850,0.709937,0.127223,-0.033772,-0.311893
-0.113765,0.365368,0.741010,0.050697,-0.019733,0.703726,0.708386,-0.218457,0.228059,-0.040094,0.702466,-0.437753,-0.050944,-0.187434,-0.406691,-0.019810,0.836262,-0.535216,0.214069,0.040091,-0.027600,0.237505,-0.359185,0.377542,-0.285782,0.717082,-0.210702,-0.183829,0.310487,-0.220382,-0.305252,0.460296,0.677849,0.044020,-0.023206,-0.240724
-0.096879,0.350719,0.741728,0.056345,-0.000319,0.729686,0.681457,-0.285104,0.213407,-0.025766,0.730289,-0.340801,-0.086902,-0.193425,-0.436064,-0.053419,0.808229,-0.561648,0.193829,0.099259,0.003292,0.236627,-0.323609,0.438767,-0.162434,0.676817,-0.290644,-0.201823,0.356624,-0.268368,-0.302680,0.572308,0.626171,-0.033265,-0.018557,-0.176650
-0.082051,0.335924,0.743423,0.058928,0.016429,0.749677,0.658971,-0.357463,0.212250,0.002220,0.787691,-0.263163,-0.112950,-0.206259,-0.464017,-0.090680,0.790324,-0.571989,0.181829,0.150729,0.034842,0.231053,-0.316554,0.508858,-0.039354,0.601675,-0.366235,-0.230022,0.420632,-0.327601,-0.331035,0.651397,0.537130,-0.096718,-0.020516,-0.136608
-0.071391,0.322823,0.745866,0.062343,0.029951,0.764909,0.640414,-0.422923,0.216321,0.037022,0.868968,-0.217566,-0.125549,-0.216063,-0.493284,-0.122791,0.777694,-0.570319,0.184534,0.189612,0.061471,0.222215,-0.332023,0.588389,0.067671,0.515119,-0.414325,-0.263390,0.496375,-0.397281,-0.372889,0.698342,0.414895,-0.137516,-0.028812,-0.124051
-0.064978,0.313907,0.748807,0.065965,0.040459,0.776101,0.625842,-0.480034,0.224584,0.072342,0.965375,-0.204132,-0.123207,-0.220464,-0.521183,-0.143716,0.769759,-0.555131,0.200781,0.216102,0.079727,0.209964,-0.364117,0.679607,0.148650,0.435370,-0.425101,-0.292931,0.576785,-0.480287,-0.411166,0.715980,0.268046,-0.159799,-0.035631,-0.139665
-0.061862,0.309816,0.751728,0.069157,0.048172,0.783863,0.615187,-0.533959,0.241029,0.102033,1.066988,-0.211948,-0.112981,-0.223250,-0.542357,-0.154573,0.766151,-0.528237,0.222592,0.234457,0.090673,0.193756,-0.408448,0.783643,0.205079,0.369740,-0.405856,-0.311397,0.655690,-0.579566,-0.434440,0.710443,0.107802,-0.170395,-0.035722,-0.177717
-0.061253,0.307987,0.753685,0.067868,0.053499,0.788841,0.608491,-0.585800,0.266142,0.119571,1.162819,-0.225434,-0.110153,-0.227971,-0.554509,-0.161658,0.762588,-0.501220,0.240933,0.249911,0.098674,0.174792,-0.458752,0.896351,0.246925,0.320099,-0.373751,-0.318174,0.727166,-0.691779,-0.436601,0.694330,-0.048089,-0.169485,-0.034010,-0.223217
-0.062269,0.307369,0.753445,0.064282,0.057756,0.791887,0.604523,-0.635003,0.296678,0.126947,1.248478,-0.237546,-0.114693,-0.236991,-0.559287,-0.165179,0.759635,-0.476696,0.254696,0.265864,0.104571,0.153313,-0.512401,1.009015,0.280917,0.280449,-0.339853,-0.320162,0.793296,-0.808625,-0.425205,0.676082,-0.179478,-0.166906,-0.031255,-0.266932
-0.064326,0.308060,0.751949,0.058606,0.060608,0.792805,0.603616,-0.676453,0.330730,0.123688,1.314287,-0.243766,-0.125107,-0.250601,-0.555447,-0.165291,0.759002,-0.454157,0.262431,0.281844,0.108229,0.130961,-0.560967,1.105972,0.302978,0.253563,-0.310253,-0.318261,0.844451,-0.915062,-0.403320,0.659569,-0.272463,-0.164041,-0.027950,-0.302474
-0.067103,0.309966,0.750672,0.051047,0.061719,0.791364,0.606076,-0.705058,0.364606,0.110269,1.353411,-0.241750,-0.140324,-0.267378,-0.543598,-0.162987,0.761064,-0.433902,0.263956,0.296535,0.109961,0.110333,-0.595629,1.173342,0.311481,0.241517,-0.290014,-0.313275,0.873424,-0.998588,-0.374782,0.647534,-0.328743,-0.159834,-0.023900,-0.325403
-0.070300,0.312142,0.749591,0.044260,0.061286,0.787545,0.611602,-0.719192,0.390876,0.092798,1.369571,-0.233304,-0.156313,-0.284399,-0.530330,-0.158663,0.764597,-0.418849,0.263075,0.309749,0.110963,0.093497,-0.613542,1.207213,0.316244,0.235339,-0.283152,-0.312174,0.888738,-1.055325,-0.350443,0.643080,-0.364082,-0.158559,-0.018090,-0.334615
-0.073451,0.314249,0.748372,0.040219,0.059916,0.783570,0.617098,-0.714193,0.406957,0.075489,1.363294,-0.224192,-0.165436,-0.296362,-0.519407,-0.151523,0.769450,-0.414613,0.262100,0.317556,0.112944,0.081416,-0.611203,1.208612,0.318788,0.229311,-0.283920,-0.315880,0.891757,-1.078333,-0.333398,0.644189,-0.381856,-0.156884,-0.013887,-0.334356
-0.076545,0.316339,0.746701,0.039575,0.057578,0.779529,0.622457,-0.686810,0.411515,0.061869,1.334151,-0.218292,-0.162639,-0.299995,-0.513491,-0.139104,0.775851,-0.423599,0.261751,0.316556,0.114842,0.076562,-0.586494,1.175941,0.319706,0.224166,-0.294992,-0.321819,0.879896,-1.065157,-0.329009,0.647571,-0.383252,-0.154512,-0.008729,-0.321542
-0.080201,0.318182,0.744445,0.042983,0.054239,0.775491,0.627554,-0.639327,0.405608,0.054301,1.286580,-0.217022,-0.148412,-0.295387,-0.514336,-0.120459,0.784281,-0.444390,0.261816,0.305493,0.115266,0.079927,-0.541233,1.113867,0.318985,0.220283,-0.317763,-0.327109,0.853653,-1.023172,-0.338409,0.652062,-0.372511,-0.152602,-0.000413,-0.296172
-0.085215,0.319194,0.741452,0.050473,0.049423,0.772754,0.630763,-0.579297,0.392820,0.052277,1.229165,-0.221420,-0.128062,-0.284617,-0.521815,-0.098002,0.795080,-0.473527,0.261860,0.284954,0.115055,0.089112,-0.482158,1.037154,0.313486,0.214308,-0.343707,-0.330048,0.818523,-0.965787,-0.354530,0.659431,-0.355054,-0.149561,0.006900,-0.268154
-0.091295,0.319901,0.736795,0.059095,0.043608,0.770578,0.633100,-0.510744,0.372147,0.050632,1.158532,-0.234735,-0.105988,-0.267930,-0.532708,-0.072791,0.806687,-0.507066,0.261756,0.256018,0.114448,0.104140,-0.418111,0.948166,0.297137,0.211723,-0.375571,-0.328345,0.774120,-0.892652,-0.380525,0.670450,-0.327462,-0.144412,0.013606,-0.234168
-0.098581,0.320319,0.731389,0.067405,0.036591,0.768240,0.635551,-0.439671,0.345184,0.043597,1.078380,-0.259558,-0.086701,-0.249629,-0.541584,-0.045449,0.816896,-0.536923,0.261614,0.221794,0.113498,0.122551,-0.356454,0.849704,0.264422,0.221256,-0.412878,-0.320071,0.719966,-0.806491,-0.415699,0.686734,-0.284197,-0.137960,0.016412,-0.192946
-0.107309,0.319952,0.727276,0.073957,0.028168,0.765029,0.639115,-0.372505,0.316648,0.029988,0.994694,-0.296905,-0.071761,-0.233683,-0.542261,-0.016884,0.821180,-0.554344,0.261546,0.184664,0.112272,0.140570,-0.302935,0.748214,0.207575,0.249558,-0.443242,-0.303844,0.654507,-0.712946,-0.453678,0.708170,-0.212648,-0.134897,0.012974,-0.147691
-0.117454,0.318467,0.725836,0.073735,0.018121,0.760780,0.644553,-0.313565,0.292518,0.015238,0.909009,-0.347099,-0.057296,-0.220647,-0.530239,0.011055,0.813012,-0.552392,0.261519,0.143652,0.110805,0.155850,-0.265008,0.651057,0.117006,0.295835,-0.445721,-0.279887,0.575455,-0.614885,-0.488016,0.726427,-0.096765,-0.138985,0.006673,-0.104319
-0.129953,0.316164,0.727034,0.067735,0.008107,0.754675,0.652543,-0.267526,0.279433,0.005087,0.831227,-0.411491,-0.038046,-0.217079,-0.506687,0.034657,0.791786,-0.520666,0.261538,0.096988,0.109035,0.167235,-0.257211,0.562185,-0.004547,0.346605,-0.414122,-0.253291,0.489928,-0.513298,-0.520024,0.717845,0.049682,-0.134401,-0.001641,-0.073589
-0.143458,0.313789,0.730546,0.057544,-0.001257,0.746953,0.662381,-0.232923,0.277697,0.003956,0.765029,-0.481241,-0.013337,-0.223603,-0.476158,0.050660,0.761835,-0.463717,0.261604,0.047627,0.107201,0.175191,-0.273806,0.483774,-0.141239,0.393543,-0.359955,-0.226857,0.403281,-0.411218,-0.550651,0.681317,0.210340,-0.119959,-0.007632,-0.053649
-0.155857,0.311414,0.735938,0.044755,-0.009354,0.737875,0.673387,-0.208980,0.286497,0.013645,0.713945,-0.541581,0.012906,-0.239702,-0.441866,0.058990,0.732335,-0.391180,0.261717,-0.001350,0.104942,0.181452,-0.307851,0.420938,-0.273815,0.427707,-0.297347,-0.203714,0.326559,-0.318511,-0.581555,0.620030,0.358246,-0.095012,-0.009543,-0.048434
-0.166350,0.308123,0.742510,0.030192,-0.016071,0.728516,0.684174,-0.200061,0.308293,0.031977,0.686139,-0.581730,0.034885,-0.269010,-0.403765,0.061776,0.715899,-0.306611,0.261847,-0.050819,0.101268,0.188061,-0.368539,0.381598,-0.388658,0.434456,-0.232837,-0.189780,0.278605,-0.250113,-0.618380,0.521865,0.452468,-0.044796,-0.013176,-0.078447
-0.174085,0.304299,0.749433,0.016020,-0.022805,0.719075,0.694373,-0.201776,0.339608,0.052107,0.675737,-0.601670,0.048424,-0.308838,-0.364854,0.054665,0.722539,-0.221288,0.261845,-0.098781,0.097500,0.195825,-0.448619,0.363023,-0.476342,0.413463,-0.180954,-0.186051,0.258062,-0.209297,-0.668586,0.392846,0.482514,0.025871,-0.021773,-0.140122
-0.179924,0.300360,0.755953,0.002291,-0.030083,0.709156,0.704406,-0.208282,0.375882,0.068264,0.677178,-0.607463,0.052490,-0.358053,-0.327880,0.038553,0.759510,-0.144962,0.261791,-0.142274,0.093771,0.204301,-0.535184,0.356457,-0.533036,0.372644,-0.150938,-0.191056,0.261093,-0.197076,-0.735237,0.249334,0.455009,0.097710,-0.038389,-0.227376
-0.184798,0.296664,0.761004,-0.010944,-0.038432,0.698327,0.714663,-0.215310,0.414563,0.078926,0.685604,-0.606473,0.050180,-0.414956,-0.293353,0.017622,0.828218,-0.085899,0.261800,-0.179299,0.089663,0.211521,-0.618557,0.355876,-0.562939,0.321464,-0.134975,-0.200754,0.282350,-0.212260,-0.816564,0.109101,0.391528,0.146908,-0.061730,-0.334779
-0.188511,0.293767,0.763494,-0.024038,-0.047649,0.687119,0.724582,-0.220701,0.455484,0.086609,0.695089,-0.605180,0.047722,-0.474366,-0.260485,-0.005838,0.921352,-0.049900,0.261801,-0.209718,0.085922,0.214918,-0.695511,0.360630,-0.577628,0.266802,-0.112456,-0.209726,0.311575,-0.247854,-0.907003,-0.016627,0.323118,0.159123,-0.084194,-0.452893
-0.192685,0.292068,0.764460,-0.037117,-0.056769,0.675159,0.734548,-0.224472,0.497414,0.092656,0.706672,-0.611420,0.049017,-0.533500,-0.232553,-0.029567,1.024922,-0.028386,0.261799,-0.233935,0.084022,0.215012,-0.763828,0.362659,-0.586606,0.213708,-0.086049,-0.217919,0.339878,-0.291110,-0.996384,-0.128407,0.263115,0.147595,-0.102014,-0.568006
-0.196895,0.291494,0.764696,-0.048951,-0.065000,0.663129,0.744069,-0.225154,0.535069,0.097678,0.718447,-0.624751,0.053834,-0.587794,-0.213021,-0.052760,1.128082,-0.019999,0.261800,-0.247925,0.083974,0.211006,-0.814756,0.361051,-0.588477,0.169131,-0.063027,-0.223316,0.362656,-0.334940,-1.073705,-0.211921,0.219347,0.115192,-0.110930,-0.662976
-0.199706,0.291559,0.764445,-0.058313,-0.071557,0.651798,0.752754,-0.222448,0.563997,0.101668,0.728263,-0.640056,0.060536,-0.633149,-0.201518,-0.072655,1.222596,-0.024441,0.261800,-0.250547,0.084581,0.203487,-0.844788,0.357185,-0.581422,0.138053,-0.047703,-0.224132,0.379681,-0.374691,-1.132454,-0.258942,0.190643,0.069794,-0.110069,-0.729653
-0.200845,0.291567,0.763856,-0.063507,-0.075494,0.643193,0.759322,-0.219540,0.584900,0.103847,0.738133,-0.654412,0.068490,-0.668255,-0.193338,-0.084255,1.300621,-0.033538,0.261801,-0.248646,0.084745,0.196406,-0.862639,0.348429,-0.572289,0.119953,-0.040514,-0.222071,0.391580,-0.403671,-1.172440,-0.285593,0.166605,0.038557,-0.105059,-0.773877
-0.200750,0.290976,0.762914,-0.066233,-0.078171,0.636887,0.764119,-0.218109,0.598756,0.103027,0.748958,-0.667784,0.076078,-0.690032,-0.186793,-0.091134,1.358330,-0.044619,0.261798,-0.245161,0.084408,0.190307,-0.867148,0.338308,-0.564391,0.113886,-0.038507,-0.217952,0.391569,-0.420002,-1.191833,-0.297190,0.151683,0.026452,-0.100320,-0.793224
-0.199960,0.291019,0.761590,-0.066446,-0.079170,0.633122,0.767120,-0.216296,0.603049,0.100988,0.758756,-0.680520,0.083845,-0.692854,-0.185623,-0.094668,1.390944,-0.058079,0.261804,-0.241212,0.080609,0.185702,-0.854524,0.327138,-0.560603,0.122584,-0.042400,-0.212731,0.378029,-0.422015,-1.183308,-0.297234,0.150447,0.035936,-0.100256,-0.790279
-0.198703,0.292465,0.759912,-0.064098,-0.078070,0.632110,0.768267,-0.212885,0.597207,0.099888,0.766093,-0.692744,0.092423,-0.676650,-0.190639,-0.093537,1.398867,-0.075811,0.261800,-0.237136,0.071291,0.182700,-0.827673,0.315016,-0.561088,0.145385,-0.051134,-0.206997,0.355016,-0.411045,-1.148200,-0.290459,0.160747,0.061085,-0.104782,-0.773570
-0.196873,0.294244,0.757999,-0.059301,-0.074799,0.633653,0.767706,-0.209650,0.585706,0.099423,0.772400,-0.704187,0.100314,-0.648141,-0.196540,-0.087267,1.387529,-0.100611,0.261772,-0.232433,0.058368,0.180634,-0.796289,0.305314,-0.562712,0.175437,-0.058601,-0.200947,0.326668,-0.391893,-1.100112,-0.280586,0.177033,0.086365,-0.108779,-0.750146
-0.194698,0.297513,0.756069,-0.052047,-0.070707,0.637743,0.765229,-0.204138,0.567618,0.099358,0.777136,-0.713078,0.106697,-0.600080,-0.209238,-0.077559,1.344354,-0.135558,0.261908,-0.225399,0.041526,0.181652,-0.757523,0.296607,-0.567762,0.216468,-0.066615,-0.196930,0.291855,-0.361334,-1.030142,-0.265676,0.205325,0.122157,-0.115639,-0.715520
-0.192176,0.301817,0.754046,-0.041928,-0.065893,0.644036,0.760998,-0.193466,0.541548,0.099806,0.778733,-0.716391,0.110146,-0.533418,-0.231675,-0.066241,1.269598,-0.183249,0.261584,-0.213070,0.020773,0.185967,-0.713757,0.288772,-0.572887,0.273547,-0.072105,-0.194141,0.257846,-0.323009,-0.937740,-0.242440,0.248959,0.169490,-0.123625,-0.674645
-0.189101,0.306014,0.751486,-0.028538,-0.060455,0.652151,0.755135,-0.177520,0.507628,0.101383,0.774172,-0.713325,0.111022,-0.457710,-0.261960,-0.054366,1.172871,-0.241645,0.261800,-0.193298,-0.002283,0.191980,-0.666572,0.285490,-0.573498,0.344349,-0.071368,-0.190862,0.230709,-0.283831,-0.828973,-0.204424,0.306799,0.217773,-0.126413,-0.632195
-0.185172,0.310036,0.748129,-0.013359,-0.052665,0.663910,0.745836,-0.160992,0.468067,0.103608,0.760011,-0.702837,0.110006,-0.383314,-0.296420,-0.043859,1.061715,-0.302005,0.264766,-0.165117,-0.023822,0.197938,-0.610194,0.293396,-0.566370,0.416820,-0.067877,-0.187989,0.208108,-0.247781,-0.708744,-0.139369,0.375941,0.251474,-0.119212,-0.579478
-0.179697,0.313404,0.745383,0.000296,-0.043074,0.677611,0.734158,-0.153103,0.427903,0.100227,0.738166,-0.666975,0.095768,-0.318327,-0.330022,-0.042408,0.948076,-0.355274,0.264585,-0.124235,-0.037591,0.202029,-0.548294,0.317337,-0.534856,0.480000,-0.069230,-0.187373,0.199158,-0.222308,-0.593217,-0.033617,0.450771,0.244955,-0.102200,-0.506757
-0.171662,0.315997,0.744171,0.011958,-0.032080,0.692317,0.720780,-0.157777,0.390155,0.089818,0.712058,-0.597846,0.065071,-0.265901,-0.357900,-0.049787,0.843112,-0.395443,0.259046,-0.074985,-0.042259,0.204312,-0.482514,0.353614,-0.480911,0.530730,-0.080286,-0.187928,0.201021,-0.208084,-0.489467,0.102719,0.522992,0.206123,-0.080647,-0.419484
-0.160725,0.316982,0.744532,0.021157,-0.020085,0.707159,0.706452,-0.176808,0.359854,0.076405,0.688580,-0.504936,0.023407,-0.230138,-0.376245,-0.062768,0.760136,-0.420992,0.249075,-0.023121,-0.037870,0.205078,-0.419354,0.397285,-0.411723,0.563604,-0.105772,-0.189454,0.211120,-0.207063,-0.406189,0.248684,0.574932,0.148890,-0.059965,-0.331709
-0.147803,0.314723,0.746030,0.025964,-0.008438,0.720864,0.692538,-0.213314,0.344345,0.065479,0.679884,-0.409067,-0.021064,-0.216881,-0.385422,-0.082271,0.712562,-0.435287,0.235334,0.031768,-0.022760,0.204029,-0.374359,0.448525,-0.323271,0.566017,-0.150827,-0.196120,0.240435,-0.228096,-0.360499,0.390293,0.581688,0.067542,-0.042798,-0.254379
-0.133869,0.310542,0.748135,0.030738,0.002724,0.733777,0.678689,-0.263360,0.337782,0.060178,0.697947,-0.326891,-0.058566,-0.216198,-0.396878,-0.106616,0.693460,-0.445558,0.221303,0.085580,-0.001802,0.204268,-0.351045,0.503770,-0.222743,0.539972,-0.207999,-0.211235,0.292365,-0.269000,-0.345499,0.512211,0.539245,-0.015597,-0.034687,-0.194431
-0.120043,0.304838,0.750373,0.036069,0.012714,0.745607,0.665287,-0.321070,0.338229,0.063875,0.749561,-0.269306,-0.081833,-0.220195,-0.413135,-0.132254,0.694793,-0.458932,0.210819,0.134275,0.020720,0.206008,-0.349860,0.562155,-0.118674,0.495554,-0.261208,-0.232863,0.368337,-0.326984,-0.350179,0.602408,0.453630,-0.079370,-0.035229,-0.162539
-0.108064,0.297977,0.752363,0.042551,0.020845,0.756097,0.652742,-0.381812,0.344387,0.078710,0.834159,-0.245014,-0.086433,-0.225642,-0.433583,-0.154684,0.710720,-0.476976,0.207892,0.175201,0.041900,0.206556,-0.368184,0.627988,-0.019729,0.441622,-0.295363,-0.256036,0.464156,-0.400819,-0.362061,0.657498,0.337360,-0.117420,-0.038623,-0.164537
-0.099932,0.291679,0.753719,0.050259,0.027920,0.766324,0.639876,-0.443267,0.349959,0.102344,0.942923,-0.256465,-0.073135,-0.230588,-0.462384,-0.171289,0.734056,-0.493615,0.215048,0.207678,0.059409,0.203124,-0.398797,0.707314,0.066967,0.381802,-0.304629,-0.276397,0.568383,-0.487957,-0.367681,0.685843,0.209503,-0.140022,-0.038516,-0.191539
-0.095506,0.286552,0.753807,0.056721,0.034349,0.775752,0.627545,-0.504096,0.354096,0.125872,1.059404,-0.278213,-0.056969,-0.234143,-0.495093,-0.187500,0.755691,-0.502649,0.226694,0.235268,0.073827,0.195253,-0.435744,0.796273,0.146818,0.323311,-0.292318,-0.290808,0.675328,-0.580572,-0.367098,0.703561,0.092950,-0.166071,-0.032630,-0.225491
-0.093891,0.283179,0.752544,0.061434,0.039687,0.783716,0.616798,-0.561562,0.357621,0.142399,1.169696,-0.294094,-0.049180,-0.236757,-0.523403,-0.201103,0.772920,-0.500660,0.239137,0.256223,0.084498,0.183138,-0.474047,0.886351,0.211363,0.276793,-0.261886,-0.295064,0.771101,-0.670916,-0.359599,0.711937,0.002608,-0.191459,-0.022012,-0.260270
-0.094404,0.281778,0.750793,0.063903,0.043492,0.789609,0.608723,-0.612900,0.362728,0.150176,1.263224,-0.302595,-0.051793,-0.239322,-0.541767,-0.208545,0.785885,-0.487490,0.250356,0.270442,0.091108,0.167101,-0.510815,0.970175,0.253087,0.248051,-0.221598,-0.288423,0.845059,-0.754079,-0.343929,0.709565,-0.058379,-0.209323,-0.009265,-0.294472
-0.096671,0.281770,0.749934,0.062508,0.045470,0.792957,0.604355,-0.656977,0.372272,0.151180,1.332609,-0.307449,-0.060726,-0.242372,-0.550650,-0.213366,0.792738,-0.465711,0.257686,0.285184,0.095473,0.147872,-0.545166,1.044193,0.281247,0.233085,-0.185860,-0.276431,0.901292,-0.828283,-0.322936,0.706047,-0.096198,-0.230801,0.003481,-0.321356
-0.099456,0.282835,0.750081,0.059250,0.046702,0.794361,0.602743,-0.692754,0.384347,0.145460,1.379676,-0.308644,-0.074389,-0.246602,-0.551206,-0.217016,0.793543,-0.439443,0.261419,0.301588,0.098088,0.127104,-0.573711,1.105079,0.298506,0.227961,-0.156181,-0.262983,0.943430,-0.892315,-0.301968,0.705012,-0.117541,-0.256275,0.016263,-0.339865
-0.102083,0.284943,0.750958,0.054273,0.046933,0.793917,0.603778,-0.716939,0.399487,0.136416,1.404127,-0.305283,-0.087768,-0.251537,-0.542454,-0.220398,0.787916,-0.413295,0.262826,0.319367,0.099898,0.104537,-0.592593,1.152956,0.308391,0.229018,-0.130921,-0.250442,0.972919,-0.943695,-0.283923,0.706085,-0.129346,-0.280681,0.028192,-0.351976
-0.104866,0.287717,0.752229,0.047716,0.045907,0.791688,0.607326,-0.726852,0.417805,0.128217,1.405892,-0.299092,-0.096354,-0.255309,-0.525943,-0.223004,0.776817,-0.389907,0.262858,0.336723,0.102704,0.080620,-0.601571,1.190458,0.314619,0.233743,-0.109222,-0.240331,0.991873,-0.983737,-0.269037,0.708126,-0.136592,-0.301313,0.038394,-0.362314
-0.108569,0.290304,0.753529,0.041474,0.043033,0.789115,0.611332,-0.722118,0.435393,0.122162,1.388122,-0.294339,-0.100011,-0.255861,-0.507979,-0.222724,0.764162,-0.369451,0.262021,0.349931,0.108431,0.058718,-0.604069,1.220181,0.318299,0.241272,-0.090477,-0.233480,1.003548,-1.018666,-0.257124,0.710695,-0.140254,-0.320322,0.047403,-0.375664
-0.112907,0.292977,0.754541,0.035766,0.039207,0.786313,0.615544,-0.699276,0.449378,0.119094,1.347883,-0.290130,-0.096725,-0.253901,-0.489846,-0.220074,0.753317,-0.354539,0.261697,0.357945,0.117552,0.040752,-0.597283,1.243216,0.320733,0.250731,-0.071793,-0.229216,1.005126,-1.046412,-0.250409,0.712104,-0.138784,-0.335819,0.055363,-0.387382
-0.118199,0.296809,0.755067,0.030636,0.034936,0.783308,0.619895,-0.658718,0.455945,0.119406,1.281088,-0.284442,-0.090201,-0.249721,-0.473584,-0.214115,0.745294,-0.343973,0.261827,0.359609,0.129929,0.026355,-0.581398,1.262224,0.324039,0.264846,-0.053455,-0.226206,0.996777,-1.071043,-0.248643,0.712863,-0.132201,-0.347400,0.062181,-0.394112
-0.125536,0.302071,0.754812,0.026127,0.030725,0.780128,0.624319,-0.604032,0.451559,0.123552,1.185828,-0.277261,-0.084470,-0.243462,-0.462053,-0.205096,0.739443,-0.333300,0.261800,0.354384,0.145115,0.014616,-0.559322,1.280807,0.329013,0.284381,-0.036709,-0.223312,0.981035,-1.099135,-0.249673,0.715493,-0.121050,-0.354419,0.067216,-0.395172
-0.135808,0.307599,0.753656,0.021611,0.027002,0.777570,0.627845,-0.539951,0.435779,0.133276,1.065999,-0.271725,-0.077535,-0.236500,-0.456561,-0.196894,0.734626,-0.317716,0.261796,0.343417,0.162207,0.005171,-0.533856,1.301827,0.333691,0.305035,-0.020472,-0.219825,0.959741,-1.133046,-0.252245,0.722304,-0.104885,-0.354507,0.069586,-0.390560
-0.147907,0.313386,0.753061,0.016397,0.024100,0.775619,0.630528,-0.474813,0.413588,0.152819,0.936991,-0.271790,-0.066674,-0.231454,-0.455732,-0.191832,0.729427,-0.293746,0.261802,0.327636,0.179536,-0.004098,-0.509163,1.326973,0.336101,0.328405,-0.003540,-0.214510,0.935909,-1.175547,-0.257577,0.732446,-0.084642,-0.350300,0.070311,-0.381697
-0.160437,0.318779,0.753536,0.010481,0.021889,0.774035,0.632678,-0.416385,0.390342,0.179728,0.813975,-0.276537,-0.051792,-0.229425,-0.457371,-0.190723,0.723363,-0.266614,0.261799,0.310324,0.196465,-0.014655,-0.488130,1.354961,0.335396,0.352849,0.014898,-0.207340,0.914863,-1.221026,-0.263428,0.742483,-0.062587,-0.344248,0.070300,-0.373708
-0.172155,0.322513,0.754621,0.003860,0.020237,0.772568,0.634598,-0.370941,0.370947,0.208781,0.710572,-0.283005,-0.035278,-0.230219,-0.460798,-0.194887,0.716691,-0.241956,0.261800,0.294478,0.212531,-0.025336,-0.473292,1.384021,0.330868,0.375290,0.033792,-0.199688,0.900373,-1.263561,-0.267183,0.749674,-0.041122,-0.338513,0.070540,-0.371919
-0.182003,0.323862,0.755890,-0.002593,0.019065,0.771599,0.635818,-0.342683,0.359210,0.237017,0.639036,-0.289403,-0.020446,-0.233451,-0.466957,-0.205988,0.710445,-0.219517,0.261800,0.280708,0.226295,-0.032713,-0.467451,1.414256,0.321649,0.395416,0.050333,-0.193427,0.891653,-1.304119,-0.269589,0.753482,-0.022117,-0.334613,0.072095,-0.377966
-0.189644,0.324056,0.757473,-0.008397,0.018677,0.770540,0.637063,-0.330755,0.353587,0.258563,0.602750,-0.291127,-0.009795,-0.238603,-0.473289,-0.219985,0.707776,-0.205841,0.261800,0.271419,0.236160,-0.036063,-0.470050,1.445262,0.309725,0.413395,0.064523,-0.189218,0.887110,-1.339011,-0.270842,0.751103,-0.008139,-0.327911,0.073517,-0.390809
-0.195288,0.324095,0.758882,-0.013536,0.018939,0.769406,0.638335,-0.332495,0.351783,0.270412,0.593878,-0.283867,-0.006015,-0.244520,-0.476259,-0.233012,0.707800,-0.203477,0.261800,0.267326,0.240718,-0.036305,-0.478830,1.474435,0.298782,0.429972,0.076656,-0.186903,0.883984,-1.365918,-0.271190,0.742332,-0.000125,-0.319550,0.073638,-0.407575
-0.199653,0.324052,0.759514,-0.017998,0.019715,0.768216,0.639634,-0.344596,0.349925,0.269106,0.602624,-0.265447,-0.013525,-0.249897,-0.474666,-0.243114,0.708738,-0.209155,0.261800,0.268527,0.239637,-0.033751,-0.490762,1.498840,0.290664,0.444712,0.085635,-0.186106,0.881507,-1.385169,-0.271926,0.730340,0.003016,-0.311377,0.072437,-0.424903
-0.203593,0.323553,0.759316,-0.020247,0.020407,0.767851,0.639983,-0.363704,0.343771,0.250855,0.625539,-0.238702,-0.034951,-0.254164,-0.469932,-0.249196,0.711504,-0.217476,0.261799,0.275436,0.233905,-0.027881,-0.502767,1.517375,0.284185,0.455771,0.089470,-0.186474,0.881869,-1.398631,-0.275561,0.719215,0.002921,-0.300381,0.070341,-0.440164
-0.206882,0.323175,0.758034,-0.021549,0.020957,0.768441,0.639214,-0.388056,0.339123,0.226947,0.660888,-0.216863,-0.057686,-0.257961,-0.460272,-0.248844,0.715112,-0.227068,0.261802,0.284964,0.224045,-0.021798,-0.512889,1.529934,0.280860,0.464797,0.089078,-0.187141,0.883012,-1.408391,-0.283955,0.709076,-0.001487,-0.289008,0.066426,-0.451904
-0.209828,0.322816,0.754980,-0.021071,0.021521,0.769827,0.637541,-0.416770,0.338646,0.201508,0.709746,-0.207605,-0.075054,-0.259286,-0.452028,-0.244158,0.719086,-0.241136,0.261796,0.295820,0.210797,-0.015806,-0.518921,1.534259,0.279271,0.472234,0.083916,-0.187417,0.886504,-1.410543,-0.296408,0.700044,-0.009580,-0.279422,0.061326,-0.461564
-0.212225,0.322009,0.750321,-0.017979,0.022259,0.771841,0.635172,-0.447352,0.342616,0.175724,0.772631,-0.213305,-0.085082,-0.256995,-0.454040,-0.239679,0.725199,-0.263968,0.261800,0.308236,0.193976,-0.007737,-0.519063,1.529851,0.277210,0.477449,0.073945,-0.187325,0.895439,-1.400026,-0.312096,0.690646,-0.021036,-0.270888,0.056525,-0.470933
-0.212867,0.320460,0.745563,-0.009599,0.023617,0.773696,0.633044,-0.474613,0.352602,0.155920,0.845635,-0.234442,-0.083703,-0.253476,-0.468968,-0.237889,0.736756,-0.297187,0.261826,0.321521,0.172475,0.004401,-0.509739,1.519736,0.277596,0.478666,0.060624,-0.187825,0.909771,-1.374924,-0.332555,0.677154,-0.038631,-0.259583,0.052307,-0.479354
-0.212855,0.317276,0.740887,0.001786,0.024620,0.774988,0.631493,-0.494304,0.367111,0.142909,0.920365,-0.264200,-0.069050,-0.248348,-0.495086,-0.237549,0.753545,-0.339132,0.261701,0.332716,0.148647,0.021509,-0.476148,1.500225,0.293091,0.468309,0.039859,-0.190263,0.926325,-1.328743,-0.359772,0.660666,-0.065032,-0.240149,0.046839,-0.484254
-0.212782,0.313842,0.736302,0.014830,0.024864,0.775077,0.631203,-0.502160,0.383871,0.136284,0.984508,-0.296739,-0.043162,-0.241656,-0.525677,-0.236705,0.773357,-0.387717,0.262053,0.337442,0.125866,0.042258,-0.406794,1.459786,0.329201,0.445043,0.010710,-0.194232,0.937476,-1.251724,-0.392079,0.642774,-0.091247,-0.208903,0.040730,-0.478243
-0.213037,0.311851,0.732186,0.028191,0.023947,0.773358,0.632890,-0.496578,0.399988,0.132886,1.029555,-0.327614,-0.013450,-0.234088,-0.553706,-0.233688,0.793445,-0.438929,0.262540,0.333584,0.107616,0.064433,-0.302678,1.394295,0.382275,0.410467,-0.024355,-0.198246,0.939908,-1.145152,-0.425484,0.625556,-0.108776,-0.165849,0.035633,-0.460074
-0.214895,0.311183,0.728976,0.038636,0.020970,0.769768,0.636808,-0.480293,0.411192,0.127021,1.054327,-0.353532,0.009807,-0.226366,-0.575195,-0.225905,0.810431,-0.485403,0.261532,0.322469,0.096511,0.085687,-0.177294,1.313857,0.442421,0.365451,-0.062379,-0.201868,0.936539,-1.025331,-0.456368,0.611604,-0.118461,-0.114295,0.031332,-0.438981
-0.219897,0.312351,0.725984,0.044571,0.017730,0.765134,0.642081,-0.455883,0.412285,0.121105,1.053093,-0.378171,0.024838,-0.219995,-0.585417,-0.207693,0.817713,-0.519339,0.261096,0.302235,0.091560,0.101010,-0.042353,1.216590,0.492872,0.320772,-0.101389,-0.207810,0.914906,-0.893734,-0.482103,0.599852,-0.109348,-0.056899,0.025879,-0.411312
-0.228789,0.316511,0.724069,0.046373,0.015001,0.759558,0.648611,-0.426501,0.405005,0.121918,1.029518,-0.403552,0.034465,-0.213214,-0.591602,-0.190369,0.810233,-0.529927,0.258631,0.274906,0.091437,0.108429,0.087100,1.105650,0.516165,0.289603,-0.144661,-0.215589,0.869570,-0.758205,-0.501749,0.592918,-0.068229,-0.005015,0.020921,-0.374465
-0.241318,0.322313,0.724662,0.044417,0.013553,0.753102,0.656263,-0.394696,0.387084,0.132866,0.986904,-0.430302,0.044180,-0.208907,-0.601374,-0.183744,0.783939,-0.507613,0.254723,0.244278,0.093820,0.109216,0.183573,0.985396,0.487471,0.294215,-0.184337,-0.217614,0.798715,-0.632181,-0.511315,0.583696,0.028109,0.026951,0.020503,-0.335667
-0.256991,0.324914,0.727960,0.041598,0.014748,0.746135,0.664330,-0.361884,0.349100,0.150076,0.922476,-0.458460,0.059483,-0.216697,-0.611845,-0.180067,0.742540,-0.454482,0.256001,0.212219,0.095161,0.106410,0.220031,0.856227,0.386929,0.358896,-0.197719,-0.203443,0.700007,-0.524058,-0.504326,0.552665,0.200942,0.034610,0.027360,-0.308238
-0.276750,0.322822,0.733148,0.038925,0.016385,0.739093,0.672278,-0.331322,0.305063,0.170241,0.853233,-0.480936,0.079001,-0.231281,-0.624160,-0.181008,0.722285,-0.397729,0.252091,0.181162,0.095237,0.104657,0.228857,0.728701,0.260445,0.460682,-0.190521,-0.178645,0.590320,-0.430083,-0.488293,0.508115,0.401846,0.035313,0.040162,-0.288199
-0.298464,0.317487,0.739917,0.036698,0.018327,0.731871,0.680207,-0.305133,0.262301,0.190828,0.789091,-0.492587,0.100544,-0.248879,-0.636536,-0.184959,0.747171,-0.349614,0.239227,0.153988,0.093086,0.104867,0.228814,0.612239,0.137140,0.577012,-0.170633,-0.149704,0.481597,-0.347562,-0.467801,0.457484,0.602422,0.037044,0.055179,-0.270995
-0.319114,0.310536,0.747571,0.035219,0.020439,0.724361,0.688218,-0.282803,0.219905,0.210395,0.729898,-0.494582,0.122762,-0.268893,-0.646843,-0.188016,0.814360,-0.307586,0.221092,0.131127,0.088279,0.105854,0.222315,0.507347,0.020144,0.697808,-0.143001,-0.119692,0.376380,-0.273585,-0.443972,0.402889,0.799974,0.039468,0.069671,-0.255418
-0.337986,0.301907,0.754405,0.036480,0.022166,0.717042,0.695722,-0.263243,0.178431,0.228875,0.674775,-0.490032,0.144865,-0.289496,-0.654104,-0.189309,0.910968,-0.269911,0.200929,0.111282,0.081622,0.106695,0.216191,0.410473,-0.088087,0.815287,-0.113665,-0.091173,0.273930,-0.202759,-0.419279,0.347559,0.985887,0.042798,0.082577,-0.238178
-0.355031,0.291953,0.759989,0.038479,0.024877,0.709060,0.703658,-0.252054,0.143121,0.246698,0.631511,-0.467940,0.166786,-0.306674,-0.647791,-0.189915,1.062331,-0.243600,0.179602,0.101500,0.069740,0.104107,0.219238,0.339337,-0.164881,0.905788,-0.088926,-0.071875,0.178281,-0.136728,-0.396522,0.298662,1.124906,0.041683,0.088418,-0.204379
-0.368282,0.283126,0.764268,0.040151,0.029015,0.700478,0.711952,-0.249452,0.116870,0.262542,0.598249,-0.433825,0.188042,-0.318508,-0.620601,-0.191885,1.252357,-0.227149,0.165420,0.100970,0.055195,0.095636,0.232299,0.295847,-0.211036,0.957764,-0.069881,-0.062066,0.090802,-0.073234,-0.377221,0.262044,1.214138,0.029864,0.086827,-0.150679
-0.376460,0.276891,0.767307,0.040432,0.035021,0.691357,0.720531,-0.252500,0.101078,0.274252,0.570006,-0.401263,0.207608,-0.325810,-0.572541,-0.197393,1.449577,-0.215888,0.165213,0.104408,0.043527,0.081297,0.250445,0.272337,-0.240885,0.973932,-0.053700,-0.057552,0.012198,-0.010507,-0.361573,0.239930,1.269904,0.005550,0.081252,-0.084717
-0.381117,0.271828,0.769452,0.036230,0.041597,0.682791,0.728528,-0.260172,0.096829,0.281032,0.547696,-0.374497,0.224572,-0.330606,-0.509582,-0.207793,1.651547,-0.210407,0.175112,0.109826,0.036860,0.063333,0.269156,0.266250,-0.260883,0.963882,-0.037121,-0.056082,-0.055627,0.048032,-0.348901,0.230334,1.300584,-0.026855,0.074417,-0.015058
-0.382744,0.268809,0.771540,0.028340,0.046905,0.674843,0.735924,-0.270022,0.099783,0.284840,0.528075,-0.352427,0.239240,-0.333876,-0.439472,-0.222467,1.858309,-0.208995,0.189967,0.115713,0.033981,0.043575,0.287120,0.269558,-0.277258,0.941266,-0.018483,-0.055550,-0.116676,0.103598,-0.337959,0.227971,1.319783,-0.063379,0.067857,0.054733
-0.381442,0.268252,0.774287,0.017011,0.049989,0.667526,0.742712,-0.280273,0.112464,0.284078,0.513491,-0.340650,0.250226,-0.340206,-0.370367,-0.239239,2.045331,-0.210820,0.207323,0.120591,0.038044,0.024470,0.299576,0.281820,-0.292474,0.910629,0.000655,-0.055587,-0.164804,0.151593,-0.329534,0.232111,1.327011,-0.099408,0.062579,0.114855
-0.378213,0.269437,0.777691,0.002496,0.049888,0.660833,0.748869,-0.290395,0.137397,0.277187,0.506217,-0.343130,0.256635,-0.351841,-0.305588,-0.258525,2.195604,-0.215653,0.226043,0.123839,0.051028,0.007513,0.303844,0.304521,-0.307186,0.872167,0.020796,-0.056148,-0.195110,0.189277,-0.324126,0.243230,1.320049,-0.132642,0.059112,0.159520
-0.375348,0.270541,0.781012,-0.011119,0.043484,0.654275,0.754923,-0.299746,0.169561,0.266470,0.503375,-0.355321,0.260107,-0.367459,-0.246018,-0.279860,2.316956,-0.221712,0.243997,0.125588,0.069646,-0.007176,0.302112,0.332266,-0.323221,0.831849,0.042620,-0.056505,-0.213889,0.220384,-0.320358,0.257533,1.306970,-0.162597,0.057247,0.192215
-0.374494,0.268282,0.783935,-0.021397,0.034424,0.647253,0.761197,-0.304402,0.205979,0.252852,0.508903,-0.379293,0.261498,-0.399530,-0.211259,-0.280908,2.377013,-0.224775,0.257906,0.123797,0.096287,-0.016315,0.287454,0.357354,-0.342465,0.804022,0.046117,-0.058046,-0.218960,0.235948,-0.319649,0.268451,1.285906,-0.178991,0.055976,0.200900
-0.376348,0.263842,0.785631,-0.027623,0.023933,0.640423,0.767152,-0.305707,0.236560,0.240345,0.526920,-0.409712,0.262167,-0.442714,-0.208154,-0.254828,2.387188,-0.232708,0.262118,0.117049,0.123310,-0.018554,0.264032,0.378393,-0.364874,0.788932,0.033638,-0.060963,-0.217812,0.237501,-0.323170,0.273987,1.260647,-0.176896,0.056220,0.193473
-0.380951,0.259741,0.785397,-0.029085,0.013240,0.634473,0.772284,-0.306902,0.253141,0.231861,0.557275,-0.439697,0.263197,-0.485558,-0.229981,-0.207370,2.370370,-0.252720,0.255024,0.105444,0.142142,-0.016147,0.239603,0.396806,-0.390253,0.781286,0.017320,-0.065365,-0.216938,0.233133,-0.330210,0.277761,1.236085,-0.162485,0.057705,0.184014
-0.387630,0.256246,0.783258,-0.024187,0.003506,0.630772,0.775583,-0.306930,0.256950,0.224986,0.595983,-0.469419,0.263606,-0.525249,-0.270521,-0.148094,2.307675,-0.278819,0.241063,0.089638,0.152571,-0.011198,0.213510,0.412506,-0.420437,0.781628,0.001280,-0.071648,-0.211791,0.226292,-0.339110,0.286025,1.210811,-0.147593,0.057776,0.173727
-0.394023,0.255646,0.778887,-0.015388,-0.004715,0.629289,0.777005,-0.300856,0.244970,0.217087,0.642503,-0.499396,0.259033,-0.546570,-0.335874,-0.106401,2.166842,-0.306454,0.217231,0.068546,0.148322,0.004702,0.183729,0.429132,-0.458312,0.783382,0.005979,-0.075643,-0.207669,0.217246,-0.351586,0.301551,1.185088,-0.130764,0.059612,0.169860
-0.399068,0.259976,0.772880,-0.004679,-0.011455,0.629929,0.776554,-0.289114,0.226918,0.208265,0.689430,-0.527613,0.245912,-0.544754,-0.406956,-0.089476,1.975981,-0.325420,0.195887,0.046513,0.134334,0.029828,0.149991,0.451953,-0.503589,0.778227,0.031292,-0.081162,-0.206860,0.205926,-0.366079,0.322946,1.158576,-0.113123,0.062729,0.170195
-0.402244,0.269047,0.766243,0.005945,-0.016749,0.632619,0.774259,-0.275361,0.214008,0.199151,0.730643,-0.551141,0.223891,-0.524650,-0.461015,-0.087102,1.776249,-0.329723,0.189482,0.028660,0.118956,0.057455,0.113589,0.484395,-0.554094,0.761402,0.065534,-0.093819,-0.208995,0.192769,-0.380934,0.349036,1.129563,-0.098982,0.064368,0.170466
-0.402292,0.279811,0.759491,0.015292,-0.021103,0.637442,0.770058,-0.262012,0.206128,0.188814,0.769212,-0.568192,0.195902,-0.492223,-0.497337,-0.089907,1.568600,-0.325805,0.193590,0.015534,0.103159,0.085638,0.076675,0.526509,-0.607825,0.733099,0.103292,-0.112875,-0.215591,0.178713,-0.398664,0.381862,1.095324,-0.090881,0.063461,0.174541
-0.398753,0.288464,0.752742,0.022772,-0.026065,0.641947,0.765968,-0.251592,0.204539,0.177542,0.805854,-0.577593,0.164729,-0.453937,-0.513351,-0.090221,1.363657,-0.318589,0.205330,0.007990,0.089112,0.111236,0.042585,0.578438,-0.661671,0.692733,0.136055,-0.137722,-0.228616,0.164994,-0.422085,0.421921,1.053195,-0.089081,0.058924,0.185824
-0.392914,0.294826,0.745898,0.028606,-0.031347,0.645995,0.762161,-0.244181,0.207614,0.165599,0.841542,-0.581402,0.132214,-0.413835,-0.514324,-0.085762,1.163685,-0.310755,0.221576,0.004723,0.077015,0.133944,0.011383,0.636913,-0.714585,0.644236,0.162613,-0.166685,-0.246619,0.152022,-0.450051,0.467341,1.005055,-0.092501,0.051188,0.203334
-0.386317,0.298500,0.739157,0.033016,-0.036664,0.649444,0.758807,-0.239423,0.213893,0.153382,0.875469,-0.580755,0.100779,-0.376103,-0.505591,-0.076929,0.982038,-0.305179,0.238279,0.004464,0.066870,0.153545,-0.015394,0.700515,-0.764082,0.588917,0.177689,-0.196473,-0.270222,0.139983,-0.484511,0.516777,0.948679,-0.097207,0.041242,0.229205
-0.379509,0.296402,0.733228,0.036636,-0.042970,0.650685,0.757245,-0.238334,0.224757,0.141229,0.904735,-0.573519,0.073354,-0.345959,-0.485024,-0.062908,0.848746,-0.305419,0.252068,0.007963,0.060099,0.167804,-0.032781,0.772712,-0.805337,0.521543,0.167847,-0.223998,-0.304508,0.129426,-0.532921,0.571548,0.874984,-0.098709,0.029151,0.271380
-0.373569,0.291020,0.728532,0.039816,-0.049680,0.650816,0.756561,-0.239988,0.238124,0.127696,0.932229,-0.562298,0.048649,-0.322294,-0.456112,-0.042666,0.749735,-0.310495,0.263286,0.014245,0.055501,0.178554,-0.044419,0.851133,-0.841446,0.445804,0.142435,-0.250845,-0.346188,0.120133,-0.590890,0.631857,0.789489,-0.101954,0.014661,0.325997
-0.369115,0.285775,0.725527,0.042145,-0.056018,0.650453,0.756304,-0.242152,0.253366,0.118680,0.951329,-0.548220,0.031024,-0.307947,-0.431042,-0.027875,0.705117,-0.321850,0.266492,0.019519,0.053382,0.185413,-0.045628,0.931697,-0.866693,0.364804,0.088618,-0.267423,-0.395213,0.111254,-0.661264,0.687503,0.689031,-0.084673,0.003798,0.390514
-0.365937,0.282242,0.724461,0.043211,-0.061211,0.650227,0.756037,-0.243146,0.268746,0.118970,0.955718,-0.530530,0.023451,-0.302502,-0.418200,-0.025910,0.718163,-0.336031,0.261908,0.020967,0.053196,0.188210,-0.033657,1.007895,-0.877113,0.285160,0.005848,-0.268235,-0.445402,0.102478,-0.739597,0.727878,0.580561,-0.035468,0.002745,0.454527
-0.363221,0.279875,0.725105,0.043950,-0.063723,0.650616,0.755451,-0.243108,0.280146,0.124184,0.950438,-0.509132,0.020734,-0.297329,-0.412721,-0.027108,0.732381,-0.342255,0.261402,0.019737,0.051813,0.189752,-0.017578,1.071794,-0.880636,0.219019,-0.068753,-0.264045,-0.480556,0.094667,-0.805226,0.753229,0.491171,0.015892,0.010463,0.497904
-0.360414,0.278757,0.727019,0.044226,-0.065100,0.650660,0.755280,-0.242848,0.289827,0.131223,0.939938,-0.487302,0.020510,-0.293159,-0.409053,-0.030661,0.739096,-0.344632,0.262272,0.017382,0.049712,0.190274,0.000571,1.123123,-0.878363,0.168005,-0.133404,-0.256136,-0.503092,0.088529,-0.857669,0.768731,0.418210,0.059751,0.021700,0.526459
-0.357769,0.279423,0.729379,0.044239,-0.065227,0.650395,0.755496,-0.242535,0.296190,0.137641,0.927883,-0.472320,0.021894,-0.291793,-0.408196,-0.034810,0.745399,-0.348739,0.262686,0.014118,0.046947,0.189916,0.021499,1.151276,-0.868203,0.141416,-0.172426,-0.243750,-0.511864,0.086909,-0.888097,0.772655,0.373736,0.086717,0.033680,0.538512
-0.355472,0.281636,0.731172,0.044188,-0.063986,0.649855,0.756070,-0.242296,0.296787,0.140767,0.917270,-0.471496,0.024691,-0.293968,-0.411249,-0.035772,0.756328,-0.358390,0.263064,0.009560,0.042488,0.189564,0.041959,1.148450,-0.853075,0.151309,-0.172146,-0.229143,-0.509753,0.089099,-0.887320,0.765748,0.371080,0.087580,0.044593,0.533313
-0.353131,0.284221,0.731543,0.044352,-0.062096,0.648468,0.757407,-0.242469,0.293515,0.138032,0.911281,-0.488265,0.028907,-0.299922,-0.413657,-0.030690,0.772268,-0.377172,0.262075,0.003274,0.035317,0.190788,0.053280,1.119477,-0.842739,0.203551,-0.144402,-0.216711,-0.507181,0.086864,-0.856888,0.756666,0.407797,0.061527,0.051835,0.518675
-0.351172,0.287966,0.730110,0.044369,-0.061037,0.645594,0.759943,-0.241502,0.289012,0.129348,0.916041,-0.522540,0.033670,-0.308457,-0.413290,-0.018766,0.796300,-0.408378,0.257103,-0.006887,0.025563,0.195851,0.052120,1.054105,-0.837443,0.303629,-0.095937,-0.203628,-0.486752,0.072623,-0.789443,0.739033,0.499482,0.017631,0.057086,0.475269
-0.348527,0.293549,0.726865,0.043857,-0.061061,0.641097,0.763769,-0.238872,0.289775,0.117258,0.934267,-0.568251,0.040988,-0.318404,-0.407282,-0.003416,0.830179,-0.453023,0.246888,-0.021272,0.014583,0.206783,0.036485,0.947608,-0.818689,0.450020,-0.034347,-0.182679,-0.434302,0.040821,-0.691135,0.705912,0.642945,-0.026382,0.060854,0.395135
-0.344112,0.300613,0.722030,0.042436,-0.062422,0.634826,0.768960,-0.234260,0.301212,0.106574,0.963024,-0.617192,0.052262,-0.329404,-0.394377,0.010190,0.872687,-0.506325,0.232319,-0.038561,0.003587,0.223103,0.005590,0.810015,-0.770703,0.632872,0.029375,-0.150232,-0.350391,-0.008518,-0.578292,0.656888,0.816949,-0.054701,0.063610,0.288342
-0.338606,0.307849,0.716044,0.039936,-0.065937,0.626116,0.775910,-0.226545,0.322913,0.101949,0.995952,-0.662808,0.065414,-0.341696,-0.376626,0.018902,0.920086,-0.556320,0.216994,-0.057389,-0.007213,0.241217,-0.039469,0.663873,-0.698924,0.833333,0.080278,-0.111137,-0.247517,-0.068413,-0.467559,0.598659,0.994689,-0.061462,0.067063,0.174444
-0.332976,0.313972,0.709819,0.036965,-0.071670,0.615572,0.783944,-0.216183,0.352784,0.101493,1.030768,-0.697723,0.080376,-0.354584,-0.353520,0.023516,0.968394,-0.589585,0.208351,-0.077232,-0.016936,0.258930,-0.097786,0.529711,-0.612314,1.019025,0.098786,-0.072083,-0.138000,-0.131521,-0.378264,0.539676,1.143004,-0.043684,0.069025,0.073775
-0.327630,0.317728,0.704168,0.033467,-0.079244,0.602973,0.793111,-0.203348,0.386735,0.101641,1.063984,-0.716009,0.094885,-0.368717,-0.323857,0.025095,1.014716,-0.598440,0.209608,-0.095097,-0.024541,0.274774,-0.165243,0.423866,-0.521054,1.150083,0.078409,-0.038490,-0.037772,-0.190739,-0.327334,0.483050,1.229877,-0.000378,0.067329,0.000317
-0.323151,0.319007,0.699745,0.029389,-0.088278,0.588083,0.803431,-0.189187,0.419476,0.098295,1.091773,-0.718051,0.106280,-0.386203,-0.288954,0.022628,1.058682,-0.579594,0.219547,-0.107226,-0.029081,0.286501,-0.240036,0.356720,-0.439969,1.197361,0.023858,-0.018832,0.039785,-0.241083,-0.322189,0.428647,1.234116,0.062284,0.058609,-0.044362
-0.320797,0.319247,0.697004,0.022432,-0.097785,0.571520,0.814432,-0.176616,0.446698,0.087011,1.113508,-0.711175,0.113687,-0.408915,-0.252997,0.013077,1.102228,-0.532826,0.234747,-0.111959,-0.029633,0.290815,-0.326636,0.329564,-0.387629,1.156937,-0.054611,-0.024132,0.093811,-0.283092,-0.357566,0.376031,1.155697,0.128182,0.038054,-0.075046
-0.320910,0.319125,0.695747,0.013223,-0.107585,0.553997,0.825432,-0.166769,0.468625,0.065555,1.133714,-0.698727,0.114918,-0.435222,-0.216610,-0.004740,1.145293,-0.467512,0.249763,-0.109975,-0.024973,0.286581,-0.426373,0.330220,-0.370601,1.044296,-0.137149,-0.050125,0.141074,-0.326214,-0.423289,0.321313,1.023191,0.180931,0.006900,-0.118993
-0.322177,0.320014,0.695739,0.001995,-0.116770,0.536312,0.835901,-0.159855,0.486768,0.036503,1.152902,-0.684696,0.110012,-0.462819,-0.182597,-0.030968,1.186400,-0.399576,0.260326,-0.102187,-0.014482,0.276826,-0.530041,0.343217,-0.373344,0.892803,-0.208838,-0.082320,0.189812,-0.372040,-0.506391,0.264114,0.868286,0.221221,-0.028321,-0.180882
-0.323245,0.322948,0.696790,-0.011020,-0.124442,0.519324,0.845396,-0.155607,0.502632,0.006240,1.168459,-0.673196,0.100793,-0.490299,-0.154585,-0.063872,1.223143,-0.341324,0.264569,-0.090242,0.000368,0.263559,-0.628992,0.361399,-0.380051,0.738143,-0.261409,-0.109707,0.238695,-0.418790,-0.596018,0.209062,0.715504,0.251949,-0.060478,-0.250905
-0.323977,0.327383,0.698581,-0.024272,-0.128739,0.506202,0.852406,-0.153551,0.516893,-0.018823,1.179221,-0.665324,0.089016,-0.516809,-0.134279,-0.098869,1.252810,-0.295472,0.263624,-0.077033,0.015925,0.244928,-0.724028,0.387777,-0.392274,0.604715,-0.290644,-0.132426,0.285053,-0.468530,-0.685510,0.163954,0.581861,0.264053,-0.085823,-0.321220
-0.323694,0.332272,0.700495,-0.035453,-0.131089,0.495873,0.857711,-0.153400,0.527788,-0.038515,1.187655,-0.656822,0.075581,-0.539300,-0.122779,-0.129618,1.273855,-0.264873,0.262126,-0.064550,0.029950,0.224121,-0.812095,0.415579,-0.406994,0.509742,-0.297479,-0.148969,0.328218,-0.519484,-0.765584,0.135623,0.482090,0.255430,-0.102935,-0.379590
-0.321592,0.336871,0.701970,-0.044345,-0.131722,0.488009,0.861702,-0.153405,0.535366,-0.053514,1.193975,-0.645097,0.061019,-0.556920,-0.116351,-0.151506,1.286247,-0.248724,0.261753,-0.053711,0.040810,0.204559,-0.890765,0.443096,-0.421935,0.449104,-0.291842,-0.158998,0.365721,-0.570658,-0.835603,0.125435,0.415264,0.232869,-0.111046,-0.419176
-0.317685,0.340960,0.702912,-0.050736,-0.130859,0.482250,0.864718,-0.152653,0.540562,-0.064584,1.196846,-0.631688,0.046476,-0.570527,-0.111554,-0.164185,1.291896,-0.242247,0.261800,-0.044587,0.048221,0.188983,-0.956723,0.469018,-0.433522,0.408248,-0.285069,-0.164480,0.396202,-0.618583,-0.895802,0.127565,0.371350,0.208398,-0.112102,-0.442185
-0.313119,0.344620,0.703670,-0.054668,-0.128733,0.480109,0.865987,-0.152570,0.543640,-0.073366,1.196312,-0.620614,0.033618,-0.580645,-0.109239,-0.171300,1.294138,-0.239466,0.261812,-0.037016,0.053627,0.178918,-1.005697,0.487474,-0.436563,0.377411,-0.280611,-0.168974,0.422181,-0.656856,-0.941196,0.132671,0.341837,0.190989,-0.111605,-0.457790
-0.308645,0.347532,0.704082,-0.057470,-0.126926,0.479585,0.866363,-0.152790,0.546174,-0.081415,1.194570,-0.612309,0.021985,-0.586954,-0.106967,-0.174643,1.294707,-0.238722,0.261777,-0.031687,0.057984,0.171194,-1.041256,0.502142,-0.435992,0.351518,-0.273707,-0.175200,0.444964,-0.688604,-0.977068,0.140303,0.320158,0.174114,-0.112751,-0.472948
-0.304555,0.349338,0.704260,-0.058913,-0.125408,0.480873,0.865773,-0.153618,0.547226,-0.089334,1.191430,-0.606366,0.012163,-0.587941,-0.103884,-0.173548,1.291520,-0.243461,0.261840,-0.027759,0.062693,0.167405,-1.056445,0.509125,-0.432822,0.334005,-0.267687,-0.181370,0.458548,-0.705056,-0.998128,0.146823,0.311190,0.163690,-0.113500,-0.483619
-0.301161,0.349896,0.704469,-0.058767,-0.124149,0.484163,0.864130,-0.154727,0.545567,-0.096140,1.185381,-0.603453,0.005390,-0.582086,-0.100577,-0.166996,1.282520,-0.256995,0.261800,-0.024527,0.067853,0.169790,-1.043270,0.503690,-0.426523,0.327459,-0.268778,-0.185514,0.457479,-0.696100,-0.996460,0.147261,0.318734,0.168520,-0.112797,-0.484703
-0.298967,0.349405,0.704745,-0.055411,-0.124060,0.490670,0.860687,-0.154153,0.540965,-0.100350,1.176393,-0.604646,0.001973,-0.568858,-0.098783,-0.155104,1.268980,-0.279136,0.261538,-0.023000,0.071318,0.176334,-1.004345,0.489438,-0.420208,0.326795,-0.276668,-0.189303,0.443934,-0.663821,-0.973585,0.141006,0.335677,0.185176,-0.114294,-0.478846
-0.297799,0.348299,0.704989,-0.048616,-0.123940,0.499785,0.855856,-0.151840,0.527981,-0.104035,1.166411,-0.606988,0.001023,-0.547793,-0.105813,-0.137443,1.251842,-0.312123,0.263138,-0.023097,0.072407,0.187635,-0.940969,0.467832,-0.415459,0.332244,-0.287109,-0.192636,0.418964,-0.609962,-0.931154,0.131130,0.362747,0.209182,-0.115956,-0.464686
-0.297565,0.346613,0.705165,-0.038290,-0.123564,0.511872,0.849266,-0.147216,0.505499,-0.104480,1.152852,-0.611108,0.001986,-0.518566,-0.127378,-0.117162,1.231862,-0.355900,0.264573,-0.023463,0.071047,0.203154,-0.855141,0.438227,-0.420084,0.357047,-0.293727,-0.190034,0.376135,-0.538732,-0.865510,0.124232,0.412829,0.238473,-0.111329,-0.436108
-0.297915,0.344319,0.705275,-0.024336,-0.122696,0.527239,0.840460,-0.140512,0.476845,-0.099520,1.133884,-0.617630,0.004047,-0.483320,-0.162395,-0.097933,1.210514,-0.406818,0.263108,-0.023083,0.067784,0.220962,-0.754022,0.401755,-0.437555,0.406549,-0.291873,-0.179083,0.315804,-0.459289,-0.778618,0.124396,0.498125,0.271124,-0.098612,-0.393816
-0.298030,0.341840,0.705308,-0.008559,-0.120855,0.544734,0.829810,-0.134228,0.446810,-0.092160,1.113118,-0.623661,0.005366,-0.446858,-0.203605,-0.081543,1.189966,-0.459628,0.258355,-0.021936,0.064500,0.239340,-0.650553,0.363045,-0.461123,0.467644,-0.277980,-0.165505,0.251994,-0.384712,-0.684116,0.130412,0.615421,0.301758,-0.084091,-0.349824
-0.297783,0.339744,0.705349,0.006171,-0.117972,0.563821,0.817405,-0.131223,0.420941,-0.080532,1.091311,-0.630152,0.004022,-0.410240,-0.248487,-0.073610,1.170393,-0.512500,0.245551,-0.017812,0.065188,0.258011,-0.553987,0.324836,-0.495049,0.545487,-0.240098,-0.149769,0.184633,-0.324242,-0.587790,0.145835,0.743755,0.321252,-0.066848,-0.305468
-0.297368,0.336566,0.705644,0.019256,-0.113368,0.585126,0.802748,-0.138628,0.398004,-0.068930,1.068454,-0.632320,-0.002394,-0.375183,-0.293505,-0.076768,1.148467,-0.562487,0.225771,-0.005678,0.072881,0.273268,-0.468988,0.295655,-0.528913,0.624288,-0.196459,-0.135519,0.121330,-0.280932,-0.498006,0.173518,0.858312,0.334132,-0.048842,-0.260376
-0.295944,0.332061,0.706342,0.030096,-0.106353,0.609210,0.785269,-0.160938,0.374051,-0.060907,1.046035,-0.621504,-0.015477,-0.343292,-0.337336,-0.089701,1.123528,-0.605738,0.203263,0.017235,0.086626,0.280980,-0.396356,0.285428,-0.546272,0.680221,-0.169894,-0.126854,0.075267,-0.252181,-0.423613,0.215374,0.933156,0.348055,-0.033626,-0.215414
-0.291783,0.329241,0.707255,0.039438,-0.093198,0.638861,0.762638,-0.194545,0.346919,-0.050982,1.026811,-0.592215,-0.033612,-0.314360,-0.384235,-0.107258,1.100037,-0.637836,0.181449,0.047907,0.101126,0.279669,-0.335705,0.299595,-0.538033,0.702798,-0.160461,-0.124427,0.056515,-0.234435,-0.371380,0.273246,0.941104,0.360017,-0.022233,-0.172076
-0.286455,0.328423,0.707957,0.049475,-0.075586,0.672314,0.734734,-0.236158,0.311251,-0.032466,1.009842,-0.548632,-0.049614,-0.288257,-0.437560,-0.118147,1.075124,-0.650469,0.168402,0.082986,0.112452,0.266459,-0.290786,0.341291,-0.492590,0.682345,-0.176798,-0.130390,0.073127,-0.233472,-0.354058,0.345742,0.862447,0.364021,-0.014965,-0.131724
-0.281408,0.329146,0.707975,0.060617,-0.055110,0.707174,0.702277,-0.278409,0.269793,-0.002529,0.994183,-0.501909,-0.058358,-0.264095,-0.498187,-0.120938,1.049359,-0.645097,0.166428,0.119059,0.118846,0.244338,-0.258482,0.399892,-0.420804,0.634762,-0.212589,-0.138894,0.112868,-0.245959,-0.362513,0.424970,0.726701,0.361435,-0.006999,-0.094801
-0.277277,0.331095,0.706906,0.073277,-0.033426,0.741286,0.666340,-0.313903,0.229209,0.036368,0.982167,-0.461224,-0.057967,-0.242288,-0.560206,-0.115535,1.027657,-0.628458,0.173432,0.152176,0.119703,0.217484,-0.239207,0.464090,-0.337910,0.577685,-0.257570,-0.145650,0.163872,-0.270945,-0.387655,0.499365,0.574090,0.356435,0.002881,-0.065845
-0.274700,0.334096,0.704483,0.087082,-0.014360,0.769729,0.632240,-0.339537,0.193079,0.078520,0.978537,-0.429420,-0.049416,-0.224762,-0.612209,-0.095558,1.015171,-0.605665,0.186897,0.178484,0.115259,0.187083,-0.243801,0.532144,-0.246449,0.512659,-0.309083,-0.155375,0.230934,-0.319622,-0.436754,0.558124,0.417206,0.347620,0.008099,-0.055519
-0.275195,0.337592,0.700630,0.101007,0.001131,0.792662,0.601235,-0.352761,0.164064,0.121262,0.981640,-0.413711,-0.038715,-0.208614,-0.653636,-0.066491,1.013096,-0.585775,0.201993,0.197537,0.108760,0.159576,-0.271438,0.593307,-0.163198,0.466183,-0.350715,-0.165797,0.304826,-0.391636,-0.489758,0.594373,0.280405,0.327083,0.012453,-0.069990
-0.278805,0.341152,0.695721,0.114305,0.013394,0.810717,0.574015,-0.357534,0.140474,0.156432,0.990062,-0.413791,-0.031279,-0.194040,-0.684235,-0.034054,1.021699,-0.575970,0.216046,0.211822,0.102276,0.136213,-0.319384,0.652590,-0.094034,0.440488,-0.387450,-0.177435,0.383784,-0.489229,-0.534928,0.613825,0.177828,0.302076,0.016183,-0.110291
-0.283112,0.345064,0.690469,0.126233,0.022797,0.824479,0.551163,-0.359564,0.119071,0.176743,1.003206,-0.420554,-0.030198,-0.183160,-0.704784,-0.001802,1.042135,-0.578241,0.228209,0.223381,0.096143,0.116073,-0.384815,0.719315,-0.038896,0.426692,-0.425476,-0.191209,0.468741,-0.611402,-0.567483,0.625126,0.113639,0.283943,0.017278,-0.174662
-0.284847,0.350065,0.685699,0.136221,0.030471,0.833774,0.534169,-0.360862,0.098970,0.184179,1.019057,-0.423476,-0.035621,-0.176311,-0.719350,0.027590,1.074127,-0.587766,0.238069,0.231982,0.090119,0.100424,-0.463108,0.791538,-0.001268,0.427265,-0.451916,-0.204653,0.554294,-0.747240,-0.581240,0.630831,0.086278,0.272889,0.016223,-0.258354
-0.285479,0.355258,0.682141,0.143356,0.036731,0.841303,0.519912,-0.363562,0.081601,0.186298,1.033035,-0.425086,-0.043121,-0.172417,-0.728411,0.053128,1.107147,-0.593378,0.246637,0.239172,0.084648,0.086631,-0.547924,0.868129,0.023224,0.434997,-0.469843,-0.218148,0.637984,-0.888409,-0.583501,0.636899,0.079000,0.266540,0.011961,-0.346882
-0.286020,0.359799,0.680177,0.147343,0.040854,0.846930,0.509245,-0.367432,0.070474,0.183418,1.044082,-0.429744,-0.049579,-0.170856,-0.730853,0.070846,1.134377,-0.590823,0.254156,0.245311,0.081326,0.075973,-0.629453,0.939195,0.030921,0.448947,-0.477797,-0.229346,0.708836,-1.017113,-0.575009,0.642844,0.092591,0.265661,0.005460,-0.429248
-0.286103,0.363294,0.679810,0.147886,0.042121,0.850498,0.503000,-0.371601,0.068977,0.175951,1.052399,-0.437576,-0.052929,-0.171654,-0.726050,0.078211,1.152925,-0.583211,0.259497,0.250261,0.081103,0.069749,-0.698315,0.994706,0.021262,0.468984,-0.474998,-0.236167,0.756868,-1.116146,-0.556058,0.645391,0.124957,0.273313,-0.002068,-0.495833
-0.285589,0.365541,0.680745,0.144427,0.040317,0.851524,0.502417,-0.375779,0.077593,0.170823,1.056094,-0.445289,-0.051972,-0.174412,-0.714969,0.078025,1.159822,-0.574760,0.261504,0.254737,0.083054,0.065059,-0.749118,1.032697,0.007317,0.488892,-0.469464,-0.240437,0.783823,-1.179914,-0.534783,0.643880,0.153032,0.288241,-0.010525,-0.536529
-0.286758,0.366308,0.682607,0.139238,0.036406,0.850581,0.505767,-0.376154,0.092592,0.166909,1.053889,-0.455412,-0.051591,-0.176356,-0.699441,0.071923,1.152971,-0.563127,0.262582,0.258966,0.086499,0.061892,-0.776988,1.047709,-0.002726,0.508443,-0.464284,-0.243729,0.794272,-1.204112,-0.513529,0.635898,0.172523,0.293726,-0.016063,-0.553896
-0.290187,0.366672,0.685448,0.132525,0.030854,0.847666,0.512784,-0.370638,0.114503,0.164293,1.045649,-0.468403,-0.051615,-0.176199,-0.680203,0.059914,1.131402,-0.550787,0.262756,0.261374,0.090251,0.060689,-0.772047,1.037214,-0.000859,0.521358,-0.463503,-0.245936,0.790442,-1.182964,-0.495809,0.624458,0.181995,0.288792,-0.016046,-0.547614
-0.294773,0.367549,0.689113,0.124488,0.024126,0.842738,0.523177,-0.360355,0.142725,0.163722,1.032721,-0.481150,-0.048990,-0.174733,-0.660269,0.042903,1.099038,-0.539828,0.261800,0.260677,0.093275,0.060313,-0.732381,1.006057,0.016099,0.521948,-0.469942,-0.246846,0.773499,-1.119972,-0.484446,0.612026,0.180608,0.285955,-0.012213,-0.519364
-0.299485,0.368530,0.692843,0.117167,0.017905,0.837088,0.534073,-0.348013,0.170894,0.163924,1.017358,-0.490701,-0.042847,-0.173187,-0.645453,0.024384,1.063893,-0.527011,0.261714,0.257496,0.095103,0.058681,-0.669420,0.962957,0.043238,0.511612,-0.482942,-0.247367,0.745636,-1.030909,-0.477799,0.596000,0.173311,0.295292,-0.008788,-0.478150
-0.304524,0.370112,0.696496,0.110183,0.012263,0.831149,0.544887,-0.333706,0.197344,0.164733,1.000503,-0.501648,-0.032443,-0.170299,-0.633833,0.007810,1.024720,-0.515972,0.261891,0.251697,0.094392,0.057862,-0.580009,0.903396,0.077408,0.486712,-0.504517,-0.247316,0.708112,-0.918199,-0.471989,0.579932,0.175154,0.313265,-0.002348,-0.426032
-0.309511,0.372193,0.699943,0.104083,0.007083,0.825013,0.555401,-0.319027,0.218671,0.161703,0.986416,-0.515688,-0.017239,-0.166232,-0.623780,-0.004148,0.986213,-0.508801,0.261681,0.242978,0.091798,0.058897,-0.469414,0.825060,0.105043,0.454611,-0.531085,-0.245285,0.658698,-0.787833,-0.463889,0.561407,0.205906,0.338336,0.006955,-0.369179
-0.313653,0.374194,0.702887,0.099413,0.002250,0.818793,0.565411,-0.304779,0.231641,0.152149,0.978367,-0.534857,0.003716,-0.162902,-0.616934,-0.010752,0.955766,-0.508607,0.261809,0.232216,0.087109,0.063305,-0.348331,0.730660,0.111640,0.425979,-0.558640,-0.238583,0.593860,-0.651971,-0.448709,0.534538,0.282657,0.368152,0.018492,-0.313649
-0.316896,0.375781,0.705114,0.097461,-0.002106,0.811918,0.575574,-0.289153,0.236494,0.139163,0.974655,-0.566012,0.031652,-0.162236,-0.615284,-0.012539,0.935501,-0.520368,0.263260,0.221200,0.078159,0.074599,-0.225666,0.625670,0.091153,0.409046,-0.584328,-0.223898,0.512103,-0.524073,-0.421136,0.496087,0.413296,0.392456,0.034919,-0.260505
-0.320942,0.377033,0.707073,0.095083,-0.006995,0.804805,0.585832,-0.273546,0.234400,0.120262,0.974415,-0.613253,0.065331,-0.163850,-0.612028,-0.006672,0.923436,-0.537106,0.262664,0.208450,0.068987,0.092809,-0.118527,0.518352,0.034376,0.429331,-0.588401,-0.199870,0.415616,-0.413029,-0.388411,0.444529,0.593270,0.397465,0.052888,-0.215150
-0.326238,0.378093,0.709222,0.091753,-0.012242,0.797544,0.596117,-0.260065,0.230722,0.098373,0.976446,-0.671530,0.100938,-0.167917,-0.603940,0.004067,0.916112,-0.554893,0.259125,0.192161,0.062291,0.116189,-0.033793,0.415894,-0.052122,0.488533,-0.562250,-0.168637,0.311764,-0.316016,-0.356091,0.384220,0.801652,0.384025,0.070309,-0.177548
-0.332117,0.378647,0.711623,0.086945,-0.017674,0.790225,0.606360,-0.251154,0.230131,0.078821,0.979808,-0.730430,0.133823,-0.176014,-0.592654,0.014464,0.912395,-0.568690,0.254841,0.172653,0.059207,0.140638,0.022807,0.330664,-0.153610,0.569692,-0.509037,-0.136030,0.211054,-0.232984,-0.329873,0.324084,1.002362,0.363683,0.083639,-0.144427
-0.337746,0.377872,0.714013,0.080610,-0.022630,0.784481,0.614475,-0.249074,0.232816,0.063458,0.983865,-0.780466,0.160167,-0.189588,-0.579996,0.022565,0.913070,-0.569118,0.252456,0.152195,0.061373,0.160406,0.040450,0.279775,-0.259117,0.653910,-0.435806,-0.109679,0.123559,-0.174056,-0.318529,0.274240,1.156540,0.345635,0.086987,-0.114301
-0.341748,0.375556,0.716597,0.073539,-0.027399,0.779340,0.621667,-0.252663,0.241274,0.053125,0.985362,-0.815500,0.177093,-0.205765,-0.562413,0.028100,0.911000,-0.560410,0.251891,0.130068,0.070043,0.174195,0.029821,0.260800,-0.356684,0.717034,-0.354681,-0.093428,0.054911,-0.131493,-0.322697,0.242977,1.254291,0.326286,0.085103,-0.086084
-0.343019,0.371743,0.719238,0.066312,-0.032492,0.774509,0.628238,-0.260150,0.256871,0.045230,0.985104,-0.832129,0.184670,-0.222647,-0.538488,0.028362,0.906732,-0.544964,0.252755,0.105976,0.086328,0.181344,0.000482,0.268020,-0.445771,0.748329,-0.276877,-0.086774,0.003166,-0.099285,-0.341385,0.231166,1.301496,0.307586,0.081319,-0.060176
-0.341397,0.366544,0.721503,0.059504,-0.038421,0.769685,0.634483,-0.268882,0.279170,0.037324,0.984953,-0.831987,0.184008,-0.238973,-0.510467,0.020202,0.904570,-0.523930,0.255481,0.081374,0.109547,0.183036,-0.041574,0.294563,-0.530332,0.746921,-0.213876,-0.085761,-0.038230,-0.077606,-0.370751,0.233907,1.313079,0.291421,0.078599,-0.036506
-0.337789,0.360376,0.723041,0.054161,-0.046272,0.764364,0.640837,-0.275610,0.306904,0.029730,0.984145,-0.822642,0.176231,-0.252821,-0.481200,0.003995,0.904580,-0.501521,0.260233,0.058613,0.136907,0.183001,-0.090060,0.330296,-0.610345,0.717995,-0.173962,-0.085233,-0.074807,-0.067975,-0.403151,0.244479,1.309197,0.272135,0.081319,-0.014612
-0.333281,0.354715,0.723812,0.048503,-0.054854,0.758919,0.647055,-0.281011,0.339125,0.020350,0.983765,-0.811714,0.166629,-0.264020,-0.448115,-0.014610,0.905954,-0.480162,0.262976,0.037784,0.167732,0.181797,-0.142586,0.366489,-0.688847,0.687716,-0.143441,-0.083131,-0.105676,-0.065828,-0.435152,0.256798,1.307783,0.249416,0.085453,-0.000434
-0.328702,0.350529,0.723895,0.042723,-0.063513,0.753594,0.652868,-0.285527,0.373156,0.010223,0.984618,-0.801887,0.156410,-0.272510,-0.413656,-0.032397,0.908571,-0.461699,0.262808,0.018494,0.199202,0.180303,-0.198369,0.396741,-0.763997,0.668480,-0.114308,-0.079594,-0.129796,-0.069511,-0.462733,0.267413,1.314806,0.225682,0.089980,0.004960
-0.324814,0.347876,0.723522,0.037016,-0.071599,0.748662,0.658034,-0.288802,0.405090,0.001953,0.986530,-0.793328,0.144937,-0.278758,-0.382920,-0.047977,0.911845,-0.446234,0.261800,0.000916,0.227440,0.179752,-0.255589,0.418386,-0.830552,0.659767,-0.086411,-0.076336,-0.147310,-0.078306,-0.483202,0.276027,1.325944,0.203581,0.094695,0.005325
-0.322316,0.346227,0.723053,0.032292,-0.077663,0.744279,0.662552,-0.290490,0.431417,-0.003475,0.988617,-0.786702,0.133954,-0.283953,-0.358114,-0.059184,0.913740,-0.432075,0.261730,-0.014221,0.249921,0.180563,-0.310285,0.432705,-0.884416,0.660099,-0.059987,-0.075651,-0.158578,-0.089023,-0.497614,0.284167,1.334344,0.184288,0.096511,0.004453
-0.320981,0.345226,0.722655,0.028751,-0.082114,0.740214,0.666719,-0.290136,0.450606,-0.005836,0.989883,-0.780887,0.125316,-0.287594,-0.339214,-0.064540,0.912645,-0.420660,0.261835,-0.026839,0.265169,0.182448,-0.358664,0.441344,-0.924064,0.667511,-0.033853,-0.077820,-0.163491,-0.100679,-0.506867,0.291274,1.340734,0.166687,0.096505,0.002838
-0.320320,0.344650,0.722462,0.026480,-0.085089,0.736318,0.670742,-0.286854,0.463350,-0.004533,0.989241,-0.774753,0.119357,-0.289586,-0.325470,-0.064874,0.908013,-0.412776,0.261791,-0.035658,0.272993,0.184923,-0.396581,0.444996,-0.949660,0.681824,-0.008914,-0.080594,-0.163013,-0.111362,-0.511422,0.298791,1.344137,0.151728,0.095847,0.001056
-0.320122,0.344137,0.722656,0.025564,-0.086727,0.732425,0.674818,-0.279930,0.471019,0.001379,0.985965,-0.767736,0.115328,-0.290141,-0.316337,-0.062329,0.900264,-0.406827,0.261800,-0.040219,0.273864,0.187885,-0.422087,0.445038,-0.962708,0.702553,0.013906,-0.081920,-0.159456,-0.120244,-0.512243,0.307983,1.343078,0.139808,0.095325,0.000109
-0.320492,0.343237,0.723411,0.026772,-0.087150,0.728657,0.678783,-0.269489,0.474394,0.012522,0.979964,-0.759905,0.112595,-0.289417,-0.311693,-0.058461,0.890705,-0.400130,0.261801,-0.041792,0.268160,0.191546,-0.435630,0.443980,-0.964383,0.727620,0.035181,-0.082077,-0.154865,-0.128402,-0.510527,0.317790,1.338408,0.129134,0.095655,0.000352
-0.320998,0.342316,0.724669,0.029073,-0.086534,0.725108,0.682558,-0.256284,0.474535,0.028359,0.971157,-0.752275,0.111599,-0.288840,-0.311056,-0.052914,0.881892,-0.394128,0.261799,-0.038394,0.255976,0.194990,-0.432633,0.441021,-0.950746,0.757992,0.052170,-0.081365,-0.146880,-0.132133,-0.504333,0.329046,1.328781,0.122621,0.095661,0.000699
-0.321513,0.341633,0.726360,0.032356,-0.084740,0.721796,0.686136,-0.240477,0.471544,0.049783,0.959223,-0.745897,0.112744,-0.289655,-0.314922,-0.045643,0.875705,-0.389747,0.261800,-0.031437,0.236630,0.197576,-0.413730,0.436922,-0.918424,0.794963,0.065510,-0.079398,-0.133659,-0.131821,-0.493493,0.340433,1.314091,0.119890,0.095613,0.000687
-0.322138,0.341523,0.728378,0.036511,-0.081628,0.718736,0.689509,-0.222530,0.465664,0.077060,0.944442,-0.742440,0.116420,-0.293031,-0.323429,-0.036951,0.873717,-0.387463,0.261800,-0.023208,0.210213,0.199182,-0.383210,0.433985,-0.867440,0.837896,0.077075,-0.075887,-0.115501,-0.129603,-0.479129,0.350999,1.294496,0.117656,0.095720,0.001437
-0.322847,0.342504,0.730513,0.040518,-0.076854,0.715673,0.693011,-0.203784,0.458181,0.107310,0.928068,-0.744144,0.122781,-0.300358,-0.334750,-0.027073,0.877576,-0.387900,0.261800,-0.013221,0.178668,0.199821,-0.344420,0.433995,-0.801002,0.884449,0.086237,-0.071362,-0.094316,-0.125552,-0.461954,0.361974,1.269984,0.113412,0.094393,0.004785
-0.323505,0.344127,0.732583,0.044040,-0.071849,0.711979,0.697126,-0.184457,0.449618,0.136028,0.910772,-0.750808,0.129974,-0.312201,-0.345911,-0.016922,0.887114,-0.388989,0.261800,-0.001631,0.143901,0.199221,-0.300843,0.436853,-0.722218,0.935065,0.092122,-0.066406,-0.071924,-0.121971,-0.443439,0.370705,1.245316,0.107356,0.090990,0.009744
-0.323802,0.346107,0.734343,0.047077,-0.066909,0.707801,0.701659,-0.165927,0.441056,0.160731,0.894610,-0.760137,0.136635,-0.327140,-0.355777,-0.007270,0.900727,-0.391782,0.261799,0.010997,0.109120,0.197619,-0.257179,0.440890,-0.639570,0.987739,0.096376,-0.060992,-0.050757,-0.120174,-0.425186,0.377708,1.222742,0.100211,0.085993,0.015610
-0.323970,0.348100,0.735563,0.049626,-0.062330,0.703291,0.706423,-0.149571,0.433053,0.179935,0.881469,-0.770926,0.142225,-0.342926,-0.364016,0.001579,0.916105,-0.396008,0.261800,0.023142,0.077553,0.195720,-0.217850,0.444920,-0.562628,1.037829,0.099711,-0.055911,-0.034732,-0.121415,-0.409173,0.383871,1.203408,0.093111,0.080233,0.022321
-0.324940,0.349413,0.736079,0.051432,-0.059908,0.698782,0.710964,-0.135774,0.424979,0.191451,0.872315,-0.783670,0.146520,-0.357604,-0.369608,0.009866,0.931097,-0.396980,0.261805,0.032495,0.051374,0.194612,-0.185324,0.449061,-0.497371,1.079885,0.099394,-0.053371,-0.028296,-0.127701,-0.397696,0.387235,1.189646,0.088108,0.074172,0.029543
-0.326492,0.349963,0.735691,0.052959,-0.059079,0.695074,0.714546,-0.126756,0.417651,0.193906,0.871174,-0.793396,0.149533,-0.368517,-0.372279,0.018411,0.944507,-0.395684,0.261782,0.038709,0.033484,0.196174,-0.160389,0.451404,-0.449863,1.108889,0.094684,-0.053891,-0.031332,-0.137927,-0.391609,0.388912,1.180365,0.087634,0.067954,0.036016
-0.328237,0.350079,0.734367,0.054151,-0.059041,0.692625,0.716835,-0.123692,0.410999,0.188757,0.877077,-0.796789,0.151574,-0.374178,-0.372645,0.028088,0.954005,-0.394186,0.261837,0.041659,0.023714,0.199968,-0.141123,0.451169,-0.417446,1.122855,0.085013,-0.058447,-0.039545,-0.149558,-0.389721,0.389458,1.173657,0.091962,0.061662,0.040409
-0.329758,0.350845,0.731786,0.054950,-0.058992,0.691885,0.717493,-0.126522,0.403878,0.180386,0.887144,-0.791545,0.152267,-0.374130,-0.373773,0.039768,0.957338,-0.396741,0.261800,0.041977,0.019454,0.203908,-0.125219,0.449041,-0.394096,1.121798,0.070969,-0.066825,-0.047424,-0.159048,-0.389619,0.389734,1.166420,0.098842,0.055949,0.043279
-0.330597,0.353742,0.727514,0.055710,-0.055472,0.694028,0.715642,-0.134375,0.394596,0.173623,0.900330,-0.774720,0.150245,-0.368686,-0.380462,0.054000,0.953824,-0.408668,0.261552,0.041374,0.017577,0.206149,-0.111968,0.446027,-0.377260,1.107529,0.055131,-0.076295,-0.050992,-0.162755,-0.389181,0.391786,1.155098,0.105219,0.051950,0.047095
-0.330789,0.358213,0.723082,0.056880,-0.049098,0.697220,0.712908,-0.144741,0.380876,0.168082,0.911733,-0.746690,0.145398,-0.360164,-0.392563,0.069649,0.943138,-0.425027,0.263124,0.040121,0.014684,0.205880,-0.100292,0.442221,-0.363822,1.088060,0.039437,-0.085045,-0.048067,-0.160252,-0.388161,0.395101,1.141735,0.111291,0.049362,0.051185
-0.329560,0.363729,0.719681,0.058996,-0.039473,0.701450,0.709175,-0.156706,0.362172,0.167705,0.919174,-0.705103,0.137724,-0.349978,-0.412767,0.084137,0.925600,-0.446976,0.265256,0.038873,0.007510,0.202116,-0.091152,0.438225,-0.352841,1.068858,0.026873,-0.091644,-0.039311,-0.150584,-0.385072,0.400039,1.126687,0.117270,0.048936,0.055710
-0.326171,0.369270,0.718006,0.062591,-0.026200,0.706668,0.704285,-0.170613,0.338881,0.175387,0.920439,-0.648691,0.126384,-0.339880,-0.442261,0.094955,0.902375,-0.475390,0.263765,0.038274,-0.005583,0.194200,-0.086060,0.435342,-0.343042,1.053652,0.018505,-0.095200,-0.027996,-0.133868,-0.379259,0.406624,1.109081,0.122574,0.051679,0.062226
-0.320810,0.372978,0.718590,0.067911,-0.009795,0.712712,0.698093,-0.186524,0.311762,0.186796,0.912228,-0.581965,0.110219,-0.332714,-0.475704,0.101125,0.876120,-0.503627,0.254807,0.038009,-0.023329,0.182982,-0.084961,0.434890,-0.331919,1.046286,0.012335,-0.095532,-0.018500,-0.113381,-0.372773,0.413379,1.089833,0.126410,0.057419,0.071937
-0.313515,0.374863,0.721020,0.073707,0.005663,0.717921,0.692188,-0.203761,0.284712,0.197536,0.901610,-0.511703,0.090994,-0.328082,-0.507317,0.103215,0.852409,-0.531232,0.238849,0.037170,-0.042010,0.171461,-0.086829,0.436896,-0.323428,1.045303,0.010459,-0.092625,-0.012945,-0.092967,-0.366583,0.420863,1.072069,0.128752,0.065276,0.082761
-0.305112,0.375629,0.724839,0.078716,0.018888,0.722086,0.687050,-0.222783,0.262463,0.200563,0.892478,-0.447308,0.071424,-0.325474,-0.529587,0.101086,0.834713,-0.554389,0.221557,0.035747,-0.056720,0.161387,-0.089947,0.440104,-0.319988,1.047528,0.011039,-0.089162,-0.009027,-0.075594,-0.362083,0.428002,1.059030,0.130833,0.071847,0.091792
-0.297100,0.376191,0.728695,0.081682,0.028598,0.725066,0.683220,-0.243627,0.246760,0.190904,0.885190,-0.400078,0.053034,-0.324346,-0.538586,0.096140,0.824308,-0.570908,0.207674,0.034134,-0.064004,0.153214,-0.092391,0.443009,-0.321258,1.050282,0.011764,-0.087119,-0.003095,-0.062838,-0.360053,0.433405,1.051759,0.133430,0.074793,0.097134
-0.291058,0.377647,0.730280,0.080971,0.032179,0.725965,0.682190,-0.264238,0.235559,0.169084,0.880601,-0.380280,0.036338,-0.323593,-0.536793,0.092197,0.822264,-0.584318,0.198407,0.032182,-0.063313,0.147348,-0.092456,0.444529,-0.326743,1.051955,0.014142,-0.085194,0.006338,-0.055428,-0.359879,0.436807,1.049734,0.136381,0.075365,0.098214
-0.287974,0.381210,0.729676,0.077049,0.031103,0.725152,0.683557,-0.282039,0.230244,0.134342,0.879685,-0.390733,0.025726,-0.323136,-0.523549,0.088949,0.830984,-0.591204,0.201882,0.029301,-0.054496,0.144720,-0.088911,0.443295,-0.339162,1.050799,0.017728,-0.083982,0.018791,-0.055218,-0.362023,0.435918,1.057601,0.142355,0.073265,0.093681
-0.287067,0.386954,0.726679,0.070522,0.025732,0.722667,0.687107,-0.293954,0.233561,0.091852,0.881971,-0.427946,0.024925,-0.323883,-0.500247,0.084364,0.852965,-0.593256,0.216601,0.025952,-0.039091,0.144810,-0.083302,0.441191,-0.359846,1.045740,0.022054,-0.083842,0.029110,-0.062427,-0.365593,0.431293,1.076132,0.149842,0.068716,0.083170
-0.287056,0.393306,0.721584,0.061991,0.016430,0.718494,0.692570,-0.298437,0.247151,0.048000,0.886856,-0.484039,0.034268,-0.327161,-0.469706,0.076272,0.889638,-0.592955,0.234344,0.022137,-0.018334,0.147343,-0.079168,0.440735,-0.388365,1.037468,0.028778,-0.084603,0.029640,-0.076468,-0.369840,0.424461,1.102539,0.153953,0.062328,0.069561
-0.287475,0.397878,0.716140,0.052883,0.001949,0.712859,0.699308,-0.296762,0.270362,0.005621,0.895519,-0.549148,0.050509,-0.333653,-0.434319,0.063822,0.939909,-0.588586,0.248961,0.016571,0.007704,0.153517,-0.079253,0.441922,-0.422864,1.028771,0.041149,-0.085855,0.014861,-0.096902,-0.375171,0.415339,1.134059,0.151255,0.054529,0.058212
-0.287806,0.400502,0.711175,0.044636,-0.014099,0.706688,0.705976,-0.290565,0.301636,-0.029098,0.910825,-0.614713,0.070206,-0.341777,-0.397763,0.049656,0.997864,-0.584132,0.258152,0.010160,0.035372,0.162586,-0.081815,0.444112,-0.458030,1.022760,0.058002,-0.086503,-0.013580,-0.121122,-0.379369,0.404975,1.168843,0.145017,0.046450,0.049552
-0.288484,0.401560,0.707788,0.037037,-0.030748,0.700358,0.712167,-0.282751,0.338290,-0.055314,0.931807,-0.673097,0.089917,-0.349582,-0.361293,0.035395,1.053947,-0.577664,0.263279,0.003809,0.063095,0.173744,-0.087276,0.446245,-0.490989,1.020405,0.077057,-0.087604,-0.049831,-0.146685,-0.382807,0.394647,1.204195,0.138920,0.037665,0.044553
-0.290153,0.401214,0.706564,0.029879,-0.047034,0.694300,0.717525,-0.275888,0.374507,-0.072903,0.953530,-0.718431,0.105369,-0.355273,-0.327121,0.024035,1.098228,-0.567151,0.264697,-0.001132,0.088636,0.185334,-0.096218,0.447770,-0.518509,1.022448,0.096097,-0.089509,-0.086069,-0.170154,-0.385845,0.386167,1.236372,0.134575,0.028998,0.044505
-0.292837,0.399824,0.706697,0.025852,-0.057709,0.690480,0.720582,-0.270497,0.401096,-0.077859,0.969371,-0.746823,0.111869,-0.357117,-0.301400,0.021480,1.123170,-0.557079,0.260658,-0.002369,0.106101,0.194089,-0.106293,0.448640,-0.534216,1.031139,0.112737,-0.089476,-0.114031,-0.185928,-0.386041,0.381458,1.261093,0.132784,0.024592,0.049284
-0.296550,0.399567,0.707184,0.024248,-0.061763,0.688975,0.721742,-0.265957,0.411010,-0.071542,0.973650,-0.753578,0.108019,-0.353615,-0.288840,0.029286,1.123806,-0.549070,0.257317,0.001030,0.111208,0.197519,-0.115708,0.446784,-0.534788,1.047246,0.123828,-0.086223,-0.126560,-0.189002,-0.383060,0.379595,1.274067,0.138060,0.026984,0.058540
-0.299345,0.400799,0.707442,0.025892,-0.058897,0.689818,0.721119,-0.261482,0.400187,-0.059076,0.963906,-0.732724,0.093179,-0.345257,-0.290523,0.047906,1.102330,-0.547842,0.253360,0.008725,0.101601,0.194742,-0.123233,0.443075,-0.521274,1.069077,0.126928,-0.081404,-0.122245,-0.177591,-0.378116,0.382419,1.271325,0.148769,0.035239,0.071600
-0.298651,0.402543,0.707798,0.031608,-0.048806,0.692904,0.718681,-0.257614,0.369747,-0.044672,0.944172,-0.683591,0.067743,-0.334216,-0.306149,0.074422,1.067830,-0.558809,0.243783,0.018939,0.078429,0.187149,-0.128653,0.439713,-0.496885,1.093202,0.123112,-0.077016,-0.106012,-0.153843,-0.373244,0.391791,1.251770,0.157875,0.046383,0.088542
-0.293338,0.404202,0.709208,0.043745,-0.030820,0.698455,0.713650,-0.256769,0.326943,-0.028842,0.924291,-0.616061,0.034971,-0.323103,-0.335085,0.101536,1.032063,-0.583409,0.228195,0.028919,0.046748,0.177781,-0.132421,0.437286,-0.464966,1.115755,0.116959,-0.073089,-0.085722,-0.123057,-0.370195,0.405803,1.219402,0.159384,0.057693,0.109447
-0.283965,0.405695,0.711329,0.057491,-0.011036,0.704771,0.707016,-0.260973,0.281152,-0.012276,0.909255,-0.545300,0.002592,-0.313654,-0.371168,0.125252,1.001427,-0.618654,0.209035,0.037270,0.011620,0.167948,-0.133185,0.435738,-0.430308,1.133610,0.109237,-0.069713,-0.064083,-0.091245,-0.368504,0.421416,1.182109,0.155819,0.067910,0.128941
-0.271626,0.406676,0.713691,0.071506,0.008533,0.711176,0.699316,-0.270866,0.241853,0.002960,0.902298,-0.484441,-0.023731,-0.306941,-0.406850,0.141215,0.980459,-0.658768,0.188005,0.042828,-0.020522,0.160138,-0.132725,0.435361,-0.398808,1.144490,0.101652,-0.067558,-0.044739,-0.065474,-0.369281,0.436327,1.146570,0.148096,0.075065,0.143728
-0.258034,0.407039,0.716227,0.084464,0.025872,0.717176,0.691271,-0.285054,0.215656,0.016368,0.904267,-0.444333,-0.039979,-0.303625,-0.436405,0.146954,0.972215,-0.697393,0.167718,0.044857,-0.044811,0.155629,-0.132730,0.436744,-0.375624,1.147146,0.096842,-0.066274,-0.031502,-0.050550,-0.372894,0.448909,1.117775,0.136590,0.078839,0.153454
-0.245714,0.407349,0.718865,0.092869,0.036589,0.721606,0.685071,-0.300184,0.204109,0.029394,0.911485,-0.432963,-0.042810,-0.303635,-0.456924,0.144355,0.976266,-0.729123,0.152963,0.043661,-0.059911,0.152670,-0.131656,0.439674,-0.362863,1.141956,0.096216,-0.063861,-0.024946,-0.046482,-0.377025,0.457330,1.099174,0.125560,0.081789,0.158325
-0.237023,0.407872,0.720061,0.096684,0.041884,0.724539,0.681133,-0.312556,0.204992,0.036891,0.915476,-0.447727,-0.034149,-0.304854,-0.465782,0.135845,0.985935,-0.749168,0.146285,0.040428,-0.063328,0.151353,-0.129811,0.441016,-0.358228,1.131840,0.098398,-0.060182,-0.021232,-0.051707,-0.381621,0.458744,1.090114,0.122567,0.083503,0.156781
-0.232372,0.409022,0.719556,0.095948,0.042074,0.725966,0.679704,-0.318248,0.216263,0.034289,0.909084,-0.477222,-0.018138,-0.306056,-0.461688,0.122131,0.997241,-0.755903,0.149549,0.035266,-0.054333,0.151109,-0.125822,0.439176,-0.362253,1.117505,0.100866,-0.057513,-0.019121,-0.064178,-0.386550,0.453014,1.089118,0.129797,0.082747,0.148655
-0.230684,0.410752,0.717886,0.090684,0.037469,0.725759,0.680916,-0.315471,0.235804,0.022379,0.890429,-0.510105,0.000601,-0.307458,-0.446360,0.104003,1.009244,-0.752080,0.161255,0.028167,-0.034764,0.151487,-0.118853,0.434929,-0.375013,1.098932,0.103642,-0.057102,-0.020479,-0.082119,-0.391439,0.442105,1.094866,0.143340,0.079424,0.135111
-0.230811,0.412176,0.715516,0.081464,0.028724,0.724036,0.684332,-0.305734,0.260621,0.006661,0.862905,-0.542740,0.018749,-0.310216,-0.423905,0.084149,1.021800,-0.741982,0.176030,0.019732,-0.007997,0.153164,-0.110647,0.430064,-0.393085,1.077428,0.109797,-0.057441,-0.027940,-0.104219,-0.396199,0.428238,1.106205,0.156831,0.074891,0.117789
-0.232858,0.412822,0.714284,0.070538,0.018130,0.721694,0.688370,-0.290120,0.288639,-0.012043,0.828782,-0.577057,0.037367,-0.315766,-0.395202,0.065217,1.035933,-0.721895,0.193193,0.008812,0.023585,0.155962,-0.101309,0.425100,-0.417221,1.052868,0.117500,-0.059779,-0.042712,-0.128680,-0.400579,0.413611,1.122388,0.166890,0.069393,0.099497
-0.236708,0.412100,0.715024,0.059018,0.006526,0.719034,0.692433,-0.272189,0.316485,-0.031657,0.793713,-0.613286,0.055796,-0.323870,-0.364525,0.048809,1.050409,-0.692116,0.210933,-0.003658,0.056969,0.160652,-0.093890,0.421395,-0.447264,1.026320,0.127781,-0.064736,-0.064233,-0.154076,-0.405647,0.400171,1.141980,0.170312,0.063075,0.083533
-0.242024,0.409745,0.717568,0.048026,-0.005246,0.716429,0.695986,-0.256604,0.339849,-0.049070,0.765024,-0.651103,0.072461,-0.333449,-0.337695,0.036446,1.063427,-0.657049,0.226951,-0.015610,0.088303,0.167252,-0.091327,0.420164,-0.482052,0.999857,0.142681,-0.071401,-0.090055,-0.177783,-0.411685,0.390626,1.162516,0.165561,0.056918,0.072879
-0.248464,0.406335,0.721533,0.040267,-0.014384,0.714966,0.697850,-0.246627,0.354752,-0.062656,0.747027,-0.689959,0.086590,-0.343217,-0.318011,0.030760,1.073297,-0.622229,0.240018,-0.025632,0.113649,0.173779,-0.093615,0.421258,-0.519641,0.975819,0.161091,-0.078050,-0.115927,-0.195717,-0.416997,0.387650,1.180774,0.155399,0.052602,0.069530
-0.254958,0.402835,0.726401,0.035112,-0.020196,0.714741,0.698215,-0.243504,0.358481,-0.072858,0.737039,-0.720750,0.095389,-0.349599,-0.306223,0.034837,1.072824,-0.596237,0.247056,-0.031801,0.130537,0.179593,-0.102956,0.424585,-0.553492,0.957437,0.179960,-0.083649,-0.136605,-0.207339,-0.422023,0.388490,1.193972,0.146549,0.050380,0.074012
-0.261032,0.400453,0.731413,0.032095,-0.022951,0.715569,0.697427,-0.245315,0.353796,-0.080368,0.732958,-0.741210,0.099868,-0.351827,-0.300963,0.046155,1.062189,-0.581657,0.250621,-0.033666,0.140138,0.183576,-0.117648,0.429352,-0.583017,0.944049,0.197244,-0.088300,-0.149252,-0.212696,-0.425646,0.392924,1.203189,0.141650,0.050061,0.083079
-0.265973,0.399688,0.735089,0.030747,-0.022920,0.717220,0.695791,-0.250316,0.342666,-0.085364,0.733064,-0.750808,0.101529,-0.350443,-0.300764,0.063833,1.044160,-0.580354,0.252628,-0.031867,0.142496,0.184639,-0.135333,0.434832,-0.607793,0.936039,0.213108,-0.092194,-0.152478,-0.210815,-0.426328,0.401101,1.207661,0.141033,0.051155,0.093107
-0.268416,0.399886,0.735635,0.033217,-0.017041,0.721422,0.691488,-0.258805,0.321681,-0.088163,0.734444,-0.745485,0.099035,-0.345363,-0.305078,0.093333,1.019332,-0.596875,0.248658,-0.027429,0.134073,0.182738,-0.156022,0.440835,-0.621918,0.937940,0.228764,-0.094815,-0.145626,-0.200378,-0.423994,0.410716,1.200997,0.145737,0.052690,0.103918
-0.268897,0.400763,0.733523,0.038335,-0.008752,0.726684,0.685846,-0.267699,0.291491,-0.091642,0.736398,-0.732099,0.094000,-0.339412,-0.311695,0.132388,0.998500,-0.624315,0.237425,-0.022492,0.116959,0.178441,-0.175534,0.446113,-0.625288,0.948102,0.242167,-0.096109,-0.132395,-0.183626,-0.418446,0.422888,1.180994,0.154027,0.053317,0.117321
-0.267470,0.401752,0.729515,0.046154,0.001123,0.732755,0.678925,-0.276080,0.254747,-0.097728,0.740178,-0.715387,0.087891,-0.334688,-0.320352,0.174485,0.990462,-0.657904,0.218210,-0.016410,0.094298,0.173748,-0.193076,0.451246,-0.621604,0.963898,0.254181,-0.096453,-0.116036,-0.164656,-0.410214,0.437481,1.151131,0.165474,0.051404,0.130561
-0.263687,0.401605,0.724261,0.056724,0.011762,0.739383,0.670788,-0.284383,0.214340,-0.106356,0.747660,-0.695873,0.080834,-0.332630,-0.332671,0.212855,0.999124,-0.697623,0.191942,-0.007972,0.068157,0.171522,-0.210002,0.457612,-0.613062,0.983117,0.265265,-0.095622,-0.099155,-0.148203,-0.400536,0.454793,1.114938,0.178519,0.047267,0.140719
-0.257549,0.399067,0.718656,0.071308,0.021762,0.745068,0.662809,-0.292070,0.173325,-0.115608,0.759435,-0.673135,0.072453,-0.334671,-0.349731,0.243217,1.023094,-0.743809,0.162105,0.002253,0.039859,0.173756,-0.225993,0.465533,-0.598257,1.003643,0.272152,-0.092349,-0.084812,-0.138939,-0.390894,0.476823,1.072820,0.189358,0.043844,0.149395
-0.249942,0.395312,0.714063,0.085256,0.030845,0.749200,0.656109,-0.298805,0.137281,-0.122130,0.772911,-0.648665,0.064477,-0.340466,-0.368414,0.264208,1.051649,-0.789699,0.131065,0.015280,0.012623,0.178972,-0.238875,0.474521,-0.579313,1.023923,0.274246,-0.086336,-0.075282,-0.140964,-0.382661,0.501033,1.030382,0.199790,0.041747,0.157106
-0.241739,0.390960,0.711393,0.097357,0.038500,0.751252,0.651660,-0.306066,0.111781,-0.124005,0.788167,-0.622183,0.056544,-0.350537,-0.384305,0.274588,1.077255,-0.828023,0.103995,0.032167,-0.007919,0.185746,-0.245715,0.482640,-0.557592,1.041649,0.272232,-0.080189,-0.068818,-0.156417,-0.378194,0.524631,0.994929,0.208016,0.040452,0.162340
-0.233394,0.386478,0.711067,0.106408,0.044219,0.750742,0.650468,-0.315648,0.098644,-0.122392,0.803134,-0.593343,0.047372,-0.364351,-0.394447,0.276058,1.093816,-0.856144,0.087015,0.052818,-0.018255,0.192190,-0.241876,0.487471,-0.532404,1.054691,0.266793,-0.076720,-0.065603,-0.185618,-0.384206,0.546418,0.963200,0.213679,0.040006,0.168319
-0.225410,0.383233,0.713184,0.110908,0.048783,0.745972,0.654863,-0.327102,0.094348,-0.120533,0.809531,-0.563266,0.036302,-0.378520,-0.399747,0.274062,1.094997,-0.876017,0.083438,0.074871,-0.019953,0.195751,-0.220634,0.486676,-0.501807,1.061523,0.257065,-0.076153,-0.072053,-0.229428,-0.412068,0.566715,0.917280,0.223953,0.041315,0.184956
-0.219960,0.382505,0.717300,0.113487,0.053067,0.739356,0.661557,-0.336346,0.094796,-0.118487,0.801412,-0.530157,0.020372,-0.390063,-0.406248,0.268785,1.085918,-0.885089,0.091996,0.092595,-0.014317,0.197537,-0.176650,0.476339,-0.464915,1.059002,0.238507,-0.077784,-0.092129,-0.294433,-0.468530,0.586117,0.848182,0.246298,0.042843,0.212413
-0.218070,0.385769,0.722712,0.113978,0.057368,0.731309,0.670003,-0.342118,0.099669,-0.118269,0.775875,-0.490679,-0.002301,-0.397070,-0.416152,0.259383,1.067980,-0.882794,0.108921,0.102764,-0.003355,0.197009,-0.111438,0.454260,-0.426788,1.051328,0.210819,-0.082695,-0.125335,-0.384935,-0.552273,0.607603,0.766467,0.281194,0.037286,0.238139
-0.219972,0.392603,0.728102,0.112212,0.061987,0.722245,0.679653,-0.345058,0.109017,-0.121293,0.737722,-0.445567,-0.030559,-0.399471,-0.430169,0.246805,1.040797,-0.865367,0.132969,0.102859,0.009771,0.194185,-0.035721,0.421945,-0.395178,1.044816,0.179791,-0.090296,-0.166176,-0.513618,-0.656058,0.635994,0.688268,0.322527,0.019119,0.247992
-0.226103,0.399910,0.731933,0.109272,0.066287,0.713897,0.688488,-0.345941,0.121895,-0.126202,0.699806,-0.401983,-0.061169,-0.399005,-0.448423,0.233727,1.007137,-0.824669,0.165038,0.090960,0.022904,0.191830,0.033917,0.385280,-0.375727,1.041242,0.154445,-0.096377,-0.205007,-0.696445,-0.768574,0.676331,0.623301,0.360133,-0.008468,0.237303
-0.236203,0.406487,0.734907,0.102673,0.068617,0.706842,0.696509,-0.348874,0.145404,-0.135172,0.668794,-0.364408,-0.094296,-0.396953,-0.458845,0.220467,0.966880,-0.767413,0.194402,0.075737,0.040768,0.189882,0.088762,0.353090,-0.371231,1.042038,0.139692,-0.100408,-0.232411,-0.898896,-0.872212,0.732370,0.587991,0.381333,-0.039026,0.209195
-0.248581,0.411780,0.736912,0.092757,0.068935,0.700865,0.703869,-0.354846,0.177997,-0.147674,0.645308,-0.332361,-0.128779,-0.393937,-0.460660,0.207765,0.921585,-0.701526,0.217371,0.059973,0.062015,0.187604,0.130293,0.330190,-0.378467,1.044578,0.136452,-0.102747,-0.249841,-1.104681,-0.957712,0.804793,0.585487,0.382169,-0.067359,0.173327
-0.261647,0.415303,0.737723,0.079862,0.067197,0.695720,0.710690,-0.362676,0.212952,-0.161314,0.627069,-0.302973,-0.162263,-0.390190,-0.460961,0.196563,0.874423,-0.633558,0.235244,0.041418,0.081085,0.184227,0.164491,0.318442,-0.391361,1.044557,0.143506,-0.103907,-0.263813,-1.314603,-1.021098,0.891750,0.611624,0.364458,-0.089938,0.139861
-0.275004,0.417038,0.738180,0.067913,0.065922,0.691751,0.715907,-0.371836,0.246415,-0.174524,0.611690,-0.273974,-0.192797,-0.385900,-0.464358,0.187078,0.828250,-0.570008,0.247297,0.018767,0.094077,0.178805,0.195978,0.319183,-0.405116,1.039594,0.158997,-0.104775,-0.277641,-1.525501,-1.057615,0.989417,0.665503,0.330281,-0.104558,0.114030
-0.287425,0.418830,0.738524,0.059737,0.067428,0.689484,0.718677,-0.381747,0.274826,-0.185891,0.597161,-0.243789,-0.218416,-0.381493,-0.474764,0.179672,0.784905,-0.514908,0.254340,-0.008918,0.098401,0.170377,0.228317,0.331028,-0.416282,1.029049,0.180176,-0.106211,-0.293536,-1.737887,-1.066688,1.090296,0.743093,0.284610,-0.111631,0.097240
-0.298145,0.422182,0.739329,0.055075,0.072161,0.688683,0.719358,-0.391360,0.294916,-0.194860,0.583150,-0.213100,-0.237030,-0.377814,-0.494665,0.175327,0.747735,-0.471565,0.257989,-0.041622,0.092966,0.158425,0.262456,0.351114,-0.422928,1.013309,0.204051,-0.108537,-0.311678,-1.947684,-1.051589,1.182714,0.833995,0.234503,-0.112087,0.089356
-0.307057,0.426964,0.740785,0.053664,0.080560,0.689040,0.718230,-0.399990,0.307049,-0.201985,0.569569,-0.182987,-0.248914,-0.375262,-0.522864,0.173896,0.717562,-0.438988,0.259925,-0.078066,0.079631,0.143469,0.297918,0.376123,-0.425000,0.993899,0.228367,-0.111589,-0.330976,-2.152627,-1.020202,1.261137,0.928080,0.184900,-0.107775,0.087938
-0.314286,0.431518,0.742211,0.058919,0.092704,0.691984,0.713507,-0.407522,0.315589,-0.208645,0.555616,-0.153854,-0.257114,-0.373508,-0.554637,0.173545,0.691751,-0.412402,0.261236,-0.115992,0.062880,0.127019,0.333799,0.402713,-0.423929,0.973193,0.251415,-0.114987,-0.349998,-2.350833,-0.983062,1.328695,1.019480,0.137368,-0.101482,0.088542
-0.319653,0.434906,0.743786,0.064597,0.103796,0.695298,0.708247,-0.412403,0.319820,-0.216072,0.542465,-0.128991,-0.261064,-0.373410,-0.588692,0.174840,0.675571,-0.397063,0.261811,-0.153551,0.044352,0.109841,0.367071,0.427279,-0.420541,0.952409,0.269552,-0.118420,-0.366615,-2.511589,-0.943920,1.373879,1.097049,0.097816,-0.093671,0.090036
-0.322807,0.437239,0.744696,0.070862,0.113569,0.698613,0.702866,-0.415936,0.318983,-0.225139,0.531597,-0.108627,-0.261885,-0.375032,-0.626596,0.178361,0.667756,-0.391494,0.262260,-0.190316,0.024449,0.091774,0.397825,0.448760,-0.416993,0.931837,0.283732,-0.121977,-0.380239,-2.633698,-0.903142,1.398438,1.162602,0.067144,-0.084627,0.091239
-0.324021,0.438810,0.744390,0.077879,0.121758,0.701570,0.697789,-0.416835,0.318250,-0.235449,0.521176,-0.092212,-0.261800,-0.377649,-0.661490,0.181991,0.666662,-0.392349,0.262548,-0.224721,0.006981,0.074912,0.424823,0.465779,-0.413369,0.912998,0.292578,-0.125068,-0.391336,-2.719334,-0.868674,1.408032,1.212160,0.043759,-0.076495,0.090901
-0.324336,0.439583,0.743581,0.081000,0.124702,0.703916,0.694544,-0.409762,0.325757,-0.244956,0.507549,-0.081033,-0.261787,-0.380706,-0.678894,0.182104,0.676648,-0.401445,0.261521,-0.253762,-0.002098,0.063617,0.443314,0.475055,-0.406605,0.898961,0.290274,-0.126261,-0.400476,-2.753180,-0.854202,1.402202,1.229393,0.026413,-0.072269,0.089328
-0.323634,0.440381,0.741655,0.083714,0.126553,0.706060,0.691704,-0.401307,0.331948,-0.251514,0.498198,-0.073250,-0.261805,-0.384539,-0.691313,0.182267,0.693822,-0.415391,0.261163,-0.280322,-0.009939,0.054989,0.456866,0.478113,-0.399306,0.889123,0.286821,-0.126275,-0.408980,-2.773119,-0.845443,1.398957,1.239116,0.007011,-0.069112,0.089284
-0.321763,0.441553,0.739240,0.084821,0.126848,0.707830,0.689704,-0.393583,0.339263,-0.252724,0.490869,-0.066417,-0.261801,-0.387587,-0.696974,0.178821,0.711971,-0.432110,0.260172,-0.302818,-0.015230,0.048594,0.467201,0.477913,-0.389664,0.883341,0.283245,-0.125172,-0.417222,-2.788170,-0.842718,1.400270,1.246956,-0.010571,-0.067259,0.089912
-0.319140,0.443195,0.737183,0.083118,0.125126,0.709048,0.688975,-0.385479,0.350862,-0.248240,0.482444,-0.060449,-0.261800,-0.388318,-0.690812,0.169628,0.728666,-0.450906,0.256637,-0.319102,-0.014973,0.044730,0.472898,0.475818,-0.377233,0.882408,0.276943,-0.122315,-0.425547,-2.787867,-0.853430,1.400000,1.245319,-0.020379,-0.068171,0.089851
-0.316712,0.445666,0.735247,0.079904,0.121965,0.709814,0.689133,-0.378009,0.357673,-0.240421,0.478483,-0.058061,-0.261783,-0.387024,-0.681518,0.161295,0.745770,-0.470243,0.251643,-0.331274,-0.013745,0.041121,0.472703,0.471305,-0.366471,0.886453,0.271802,-0.117506,-0.434458,-2.774627,-0.874420,1.399960,1.236480,-0.026506,-0.070693,0.090616
-0.315089,0.449043,0.733905,0.075684,0.118156,0.710168,0.689907,-0.370300,0.362456,-0.228967,0.475293,-0.059821,-0.261865,-0.382810,-0.668417,0.150376,0.759313,-0.488103,0.245672,-0.338053,-0.009867,0.038166,0.468731,0.466409,-0.350579,0.893144,0.267490,-0.111646,-0.440827,-2.750113,-0.904491,1.400019,1.222916,-0.030927,-0.074102,0.091349
-0.313888,0.452765,0.732904,0.071672,0.114097,0.710318,0.690865,-0.363651,0.358053,-0.215462,0.480180,-0.068005,-0.261670,-0.376338,-0.657387,0.138515,0.769832,-0.505626,0.240714,-0.339040,-0.006325,0.036398,0.459657,0.460160,-0.333374,0.901581,0.263139,-0.105662,-0.441938,-2.712620,-0.944285,1.399996,1.202781,-0.033740,-0.078451,0.089443
-0.312132,0.456386,0.731927,0.069085,0.110191,0.710486,0.691589,-0.358830,0.344455,-0.202178,0.496764,-0.084101,-0.261800,-0.367550,-0.648513,0.126549,0.779998,-0.526309,0.237264,-0.333265,-0.003724,0.036906,0.444575,0.453889,-0.319354,0.910470,0.258161,-0.101254,-0.437253,-2.661889,-0.996077,1.400000,1.175284,-0.032050,-0.084105,0.082965
-0.309206,0.459909,0.731229,0.064224,0.103170,0.710851,0.692764,-0.353607,0.338356,-0.190698,0.514175,-0.107076,-0.263845,-0.354892,-0.629299,0.109964,0.790207,-0.552762,0.232767,-0.318512,0.004682,0.041726,0.426207,0.453553,-0.303814,0.916438,0.251177,-0.100430,-0.428218,-2.602257,-1.061464,1.399991,1.144719,-0.021631,-0.090755,0.072423
-0.305877,0.462312,0.730068,0.060263,0.095364,0.711348,0.693727,-0.347753,0.328389,-0.185473,0.539540,-0.139568,-0.265309,-0.342448,-0.607999,0.098070,0.802771,-0.582866,0.228313,-0.297900,0.015372,0.050910,0.402134,0.455196,-0.294682,0.918590,0.238916,-0.100963,-0.416046,-2.535707,-1.134697,1.400036,1.112301,-0.005919,-0.096280,0.059462
-0.302153,0.463636,0.728420,0.056168,0.086364,0.712029,0.694551,-0.340683,0.316603,-0.184302,0.573821,-0.181050,-0.262958,-0.330627,-0.581977,0.090979,0.817824,-0.616413,0.223417,-0.270066,0.029669,0.064274,0.370196,0.458108,-0.294185,0.918129,0.220304,-0.102189,-0.400045,-2.459759,-1.218465,1.399930,1.075238,0.020140,-0.102079,0.044153
-0.297842,0.464905,0.726013,0.050904,0.075755,0.712916,0.695284,-0.332607,0.308530,-0.182755,0.613316,-0.230183,-0.254654,-0.317961,-0.547694,0.084976,0.836048,-0.656994,0.216959,-0.233295,0.050843,0.080132,0.330288,0.460496,-0.300732,0.916655,0.192352,-0.104082,-0.380542,-2.372698,-1.316202,1.400133,1.033720,0.063876,-0.109561,0.030169
-0.293811,0.466885,0.721945,0.045887,0.065542,0.715599,0.693915,-0.326162,0.296407,-0.179272,0.658685,-0.289054,-0.238965,-0.305290,-0.514908,0.082194,0.860435,-0.707845,0.209195,-0.191719,0.078968,0.094900,0.283570,0.453830,-0.315032,0.914926,0.149761,-0.105014,-0.360010,-2.276151,-1.422036,1.401062,0.994369,0.125346,-0.115283,0.027732
-0.291776,0.468679,0.718125,0.040089,0.055750,0.720401,0.690150,-0.324938,0.281744,-0.168350,0.712087,-0.360916,-0.212529,-0.293563,-0.485949,0.080407,0.888428,-0.760236,0.199559,-0.151282,0.119383,0.107666,0.230686,0.432877,-0.333886,0.913647,0.099949,-0.103757,-0.336545,-2.167072,-1.529962,1.398715,0.958717,0.203004,-0.112689,0.043463
-0.291479,0.469403,0.715554,0.032965,0.046139,0.726452,0.684873,-0.331058,0.268445,-0.149544,0.773909,-0.439489,-0.178367,-0.283304,-0.458224,0.079067,0.910531,-0.806517,0.188148,-0.115714,0.173207,0.117367,0.176718,0.394683,-0.353892,0.913946,0.048948,-0.100448,-0.312705,-2.060621,-1.639140,1.399727,0.926265,0.290182,-0.099729,0.077627
-0.291851,0.468709,0.713599,0.023971,0.036468,0.732877,0.678960,-0.346098,0.261760,-0.125656,0.839576,-0.513755,-0.144651,-0.274267,-0.429484,0.076349,0.917633,-0.843331,0.172922,-0.084994,0.238186,0.122190,0.126934,0.342686,-0.371302,0.916750,0.002135,-0.096423,-0.291835,-1.971585,-1.741881,1.408557,0.900786,0.376658,-0.077637,0.124813
-0.292947,0.466117,0.711514,0.012935,0.027487,0.739342,0.672644,-0.370704,0.267336,-0.099390,0.900291,-0.576908,-0.115220,-0.267998,-0.400108,0.070524,0.910438,-0.869120,0.151346,-0.060047,0.311722,0.122982,0.082199,0.288104,-0.382838,0.922231,-0.034652,-0.092196,-0.273250,-1.892105,-1.817043,1.414593,0.890496,0.451588,-0.047903,0.176184
-0.295437,0.459555,0.711224,0.009539,0.026702,0.746863,0.664373,-0.398531,0.282865,-0.077241,0.952489,-0.628718,-0.075799,-0.274357,-0.368681,0.077056,0.902422,-0.880284,0.133674,-0.055824,0.386478,0.130275,0.043200,0.240067,-0.391387,0.930619,-0.066772,-0.083636,-0.257662,-1.801992,-1.849467,1.405266,0.892883,0.503844,-0.014111,0.222170
-0.298318,0.451769,0.711539,0.003811,0.023882,0.752283,0.658397,-0.420772,0.301433,-0.062145,0.993141,-0.667924,-0.044272,-0.283260,-0.342119,0.085549,0.885434,-0.879355,0.111652,-0.061917,0.437002,0.133999,0.012314,0.216143,-0.387521,0.943387,-0.083588,-0.077309,-0.244048,-1.657058,-1.801686,1.344251,0.903165,0.521659,0.014630,0.245588
-0.300153,0.446482,0.711591,-0.014217,0.008789,0.752190,0.658735,-0.431228,0.315223,-0.052694,1.021567,-0.696413,-0.035059,-0.282928,-0.327643,0.083012,0.859548,-0.875405,0.081575,-0.063373,0.445743,0.126566,-0.009141,0.223180,-0.369792,0.958311,-0.082559,-0.077632,-0.231363,-1.451220,-1.665596,1.214095,0.917826,0.508605,0.033338,0.241008
-0.300977,0.443655,0.713352,-0.027425,-0.004752,0.748631,0.662403,-0.429115,0.319341,-0.045815,1.040552,-0.721108,-0.026301,-0.279628,-0.323474,0.080203,0.853558,-0.877016,0.063787,-0.065619,0.423846,0.122987,-0.022876,0.244586,-0.357859,0.968019,-0.086208,-0.076310,-0.220553,-1.243589,-1.493566,1.046312,0.935599,0.487506,0.047336,0.225627
-0.301890,0.443047,0.713436,-0.033334,-0.015716,0.746030,0.664892,-0.416506,0.315846,-0.040277,1.048684,-0.739508,-0.018517,-0.274299,-0.325371,0.077943,0.862674,-0.877663,0.060135,-0.067882,0.381231,0.121759,-0.029750,0.272316,-0.351736,0.971979,-0.092710,-0.074615,-0.211941,-1.035758,-1.303658,0.858311,0.958682,0.462070,0.057888,0.205198
-0.301836,0.444247,0.711958,-0.032613,-0.023665,0.743928,0.667044,-0.395612,0.308177,-0.035343,1.043192,-0.749136,-0.011751,-0.269186,-0.328941,0.076382,0.881103,-0.868619,0.071266,-0.069358,0.328345,0.121422,-0.031139,0.300430,-0.350875,0.970369,-0.099805,-0.073911,-0.205419,-0.822987,-1.109982,0.664845,0.989383,0.433397,0.064995,0.183466
-0.299991,0.446220,0.711909,-0.025925,-0.028157,0.741742,0.669592,-0.369027,0.300478,-0.030509,1.022146,-0.749151,-0.003281,-0.267856,-0.330046,0.076371,0.905434,-0.842713,0.097427,-0.070335,0.276595,0.122463,-0.028952,0.323865,-0.355991,0.963380,-0.107685,-0.074370,-0.200710,-0.612290,-0.932114,0.487693,1.028160,0.403950,0.068594,0.164358
-0.297822,0.446872,0.715244,-0.013850,-0.026771,0.740117,0.671802,-0.339986,0.296977,-0.025618,0.986459,-0.739713,0.006331,-0.271757,-0.325827,0.077103,0.928765,-0.796368,0.133674,-0.070670,0.234571,0.123499,-0.024981,0.340645,-0.364580,0.952550,-0.114198,-0.076822,-0.197408,-0.417348,-0.784999,0.348261,1.073159,0.375177,0.068875,0.149729
-0.295039,0.443403,0.721698,0.003546,-0.017451,0.740228,0.672120,-0.310201,0.296997,-0.020489,0.942136,-0.724909,0.014545,-0.278204,-0.317825,0.076580,0.948089,-0.736764,0.173066,-0.069776,0.200308,0.122822,-0.020482,0.353055,-0.373362,0.940076,-0.118139,-0.081442,-0.194740,-0.246926,-0.658170,0.234319,1.121494,0.347134,0.067285,0.137978
-0.291644,0.438332,0.728140,0.014719,-0.010855,0.738727,0.673756,-0.282688,0.302690,-0.015725,0.893646,-0.706886,0.019210,-0.285532,-0.306092,0.073786,0.956639,-0.666146,0.208839,-0.065664,0.177193,0.119435,-0.016108,0.361252,-0.380610,0.927653,-0.118233,-0.088079,-0.192141,-0.122324,-0.558521,0.156269,1.167700,0.321349,0.064216,0.130070
-0.288303,0.434546,0.733123,0.008129,-0.017649,0.732680,0.680295,-0.258574,0.315895,-0.011541,0.841321,-0.685637,0.020210,-0.294195,-0.289918,0.068560,0.949919,-0.581811,0.239220,-0.056756,0.168483,0.113042,-0.011981,0.364603,-0.386184,0.915338,-0.113829,-0.096580,-0.189728,-0.056206,-0.492890,0.123864,1.209966,0.298344,0.059424,0.126907
-0.285825,0.430673,0.738726,-0.000232,-0.023091,0.726063,0.687240,-0.237046,0.334077,-0.007674,0.787753,-0.663220,0.018721,-0.303514,-0.271130,0.061445,0.931714,-0.489145,0.264711,-0.044134,0.169098,0.104428,-0.008271,0.365311,-0.390167,0.903363,-0.106301,-0.106119,-0.187415,-0.031324,-0.447294,0.118965,1.248981,0.277012,0.053776,0.126476
-0.284654,0.427894,0.741882,-0.006340,-0.027601,0.721673,0.691654,-0.226852,0.354469,-0.007155,0.756888,-0.650262,0.012343,-0.304144,-0.256216,0.056089,0.905826,-0.423095,0.269421,-0.031621,0.172964,0.097057,-0.006526,0.368554,-0.390895,0.899413,-0.099276,-0.112947,-0.181708,-0.020628,-0.419207,0.138770,1.265999,0.262460,0.050901,0.129305
-0.284792,0.427104,0.741868,-0.008568,-0.029681,0.719644,0.693656,-0.226841,0.362778,-0.009870,0.755871,-0.645484,0.002963,-0.293449,-0.254915,0.062427,0.877745,-0.394985,0.264841,-0.021909,0.169505,0.091664,-0.006692,0.373244,-0.390354,0.905343,-0.090912,-0.115977,-0.172712,-0.007384,-0.402321,0.163218,1.264392,0.254018,0.053433,0.138486
-0.285862,0.428475,0.738715,-0.005290,-0.027831,0.720066,0.693327,-0.231250,0.348323,-0.013519,0.778025,-0.643267,-0.005597,-0.275601,-0.272546,0.084465,0.855112,-0.396574,0.266360,-0.015571,0.151626,0.087767,-0.008683,0.376306,-0.390539,0.918899,-0.078149,-0.116550,-0.162856,0.013298,-0.389968,0.179967,1.254147,0.245858,0.060921,0.156234
-0.286940,0.431749,0.730908,0.005446,-0.020520,0.723744,0.689742,-0.239462,0.317696,-0.016523,0.817875,-0.643648,-0.012674,-0.255823,-0.305187,0.112352,0.845936,-0.422414,0.264798,-0.011542,0.122111,0.086378,-0.013913,0.378854,-0.389266,0.939232,-0.062321,-0.115639,-0.154224,0.039768,-0.381988,0.204943,1.230741,0.233146,0.070673,0.181440
-0.286015,0.435381,0.720953,0.019984,-0.010975,0.728100,0.685092,-0.250121,0.278058,-0.017592,0.870301,-0.640329,-0.020807,-0.237393,-0.347565,0.139392,0.853520,-0.473316,0.255590,-0.008244,0.084154,0.088202,-0.022084,0.382850,-0.384083,0.965254,-0.045677,-0.111693,-0.150782,0.068282,-0.377792,0.233093,1.199381,0.216856,0.083005,0.212254
-0.282965,0.439046,0.710626,0.036690,-0.000101,0.732691,0.679572,-0.261069,0.235255,-0.015869,0.925595,-0.633122,-0.029374,-0.222573,-0.394880,0.161523,0.875220,-0.541631,0.238756,-0.005638,0.041180,0.092275,-0.031804,0.388370,-0.374612,0.994568,-0.029490,-0.105285,-0.152475,0.095412,-0.376613,0.259671,1.165304,0.197492,0.096415,0.243939
-0.278742,0.442607,0.700774,0.053930,0.011195,0.737165,0.673464,-0.269937,0.196516,-0.011726,0.974978,-0.625698,-0.036231,-0.212448,-0.440473,0.176245,0.904865,-0.614301,0.216836,-0.004675,-0.001179,0.097901,-0.041624,0.394535,-0.362039,1.024862,-0.015869,-0.097667,-0.157188,0.116477,-0.378322,0.283189,1.132847,0.177746,0.108732,0.270769
-0.274004,0.444795,0.692633,0.067028,0.017806,0.739303,0.669792,-0.275010,0.171005,-0.007068,1.014885,-0.620319,-0.040149,-0.206782,-0.474990,0.181978,0.935507,-0.678838,0.194194,-0.006081,-0.035046,0.105768,-0.050571,0.400736,-0.348679,1.054717,-0.007878,-0.088912,-0.162799,0.125346,-0.383229,0.301116,1.107190,0.164516,0.118977,0.287936
-0.270227,0.444907,0.687473,0.074566,0.019661,0.739718,0.668484,-0.276362,0.162547,-0.003802,1.038830,-0.621139,-0.037724,-0.205179,-0.492393,0.177895,0.959736,-0.719116,0.178479,-0.010156,-0.055878,0.114222,-0.057348,0.405250,-0.339765,1.081001,-0.003099,-0.081056,-0.162617,0.120681,-0.389970,0.312076,1.091061,0.160528,0.124703,0.290053
-0.268648,0.443671,0.686111,0.076169,0.017122,0.738130,0.670126,-0.273603,0.170550,-0.002518,1.045550,-0.629551,-0.029776,-0.206468,-0.490272,0.170031,0.970575,-0.727789,0.178778,-0.016400,-0.061430,0.120928,-0.059427,0.406017,-0.339261,1.100867,-0.001185,-0.074172,-0.158486,0.103145,-0.398692,0.316401,1.083856,0.168645,0.125730,0.280045
-0.269565,0.442177,0.688393,0.071449,0.010551,0.734115,0.675174,-0.265926,0.193407,-0.002649,1.036721,-0.644853,-0.017696,-0.211595,-0.469704,0.160828,0.971075,-0.702884,0.195778,-0.023180,-0.052100,0.124721,-0.055409,0.403733,-0.348574,1.110782,-0.002510,-0.068478,-0.157363,0.075325,-0.409334,0.316354,1.083319,0.186501,0.122541,0.264042
-0.272245,0.440838,0.693241,0.058869,-0.000970,0.727465,0.683614,-0.253350,0.229884,-0.003018,1.013722,-0.665255,-0.000667,-0.224473,-0.435163,0.142915,0.975983,-0.645282,0.217999,-0.028214,-0.031249,0.126257,-0.046868,0.402560,-0.366444,1.107578,-0.004963,-0.066089,-0.163518,0.041924,-0.419903,0.315285,1.087265,0.203827,0.114668,0.245063
-0.275822,0.440060,0.699979,0.043974,-0.013438,0.719837,0.692618,-0.238130,0.274329,-0.002026,0.982924,-0.684616,0.015732,-0.244788,-0.394244,0.118355,0.987625,-0.572761,0.239374,-0.030788,-0.003499,0.126070,-0.035723,0.403539,-0.388876,1.096290,-0.006091,-0.065945,-0.177952,0.007315,-0.429660,0.314619,1.093366,0.215951,0.104389,0.227808
-0.279910,0.439408,0.707479,0.028332,-0.025792,0.711878,0.701258,-0.223419,0.319399,0.001271,0.950128,-0.699385,0.029557,-0.270844,-0.355600,0.089651,1.006442,-0.502123,0.255808,-0.030289,0.025953,0.124011,-0.023543,0.407727,-0.413619,1.079125,-0.004566,-0.067688,-0.200535,-0.023885,-0.437792,0.315651,1.101188,0.218839,0.093481,0.215241
-0.284211,0.438358,0.714629,0.013521,-0.036972,0.704373,0.708737,-0.211871,0.358310,0.006487,0.920333,-0.707302,0.040022,-0.298531,-0.326056,0.059769,1.029395,-0.445232,0.264462,-0.027250,0.051834,0.121028,-0.012553,0.415807,-0.439318,1.058961,-0.001184,-0.070743,-0.228851,-0.048543,-0.443449,0.319086,1.109848,0.213780,0.083954,0.208464
-0.288156,0.437152,0.720827,0.003515,-0.044461,0.700101,0.712650,-0.204814,0.386168,0.011768,0.897914,-0.705306,0.043820,-0.321347,-0.308464,0.034290,1.047176,-0.409009,0.265341,-0.023913,0.069775,0.119601,-0.005612,0.426356,-0.463389,1.043183,0.002187,-0.073139,-0.256863,-0.065783,-0.446130,0.324160,1.116380,0.209525,0.078625,0.207357
-0.291478,0.436222,0.725231,-0.002917,-0.048677,0.698872,0.713582,-0.202757,0.400219,0.014587,0.882327,-0.693743,0.041495,-0.336905,-0.302068,0.017882,1.052720,-0.390082,0.263193,-0.021078,0.078327,0.119156,-0.002646,0.435496,-0.482477,1.033544,0.007367,-0.074802,-0.277207,-0.073234,-0.445329,0.329499,1.119759,0.208319,0.077267,0.209861
-0.293398,0.436035,0.727682,-0.006037,-0.049485,0.700707,0.711706,-0.206513,0.400476,0.013019,0.872748,-0.671586,0.032151,-0.342325,-0.302534,0.016442,1.037413,-0.384190,0.261299,-0.018848,0.078225,0.118662,-0.002646,0.440234,-0.493865,1.031620,0.012331,-0.074990,-0.288222,-0.069704,-0.442733,0.334534,1.116949,0.212923,0.080055,0.218781
-0.293676,0.436553,0.728425,-0.006107,-0.046749,0.705535,0.707105,-0.215677,0.388466,0.006725,0.868154,-0.641310,0.017497,-0.337662,-0.307490,0.030261,1.001257,-0.384385,0.261800,-0.017315,0.071150,0.117789,-0.004316,0.440064,-0.497891,1.037028,0.015425,-0.074418,-0.291534,-0.056684,-0.440640,0.339126,1.106662,0.223187,0.085712,0.234780
-0.293097,0.437372,0.727580,-0.002420,-0.040038,0.713439,0.699568,-0.228036,0.365950,-0.002721,0.867478,-0.610527,0.003400,-0.328179,-0.319593,0.050983,0.958129,-0.382272,0.265737,-0.016438,0.058800,0.116788,-0.006222,0.436570,-0.497558,1.045984,0.019587,-0.076069,-0.288409,-0.037512,-0.439801,0.343132,1.092293,0.232735,0.090683,0.251852
-0.290979,0.439473,0.725366,0.003742,-0.030870,0.722697,0.690465,-0.243404,0.335399,-0.012891,0.874144,-0.577583,-0.012805,-0.315711,-0.338680,0.075901,0.915940,-0.386095,0.266585,-0.014709,0.042983,0.115502,-0.007452,0.430414,-0.491477,1.058370,0.024747,-0.078454,-0.282308,-0.013111,-0.439804,0.347516,1.075272,0.237423,0.095813,0.271343
-0.287508,0.441921,0.721969,0.012129,-0.020095,0.732735,0.680109,-0.260862,0.299570,-0.021996,0.888316,-0.546937,-0.027990,-0.302970,-0.364100,0.100660,0.884819,-0.401452,0.259831,-0.011504,0.025518,0.115009,-0.007307,0.423601,-0.482000,1.072768,0.031623,-0.080582,-0.276059,0.013902,-0.440038,0.354059,1.059286,0.233181,0.101093,0.291363
-0.283129,0.443521,0.717668,0.022487,-0.008567,0.743008,0.668850,-0.278908,0.261775,-0.029124,0.907871,-0.524505,-0.037891,-0.292025,-0.394407,0.120727,0.872002,-0.430027,0.244531,-0.006847,0.007723,0.116672,-0.005510,0.418584,-0.472292,1.087373,0.039078,-0.081625,-0.271308,0.039977,-0.439364,0.363008,1.048236,0.219592,0.106236,0.308390
-0.277709,0.444933,0.712785,0.033598,0.002189,0.752399,0.657846,-0.296181,0.226654,-0.033998,0.931247,-0.510926,-0.043710,-0.282747,-0.425779,0.134639,0.875839,-0.472203,0.222061,-0.000826,-0.009288,0.120615,-0.002029,0.416131,-0.461655,1.101884,0.042514,-0.079814,-0.268687,0.062588,-0.435933,0.371698,1.043472,0.202607,0.112149,0.321248
-0.272217,0.446673,0.707112,0.042823,0.010593,0.759828,0.648626,-0.310414,0.200713,-0.036828,0.955574,-0.510512,-0.043572,-0.277295,-0.451530,0.141449,0.892794,-0.519756,0.196706,0.005258,-0.022423,0.125731,0.004350,0.414195,-0.448698,1.115115,0.041470,-0.075324,-0.267307,0.079729,-0.428642,0.377605,1.045963,0.188414,0.118150,0.327518
-0.267337,0.448374,0.701519,0.049985,0.016453,0.765443,0.641349,-0.320833,0.184992,-0.038286,0.977567,-0.521356,-0.038563,-0.274875,-0.469012,0.143620,0.915683,-0.565851,0.171703,0.010495,-0.030644,0.131809,0.013676,0.412488,-0.432534,1.125220,0.035908,-0.068684,-0.266527,0.090755,-0.418200,0.380358,1.052918,0.179816,0.123924,0.329349
-0.263897,0.449375,0.697323,0.054913,0.019580,0.769364,0.636145,-0.327262,0.177649,-0.039588,0.993561,-0.540503,-0.029532,-0.273619,-0.478471,0.143537,0.936229,-0.603514,0.152310,0.014019,-0.034021,0.138578,0.024824,0.410461,-0.415785,1.130639,0.026782,-0.061207,-0.263838,0.095022,-0.405855,0.380004,1.062241,0.179244,0.128726,0.326410
-0.263141,0.449603,0.695308,0.054789,0.018382,0.770154,0.635235,-0.329043,0.178435,-0.041793,1.000064,-0.569045,-0.014445,-0.273708,-0.479851,0.140432,0.948608,-0.624031,0.146007,0.014865,-0.032178,0.144465,0.036543,0.405668,-0.404557,1.130424,0.016362,-0.055267,-0.255310,0.091253,-0.392123,0.375603,1.075921,0.190140,0.130739,0.312159
-0.264800,0.449835,0.696188,0.051082,0.015035,0.768820,0.637244,-0.326741,0.187439,-0.043595,0.996384,-0.602074,0.003612,-0.275677,-0.472993,0.134853,0.950318,-0.626751,0.150063,0.014138,-0.026349,0.148059,0.048090,0.399377,-0.400000,1.123082,0.003589,-0.051927,-0.244924,0.080414,-0.377711,0.368060,1.093326,0.209084,0.129704,0.289784
-0.268470,0.450275,0.699794,0.044300,0.009496,0.765438,0.641912,-0.319867,0.204026,-0.045195,0.982766,-0.638589,0.023321,-0.279466,-0.457395,0.128268,0.943046,-0.612914,0.162251,0.012448,-0.017186,0.150492,0.055489,0.393032,-0.404870,1.111190,-0.009863,-0.051418,-0.235035,0.061987,-0.363408,0.359380,1.115045,0.231427,0.125769,0.260304
-0.273481,0.450395,0.705130,0.034952,0.001719,0.760036,0.648938,-0.308756,0.227069,-0.046779,0.963468,-0.678136,0.043208,-0.284980,-0.434597,0.120654,0.931993,-0.587480,0.180999,0.008751,-0.006441,0.153048,0.054311,0.387716,-0.420651,1.099542,-0.020957,-0.052620,-0.225559,0.036031,-0.350859,0.350008,1.140924,0.253885,0.119582,0.224321
-0.278705,0.449645,0.710923,0.025007,-0.008478,0.751611,0.659077,-0.295748,0.255415,-0.046450,0.946980,-0.716781,0.059589,-0.292606,-0.408983,0.109799,0.923557,-0.560128,0.202812,0.001258,0.002269,0.155206,0.042560,0.384423,-0.444240,1.091761,-0.028023,-0.053160,-0.216703,0.005061,-0.342418,0.338030,1.168014,0.275128,0.112483,0.186282
-0.283792,0.448649,0.716378,0.015623,-0.019150,0.741256,0.670767,-0.280677,0.287688,-0.042548,0.935118,-0.754895,0.073046,-0.302285,-0.382519,0.095927,0.920978,-0.535681,0.225034,-0.008832,0.008410,0.158125,0.017486,0.382841,-0.473441,1.089946,-0.029182,-0.051985,-0.209783,-0.030215,-0.338328,0.323852,1.194317,0.295581,0.105521,0.149566
-0.287755,0.447514,0.720846,0.007328,-0.029694,0.729267,0.683545,-0.264114,0.322049,-0.033634,0.929323,-0.787503,0.081187,-0.313163,-0.356601,0.079929,0.926805,-0.516684,0.243524,-0.020418,0.010779,0.162477,-0.020962,0.383589,-0.502114,1.094085,-0.026852,-0.047883,-0.203668,-0.067224,-0.340746,0.305314,1.214479,0.317185,0.099858,0.119054
-0.289914,0.446258,0.723775,0.000653,-0.039510,0.715993,0.696989,-0.246851,0.357431,-0.019191,0.928892,-0.809839,0.082096,-0.324929,-0.331734,0.061990,0.939652,-0.501334,0.255237,-0.033518,0.008639,0.167108,-0.069246,0.387053,-0.524009,1.099316,-0.028560,-0.040513,-0.195941,-0.103509,-0.353741,0.278529,1.218446,0.346372,0.095154,0.095970
-0.290586,0.445406,0.724988,-0.005635,-0.046957,0.701000,0.711591,-0.228546,0.393853,0.000564,0.928418,-0.822764,0.077999,-0.338749,-0.307734,0.041929,0.952436,-0.483757,0.260907,-0.048882,0.002795,0.169377,-0.121371,0.392266,-0.536815,1.094876,-0.043764,-0.031579,-0.184995,-0.139097,-0.380326,0.241215,1.193237,0.393041,0.088437,0.075278
-0.288966,0.444814,0.725249,-0.011465,-0.051636,0.684468,0.727121,-0.208479,0.429386,0.027255,0.922875,-0.822707,0.068651,-0.355784,-0.287460,0.022180,0.960236,-0.464247,0.262700,-0.066648,-0.008405,0.168048,-0.172447,0.399207,-0.537844,1.068799,-0.075666,-0.023736,-0.169179,-0.174619,-0.418260,0.195301,1.128890,0.457105,0.076223,0.055833
-0.284937,0.444453,0.724784,-0.016744,-0.054110,0.665982,0.743814,-0.184153,0.462164,0.058638,0.911634,-0.809548,0.056927,-0.378260,-0.272616,0.002490,0.961368,-0.438913,0.262753,-0.084873,-0.024780,0.162019,-0.225656,0.406595,-0.527757,1.005767,-0.123380,-0.021792,-0.143859,-0.220452,-0.472491,0.144143,1.022779,0.527454,0.054546,0.027047
-0.278930,0.443655,0.723441,-0.021382,-0.054938,0.645075,0.761841,-0.155582,0.491439,0.089709,0.896880,-0.787763,0.045621,-0.406355,-0.261596,-0.017245,0.956621,-0.406028,0.262368,-0.102038,-0.043998,0.150830,-0.281183,0.413536,-0.511341,0.906405,-0.181720,-0.026922,-0.110911,-0.280030,-0.542320,0.092004,0.887470,0.594958,0.023903,-0.014663
-0.271476,0.441249,0.721258,-0.024234,-0.055016,0.623838,0.779238,-0.126593,0.516179,0.116180,0.881033,-0.763398,0.034486,-0.436431,-0.251715,-0.034615,0.948614,-0.371866,0.261901,-0.118109,-0.063561,0.135851,-0.331231,0.420078,-0.495140,0.793635,-0.240221,-0.035238,-0.079536,-0.341675,-0.613559,0.045152,0.748505,0.656731,-0.009807,-0.057797
-0.264078,0.439012,0.718283,-0.024998,-0.055096,0.602281,0.795988,-0.094399,0.530166,0.135881,0.866692,-0.739583,0.026510,-0.466481,-0.247610,-0.051140,0.942079,-0.338407,0.261758,-0.129042,-0.083393,0.120466,-0.384484,0.421936,-0.481350,0.670050,-0.284406,-0.052242,-0.037546,-0.413452,-0.686275,0.013119,0.616369,0.690354,-0.047657,-0.114647
-0.257458,0.437698,0.714561,-0.024056,-0.055381,0.580329,0.812141,-0.058256,0.530974,0.144438,0.853503,-0.720421,0.020483,-0.494048,-0.246012,-0.065636,0.939145,-0.310526,0.261811,-0.133315,-0.102589,0.104907,-0.442744,0.418408,-0.469000,0.543223,-0.304921,-0.080187,0.021196,-0.496865,-0.758588,-0.002083,0.500200,0.682673,-0.087425,-0.190679
-0.252337,0.437224,0.710379,-0.021792,-0.056074,0.557894,0.827729,-0.020403,0.520438,0.140071,0.839791,-0.711318,0.014014,-0.518307,-0.241730,-0.075919,0.940041,-0.291665,0.261800,-0.131815,-0.119706,0.088669,-0.502559,0.410146,-0.456696,0.424087,-0.298618,-0.114904,0.092688,-0.588889,-0.827659,-0.003255,0.406193,0.632918,-0.122705,-0.282590
-0.250169,0.437905,0.706353,-0.019132,-0.057231,0.535457,0.842404,0.016254,0.501752,0.127694,0.825583,-0.716206,0.007584,-0.541211,-0.236451,-0.082037,0.944910,-0.279178,0.261798,-0.125782,-0.134471,0.073513,-0.563278,0.396106,-0.444767,0.317137,-0.267049,-0.149071,0.169105,-0.690331,-0.894137,0.008527,0.332219,0.546317,-0.146609,-0.385440
-0.251176,0.439573,0.702890,-0.016393,-0.058488,0.513569,0.855896,0.049303,0.477948,0.112134,0.813599,-0.732172,0.000344,-0.562227,-0.231977,-0.084140,0.952808,-0.271380,0.261801,-0.117415,-0.148540,0.060288,-0.622720,0.378809,-0.434715,0.222793,-0.216899,-0.179161,0.243106,-0.797759,-0.955373,0.034836,0.272216,0.434021,-0.155621,-0.489232
-0.254691,0.441577,0.700348,-0.013817,-0.059880,0.492791,0.867975,0.077644,0.452822,0.097303,0.804796,-0.754855,-0.005414,-0.582535,-0.229907,-0.084191,0.962293,-0.265481,0.261800,-0.108534,-0.161499,0.048844,-0.679193,0.359472,-0.425764,0.136511,-0.159129,-0.203206,0.311250,-0.911157,-1.012482,0.072083,0.220572,0.311581,-0.151933,-0.590321
-0.259899,0.443055,0.698999,-0.011642,-0.061444,0.473706,0.878460,0.099351,0.431703,0.085690,0.799115,-0.781345,-0.007579,-0.601211,-0.228618,-0.083277,0.970287,-0.259182,0.261800,-0.100617,-0.170468,0.039318,-0.725886,0.339549,-0.418637,0.063227,-0.107341,-0.217760,0.363384,-1.022665,-1.062401,0.114968,0.180165,0.199011,-0.137277,-0.678251
-0.266308,0.443580,0.698895,-0.011162,-0.064474,0.461303,0.884827,0.112124,0.419179,0.078447,0.797237,-0.809607,-0.007177,-0.613182,-0.224179,-0.080442,0.973164,-0.251787,0.261800,-0.094962,-0.172829,0.032886,-0.751648,0.322386,-0.417375,0.018801,-0.072979,-0.219637,0.383852,-1.113852,-1.095124,0.161628,0.160472,0.114719,-0.111089,-0.733319
-0.273337,0.444189,0.699796,-0.010752,-0.068336,0.451931,0.889367,0.121525,0.411266,0.076789,0.799094,-0.833692,-0.002898,-0.619174,-0.222045,-0.078870,0.973754,-0.240639,0.261800,-0.091782,-0.171676,0.030088,-0.762395,0.308535,-0.420058,-0.010319,-0.055049,-0.217257,0.389444,-1.189442,-1.116527,0.210970,0.151261,0.055946,-0.085050,-0.769611
-0.279764,0.445150,0.701493,-0.010687,-0.072658,0.444863,0.892582,0.130603,0.406551,0.078504,0.801241,-0.851322,0.002806,-0.619648,-0.220699,-0.078789,0.971132,-0.229490,0.261800,-0.090941,-0.167501,0.028790,-0.760313,0.299128,-0.424290,-0.030619,-0.051047,-0.215489,0.387839,-1.249075,-1.128665,0.258495,0.146912,0.020571,-0.066128,-0.793233
-0.284958,0.445917,0.703880,-0.011241,-0.077065,0.439348,0.894935,0.138827,0.405382,0.081301,0.800411,-0.863020,0.006895,-0.616535,-0.217018,-0.079620,0.964757,-0.220286,0.261800,-0.091299,-0.159991,0.027472,-0.747727,0.293759,-0.429126,-0.041824,-0.055411,-0.214098,0.380092,-1.290412,-1.131739,0.298790,0.147571,0.005254,-0.054614,-0.804046
-0.289865,0.446025,0.706911,-0.012122,-0.080749,0.434869,0.896784,0.144953,0.405698,0.085661,0.796795,-0.869421,0.010093,-0.614906,-0.214729,-0.083352,0.959355,-0.206771,0.261800,-0.090698,-0.151791,0.027448,-0.734022,0.289520,-0.435312,-0.048396,-0.058973,-0.212368,0.372355,-1.319015,-1.130939,0.329799,0.152483,-0.000181,-0.048399,-0.808203
-0.295573,0.445778,0.710583,-0.012893,-0.083748,0.430949,0.898389,0.148808,0.404212,0.089902,0.790393,-0.872975,0.013965,-0.616122,-0.217127,-0.090778,0.956787,-0.189171,0.261802,-0.088845,-0.145858,0.027760,-0.723085,0.287928,-0.445528,-0.055540,-0.062871,-0.212611,0.362411,-1.339126,-1.130181,0.353981,0.161045,-0.001220,-0.045367,-0.808207
-0.301754,0.445374,0.715001,-0.013274,-0.085883,0.427779,0.899696,0.151701,0.399338,0.093608,0.778222,-0.874230,0.019447,-0.621798,-0.227145,-0.100454,0.959650,-0.174382,0.261797,-0.086234,-0.142385,0.028113,-0.715516,0.287668,-0.458475,-0.063839,-0.065564,-0.214592,0.353811,-1.353259,-1.128181,0.371048,0.172079,0.003731,-0.045666,-0.807189
-0.307853,0.444575,0.720147,-0.012982,-0.086975,0.425551,0.900651,0.154640,0.390951,0.096198,0.759847,-0.873506,0.027205,-0.632973,-0.245872,-0.110072,0.971738,-0.169104,0.261800,-0.083725,-0.140971,0.028875,-0.710548,0.286583,-0.472122,-0.072512,-0.065524,-0.217461,0.349205,-1.363321,-1.124913,0.381550,0.183899,0.013128,-0.048545,-0.807016
-0.314125,0.443071,0.725735,-0.011139,-0.087871,0.424968,0.900865,0.157659,0.379124,0.095545,0.739329,-0.872785,0.038044,-0.648759,-0.271538,-0.117630,0.996428,-0.174414,0.261823,-0.082414,-0.142843,0.030131,-0.707434,0.285227,-0.487237,-0.082809,-0.065490,-0.222134,0.344231,-1.372054,-1.125147,0.390247,0.195261,0.018199,-0.050880,-0.806859
-0.319787,0.441672,0.731518,-0.008639,-0.088161,0.425181,0.900763,0.163343,0.363813,0.091853,0.712345,-0.872629,0.051766,-0.669004,-0.301819,-0.120364,1.034527,-0.189475,0.261723,-0.083154,-0.148191,0.031977,-0.706881,0.284038,-0.502747,-0.093733,-0.063845,-0.227134,0.343441,-1.383995,-1.126349,0.398306,0.207126,0.022835,-0.054162,-0.809334
-0.323468,0.440732,0.736837,-0.005792,-0.087702,0.425690,0.900590,0.172320,0.347478,0.086208,0.680579,-0.872659,0.066149,-0.692088,-0.333746,-0.117185,1.087629,-0.213715,0.262177,-0.085947,-0.156344,0.033847,-0.708388,0.282706,-0.518764,-0.104971,-0.060609,-0.231789,0.346552,-1.400105,-1.127881,0.406382,0.219172,0.027596,-0.058163,-0.814194
-0.324551,0.440212,0.741106,-0.002913,-0.086353,0.425995,0.900590,0.183212,0.332843,0.079276,0.648125,-0.872670,0.078946,-0.715810,-0.363988,-0.109949,1.153501,-0.242825,0.263109,-0.089578,-0.166080,0.035343,-0.711372,0.281174,-0.535354,-0.116411,-0.058233,-0.236302,0.350985,-1.420124,-1.130725,0.415780,0.231111,0.031048,-0.062059,-0.819575
-0.323500,0.440098,0.744007,-0.001043,-0.083534,0.425568,0.901062,0.194072,0.320903,0.071107,0.615965,-0.872832,0.089403,-0.738343,-0.389508,-0.102392,1.223179,-0.268291,0.262859,-0.092421,-0.175875,0.036747,-0.716641,0.280323,-0.551244,-0.127068,-0.059357,-0.240539,0.356916,-1.445699,-1.134476,0.428208,0.244105,0.034978,-0.066628,-0.824929
-0.319362,0.439991,0.744184,0.000182,-0.079934,0.424649,0.901823,0.202598,0.314111,0.062768,0.590955,-0.872100,0.095795,-0.756243,-0.408527,-0.095574,1.290188,-0.290314,0.261270,-0.095315,-0.184079,0.037303,-0.724641,0.280552,-0.566836,-0.136521,-0.063897,-0.243562,0.360932,-1.477290,-1.138690,0.444856,0.257423,0.039174,-0.070916,-0.829742
-0.312135,0.440543,0.740417,0.000507,-0.075795,0.422706,0.903092,0.207643,0.313571,0.054733,0.582154,-0.874958,0.096501,-0.767276,-0.421105,-0.093274,1.350922,-0.312624,0.256567,-0.097342,-0.188673,0.035811,-0.734284,0.281828,-0.581738,-0.144995,-0.071786,-0.245200,0.363132,-1.512854,-1.142427,0.465162,0.268391,0.040959,-0.073485,-0.833939
-0.301963,0.441464,0.732793,-0.000321,-0.071355,0.419206,0.905083,0.207627,0.320016,0.048746,0.594491,-0.881442,0.091925,-0.769961,-0.428578,-0.100562,1.403029,-0.337684,0.247548,-0.097099,-0.189167,0.031198,-0.745172,0.283901,-0.596475,-0.152767,-0.083558,-0.246199,0.361968,-1.550168,-1.145802,0.488693,0.276465,0.036260,-0.072914,-0.837107
-0.288268,0.440640,0.722960,-0.001088,-0.065651,0.413756,0.908017,0.201577,0.332271,0.044472,0.623063,-0.879538,0.083290,-0.762390,-0.431463,-0.120383,1.443048,-0.365902,0.234355,-0.094416,-0.187514,0.022655,-0.758446,0.286615,-0.613005,-0.158872,-0.098671,-0.247171,0.352402,-1.588429,-1.149939,0.515784,0.284973,0.023259,-0.068565,-0.838193
-0.271980,0.438937,0.712336,-0.001114,-0.058751,0.405379,0.912258,0.197857,0.337986,0.024254,0.652486,-0.860416,0.065039,-0.743172,-0.425949,-0.152714,1.464781,-0.401565,0.211655,-0.087702,-0.184870,0.009177,-0.771670,0.290232,-0.628693,-0.159575,-0.111755,-0.246690,0.342639,-1.625019,-1.151831,0.542802,0.293846,0.009419,-0.062603,-0.837509
-0.253944,0.436903,0.701177,0.000208,-0.051241,0.395038,0.917235,0.199534,0.335660,-0.008647,0.676131,-0.824346,0.039694,-0.714946,-0.415103,-0.192886,1.472909,-0.444203,0.182065,-0.077915,-0.184127,-0.007708,-0.782785,0.293884,-0.643297,-0.156659,-0.120335,-0.246258,0.334511,-1.656828,-1.151605,0.567322,0.301099,-0.003792,-0.056215,-0.835869
-0.235125,0.434814,0.690228,0.003485,-0.043711,0.383718,0.922409,0.205889,0.329893,-0.041235,0.691225,-0.776854,0.014168,-0.681253,-0.403755,-0.234912,1.471613,-0.491128,0.150439,-0.067941,-0.188263,-0.025739,-0.791329,0.297553,-0.657503,-0.152589,-0.124603,-0.246661,0.326206,-1.682105,-1.151057,0.588799,0.306961,-0.015942,-0.050320,-0.832048
-0.216729,0.433370,0.681714,0.010007,-0.036270,0.373564,0.926841,0.217316,0.322375,-0.070274,0.692914,-0.722806,-0.008128,-0.643379,-0.391200,-0.274533,1.455371,-0.540934,0.116685,-0.060482,-0.197930,-0.043908,-0.797756,0.303530,-0.669762,-0.145799,-0.124406,-0.244785,0.320080,-1.701233,-1.150737,0.607347,0.314291,-0.021452,-0.046439,-0.823227
-0.198395,0.432266,0.676431,0.017748,-0.030504,0.364444,0.930557,0.231121,0.319962,-0.090329,0.689318,-0.664703,-0.025567,-0.603532,-0.375866,-0.307125,1.429085,-0.587960,0.084361,-0.057223,-0.211809,-0.060425,-0.801662,0.313061,-0.678401,-0.139063,-0.118563,-0.240094,0.318024,-1.714639,-1.152572,0.623060,0.319321,-0.021026,-0.043517,-0.812928
-0.180754,0.432129,0.674324,0.025741,-0.026986,0.356050,0.933722,0.243722,0.326222,-0.098093,0.693210,-0.608699,-0.038455,-0.563207,-0.358141,-0.332276,1.399410,-0.627602,0.054532,-0.057927,-0.226879,-0.074422,-0.802540,0.325530,-0.683409,-0.134974,-0.109161,-0.232974,0.319774,-1.721647,-1.156416,0.635665,0.320418,-0.016992,-0.040860,-0.801966
-0.163906,0.432754,0.674816,0.033020,-0.026288,0.348079,0.936515,0.249889,0.342065,-0.091907,0.716544,-0.556505,-0.046106,-0.522026,-0.338116,-0.352114,1.369711,-0.655815,0.027854,-0.060845,-0.240431,-0.085686,-0.801568,0.338709,-0.687862,-0.133590,-0.101279,-0.224371,0.320509,-1.724215,-1.162356,0.647198,0.319842,-0.013946,-0.037244,-0.789987
-0.146420,0.431988,0.677027,0.038079,-0.028837,0.340049,0.939194,0.244927,0.365915,-0.074324,0.764503,-0.500913,-0.047224,-0.478455,-0.313473,-0.368553,1.339241,-0.669188,0.006124,-0.063226,-0.251103,-0.094071,-0.801091,0.350093,-0.695918,-0.132992,-0.099761,-0.215894,0.313311,-1.727854,-1.171639,0.661774,0.321244,-0.016461,-0.030988,-0.778546
-0.129458,0.429795,0.680336,0.041656,-0.032394,0.330414,0.942360,0.235184,0.384972,-0.064291,0.826635,-0.443661,-0.049358,-0.433892,-0.282723,-0.384055,1.306827,-0.671793,-0.015298,-0.061235,-0.256340,-0.100172,-0.798543,0.359558,-0.704092,-0.133318,-0.104487,-0.209056,0.302451,-1.732064,-1.179289,0.676594,0.325403,-0.015680,-0.025666,-0.766753
-0.113452,0.427563,0.684815,0.043727,-0.036727,0.319976,0.945703,0.219868,0.396271,-0.062095,0.902679,-0.393820,-0.050477,-0.390935,-0.249334,-0.395991,1.275124,-0.666266,-0.035359,-0.054091,-0.256371,-0.103428,-0.792677,0.365457,-0.711387,-0.134704,-0.116438,-0.205474,0.288112,-1.736969,-1.183615,0.690900,0.330847,-0.010694,-0.022601,-0.755484
-0.098464,0.426916,0.690357,0.044270,-0.041609,0.309549,0.948941,0.195115,0.400256,-0.061085,0.995330,-0.361012,-0.045824,-0.350987,-0.215955,-0.399783,1.244597,-0.656166,-0.051531,-0.043106,-0.252713,-0.103374,-0.783900,0.367456,-0.718581,-0.136907,-0.133992,-0.205023,0.267924,-1.744021,-1.186002,0.705612,0.336306,-0.005849,-0.020483,-0.744957
-0.085275,0.429031,0.695808,0.042353,-0.045672,0.298682,0.952318,0.161643,0.390995,-0.065306,1.098950,-0.349617,-0.038676,-0.313115,-0.180780,-0.393532,1.210019,-0.648893,-0.065361,-0.028989,-0.246061,-0.100721,-0.772401,0.368568,-0.724708,-0.140109,-0.150606,-0.205805,0.243168,-1.754431,-1.187419,0.720402,0.341743,-0.003275,-0.017346,-0.733808
-0.074076,0.435039,0.699608,0.039614,-0.049217,0.287964,0.955555,0.117444,0.367068,-0.072956,1.212194,-0.358520,-0.033625,-0.276021,-0.147671,-0.377153,1.171919,-0.648305,-0.074627,-0.010716,-0.238279,-0.094939,-0.757899,0.368590,-0.728835,-0.145864,-0.165058,-0.209698,0.217421,-1.769096,-1.187828,0.735008,0.345120,-0.008773,-0.010608,-0.727516
-0.064692,0.444332,0.702375,0.036443,-0.052302,0.277684,0.958555,0.059207,0.331635,-0.079376,1.329571,-0.378909,-0.033472,-0.238092,-0.117900,-0.351948,1.128772,-0.658238,-0.080301,0.010550,-0.230428,-0.085937,-0.741973,0.366518,-0.730810,-0.152208,-0.172582,-0.215276,0.194789,-1.786439,-1.186231,0.748298,0.346793,-0.020220,-0.000433,-0.726656
-0.056812,0.455328,0.705337,0.033230,-0.054986,0.268135,0.961237,-0.012964,0.290638,-0.081447,1.443577,-0.401669,-0.038098,-0.199182,-0.091070,-0.321223,1.081079,-0.678941,-0.084159,0.032034,-0.222887,-0.074474,-0.727440,0.361889,-0.731259,-0.156067,-0.171366,-0.219980,0.176419,-1.805425,-1.183667,0.761666,0.348101,-0.034988,0.012497,-0.728776
-0.049927,0.466788,0.708370,0.030653,-0.057264,0.261108,0.963122,-0.094346,0.250390,-0.078678,1.547316,-0.423611,-0.044640,-0.160840,-0.068457,-0.289835,1.034251,-0.705354,-0.085283,0.051853,-0.215938,-0.061750,-0.716523,0.355254,-0.730804,-0.156953,-0.168017,-0.223896,0.159992,-1.826970,-1.183442,0.779010,0.349076,-0.055711,0.028179,-0.733509
-0.042806,0.477922,0.711251,0.028899,-0.059077,0.255177,0.964655,-0.184462,0.214948,-0.067425,1.627516,-0.441743,-0.049318,-0.121304,-0.051502,-0.260474,0.986665,-0.736757,-0.084057,0.070966,-0.209154,-0.048648,-0.709452,0.348297,-0.728411,-0.156043,-0.164398,-0.227373,0.147161,-1.847114,-1.182953,0.795527,0.350263,-0.074189,0.041393,-0.740492
-0.033899,0.488453,0.713813,0.027664,-0.060822,0.249905,0.965962,-0.281293,0.190299,-0.046521,1.675751,-0.456459,-0.047195,-0.078497,-0.038689,-0.234849,0.939112,-0.770114,-0.081449,0.089816,-0.201535,-0.036368,-0.707062,0.343035,-0.724920,-0.153842,-0.158004,-0.230141,0.135462,-1.863877,-1.181808,0.808770,0.352714,-0.087695,0.050746,-0.747682
-0.022684,0.498692,0.715483,0.026644,-0.062895,0.244854,0.967151,-0.378685,0.179653,-0.017513,1.688219,-0.468757,-0.035981,-0.031809,-0.027370,-0.213919,0.895245,-0.799725,-0.077687,0.108349,-0.191464,-0.025116,-0.708733,0.340847,-0.721098,-0.150563,-0.146437,-0.231680,0.121079,-1.876271,-1.181286,0.818741,0.356099,-0.098417,0.057925,-0.751173
-0.009887,0.509230,0.715363,0.024243,-0.067370,0.237291,0.968796,-0.467520,0.179162,0.016617,1.662516,-0.477814,-0.019025,0.018180,-0.016390,-0.197330,0.857527,-0.820316,-0.071718,0.127050,-0.177651,-0.013633,-0.711224,0.341690,-0.715895,-0.146919,-0.130439,-0.232105,0.103876,-1.882862,-1.181054,0.824973,0.357844,-0.107751,0.063986,-0.747611
0.005419,0.519735,0.713941,0.021541,-0.072986,0.227721,0.970748,-0.541476,0.184139,0.050801,1.600129,-0.485285,-0.001875,0.072553,-0.005730,-0.182867,0.823569,-0.830627,-0.062782,0.146520,-0.162186,-0.002413,-0.714018,0.344068,-0.710583,-0.143244,-0.110725,-0.232793,0.085795,-1.887129,-1.179395,0.828701,0.356398,-0.117138,0.069360,-0.740464
0.022215,0.529356,0.711881,0.018641,-0.079389,0.216830,0.972797,-0.597512,0.193042,0.083268,1.511499,-0.489047,0.011303,0.129404,0.003637,-0.172229,0.791985,-0.831956,-0.051573,0.165203,-0.146511,0.008814,-0.715326,0.347420,-0.706458,-0.139053,-0.088108,-0.232436,0.067565,-1.890429,-1.176278,0.831642,0.352319,-0.127019,0.075326,-0.731513
0.039202,0.537880,0.709506,0.015644,-0.086228,0.205311,0.974765,-0.631245,0.204460,0.113026,1.407582,-0.487904,0.018725,0.184114,0.010290,-0.168317,0.764203,-0.822829,-0.038988,0.179870,-0.131456,0.019009,-0.714310,0.351494,-0.704048,-0.134612,-0.065972,-0.229697,0.049239,-1.893332,-1.173153,0.836151,0.346655,-0.136944,0.082450,-0.721162
0.057002,0.546396,0.707095,0.011737,-0.090731,0.195579,0.976411,-0.637324,0.213575,0.137735,1.295110,-0.485551,0.021175,0.232646,0.013144,-0.170589,0.742423,-0.796777,-0.024604,0.188297,-0.118891,0.024438,-0.712919,0.355114,-0.703519,-0.131474,-0.050012,-0.226003,0.031768,-1.898105,-1.171391,0.845059,0.340156,-0.146415,0.089377,-0.711065
0.076032,0.556105,0.705996,0.007931,-0.092830,0.187466,0.977842,-0.624293,0.214422,0.159909,1.191790,-0.482123,0.022312,0.275649,0.012336,-0.174874,0.724623,-0.750492,-0.006771,0.193391,-0.112310,0.023682,-0.710396,0.356669,-0.705798,-0.129096,-0.040097,-0.222124,0.016771,-1.905127,-1.170981,0.859370,0.336528,-0.156227,0.095501,-0.702384
0.096156,0.567066,0.706699,0.004709,-0.092901,0.181904,0.978907,-0.598464,0.206116,0.180895,1.108022,-0.480832,0.026144,0.309124,0.009579,-0.177303,0.719529,-0.681311,0.017438,0.194189,-0.112569,0.017504,-0.706302,0.355385,-0.711354,-0.128439,-0.035106,-0.219523,0.001559,-1.915282,-1.171700,0.879556,0.339625,-0.168628,0.101732,-0.692977
0.116702,0.578986,0.708997,0.002556,-0.091318,0.179819,0.979449,-0.562946,0.189903,0.199810,1.046380,-0.484795,0.036209,0.325269,0.004787,-0.175708,0.743077,-0.588744,0.049994,0.188809,-0.118437,0.008547,-0.701362,0.349829,-0.718389,-0.129920,-0.037166,-0.218895,-0.013734,-1.929162,-1.172103,0.904401,0.351154,-0.181863,0.107660,-0.679013
0.136905,0.591997,0.712696,0.002261,-0.088392,0.181388,0.979429,-0.521899,0.165879,0.214875,1.005771,-0.493443,0.054440,0.318393,-0.004638,-0.169818,0.805100,-0.477507,0.090019,0.178736,-0.128527,-0.000013,-0.696549,0.338277,-0.722838,-0.131713,-0.049612,-0.219845,-0.021944,-1.945664,-1.169451,0.930614,0.370186,-0.189434,0.110448,-0.659244
0.156914,0.605515,0.717350,0.002926,-0.084961,0.184289,0.979189,-0.479936,0.137693,0.224645,0.978193,-0.508107,0.077999,0.290848,-0.015587,-0.161321,0.895073,-0.359029,0.134810,0.164012,-0.141354,-0.008027,-0.691153,0.325268,-0.723012,-0.134521,-0.063713,-0.225567,-0.022843,-1.962788,-1.163708,0.956429,0.395839,-0.194403,0.110523,-0.640013
0.175703,0.618144,0.721997,0.004434,-0.081618,0.188267,0.978710,-0.440318,0.110581,0.228120,0.961426,-0.527048,0.103777,0.243011,-0.027064,-0.154794,1.007593,-0.250084,0.178244,0.145450,-0.153581,-0.013378,-0.685818,0.313897,-0.719305,-0.138019,-0.077127,-0.235292,-0.016913,-1.978229,-1.153756,0.977332,0.426284,-0.196796,0.106716,-0.623495
0.192795,0.628693,0.726086,0.006669,-0.078960,0.193067,0.977981,-0.404005,0.088107,0.225485,0.951735,-0.546785,0.128945,0.175182,-0.041116,-0.154265,1.136935,-0.167324,0.210835,0.124177,-0.161600,-0.014101,-0.682884,0.304298,-0.713102,-0.141850,-0.093839,-0.245285,-0.002794,-1.989935,-1.139207,0.988193,0.458172,-0.191023,0.096849,-0.611627
0.209529,0.636967,0.730045,0.008554,-0.076979,0.199185,0.976896,-0.370104,0.070349,0.218549,0.938266,-0.564808,0.150372,0.092275,-0.060251,-0.160136,1.267195,-0.120066,0.223583,0.100921,-0.164099,-0.011351,-0.684929,0.295171,-0.705845,-0.146384,-0.116149,-0.252777,0.021341,-1.996901,-1.122599,0.987175,0.487950,-0.171082,0.080379,-0.610287
0.225648,0.643051,0.733869,0.010283,-0.075350,0.207113,0.975357,-0.338506,0.056384,0.209380,0.920844,-0.578714,0.165631,0.001842,-0.084788,-0.171064,1.384514,-0.104239,0.217963,0.077382,-0.163070,-0.006656,-0.692040,0.285403,-0.698931,-0.148250,-0.139665,-0.257350,0.052699,-1.999885,-1.106360,0.976519,0.516186,-0.141060,0.059391,-0.618661
0.242089,0.647235,0.737077,0.011918,-0.074317,0.217615,0.973128,-0.307447,0.045752,0.196210,0.902385,-0.587652,0.172292,-0.091910,-0.114825,-0.181936,1.476464,-0.114664,0.198563,0.051800,-0.158893,0.000231,-0.701249,0.273701,-0.694703,-0.143750,-0.167775,-0.258392,0.086389,-1.995384,-1.092208,0.958104,0.540408,-0.103274,0.034826,-0.637083
0.259328,0.649670,0.739551,0.013518,-0.074122,0.231440,0.969927,-0.275997,0.037436,0.177822,0.884509,-0.590807,0.169975,-0.185544,-0.149506,-0.188558,1.539504,-0.144699,0.171453,0.023769,-0.152302,0.009737,-0.709429,0.259878,-0.694229,-0.131858,-0.202039,-0.256938,0.119323,-1.982876,-1.080819,0.935436,0.556279,-0.063436,0.008473,-0.663035
0.275939,0.650564,0.741871,0.015491,-0.074637,0.247820,0.965803,-0.246076,0.029986,0.156756,0.867282,-0.587580,0.161121,-0.273175,-0.186303,-0.190454,1.577968,-0.184111,0.144036,-0.002691,-0.145798,0.020827,-0.715390,0.245726,-0.695616,-0.114816,-0.232776,-0.256756,0.150533,-1.967882,-1.072012,0.914524,0.561503,-0.033528,-0.015771,-0.688721
0.292185,0.651675,0.743836,0.016069,-0.076136,0.266626,0.960654,-0.218243,0.025958,0.131853,0.853186,-0.583831,0.146379,-0.349970,-0.222877,-0.183220,1.577454,-0.225743,0.121672,-0.028856,-0.137469,0.032876,-0.717104,0.232981,-0.696989,-0.093524,-0.255127,-0.259108,0.173126,-1.943255,-1.065880,0.895657,0.556896,-0.012088,-0.038056,-0.713870
0.307526,0.653613,0.745561,0.015238,-0.078865,0.287274,0.954475,-0.192078,0.026161,0.102550,0.843681,-0.582779,0.129061,-0.410549,-0.253163,-0.166456,1.536425,-0.261303,0.108227,-0.055289,-0.127566,0.046959,-0.713314,0.221183,-0.698443,-0.061884,-0.274028,-0.262076,0.182264,-1.900674,-1.060431,0.872671,0.542765,0.009337,-0.061498,-0.733371
0.320548,0.656073,0.747290,0.012987,-0.083073,0.309177,0.947280,-0.168636,0.029384,0.070208,0.838423,-0.585809,0.113273,-0.452410,-0.271572,-0.138023,1.462102,-0.284373,0.108968,-0.081991,-0.117755,0.063489,-0.702164,0.208597,-0.701348,-0.014397,-0.291695,-0.262097,0.179219,-1.832859,-1.053469,0.838805,0.513814,0.033964,-0.086160,-0.740571
0.330631,0.658731,0.749021,0.007868,-0.088222,0.332829,0.938818,-0.151367,0.035723,0.035765,0.836268,-0.594831,0.100464,-0.476557,-0.274424,-0.089691,1.358328,-0.292839,0.129218,-0.109271,-0.108129,0.080726,-0.680878,0.194257,-0.705314,0.051878,-0.298193,-0.256160,0.170611,-1.732177,-1.043391,0.792678,0.460877,0.056078,-0.106216,-0.730350
0.340487,0.660639,0.751074,-0.000594,-0.093724,0.358110,0.928963,-0.141829,0.051270,-0.006366,0.837077,-0.607930,0.089347,-0.477621,-0.248771,-0.020107,1.233362,-0.282891,0.162222,-0.133798,-0.097160,0.098491,-0.650874,0.179580,-0.703221,0.156766,-0.286214,-0.243711,0.161547,-1.593328,-1.023900,0.738636,0.388707,0.079999,-0.118811,-0.687944
0.352468,0.660479,0.753384,-0.011388,-0.099150,0.384316,0.917791,-0.139412,0.077782,-0.058687,0.839434,-0.622368,0.077818,-0.457165,-0.193698,0.067444,1.100697,-0.257063,0.199212,-0.154792,-0.084025,0.115580,-0.615935,0.167025,-0.692274,0.291761,-0.263797,-0.225677,0.158111,-1.426638,-0.991862,0.685106,0.307039,0.111760,-0.125013,-0.621641
0.366886,0.656948,0.755475,-0.023499,-0.104079,0.410770,0.905474,-0.143497,0.109622,-0.118264,0.841991,-0.633376,0.063990,-0.422417,-0.120358,0.163607,0.981511,-0.225584,0.233061,-0.170459,-0.071067,0.129728,-0.581318,0.158791,-0.672115,0.439258,-0.234912,-0.204742,0.164422,-1.251740,-0.946572,0.640181,0.233187,0.147365,-0.124075,-0.545465
0.382476,0.649600,0.756769,-0.030278,-0.105862,0.435538,0.893411,-0.154448,0.136363,-0.177914,0.843818,-0.632796,0.046641,-0.381346,-0.047983,0.251789,0.898534,-0.203901,0.258255,-0.173923,-0.063227,0.139926,-0.552399,0.156330,-0.639285,0.596068,-0.192678,-0.184108,0.179837,-1.083246,-0.884310,0.607826,0.192369,0.176662,-0.111407,-0.458903
0.399244,0.640319,0.756954,-0.030346,-0.103216,0.462084,0.880287,-0.170610,0.150787,-0.227712,0.839303,-0.612322,0.025420,-0.344132,-0.010042,0.312776,0.849740,-0.207374,0.270445,-0.158697,-0.060791,0.150521,-0.530817,0.161673,-0.587263,0.741851,-0.168471,-0.162258,0.202540,-0.919584,-0.793508,0.587838,0.199387,0.219917,-0.090400,-0.370651
0.416027,0.629446,0.755759,-0.024124,-0.095690,0.491764,0.865118,-0.195865,0.150492,-0.256315,0.824899,-0.566535,0.002398,-0.314800,-0.021844,0.327727,0.827409,-0.237101,0.270825,-0.124977,-0.063504,0.163691,-0.514231,0.178964,-0.511942,0.854629,-0.192620,-0.142168,0.229694,-0.764984,-0.679184,0.571514,0.255299,0.279595,-0.067011,-0.295256
0.431708,0.616592,0.753193,-0.012028,-0.082798,0.525701,0.846545,-0.235976,0.137307,-0.254525,0.800360,-0.496514,-0.019522,-0.294623,-0.079917,0.290065,0.821263,-0.286829,0.264643,-0.076287,-0.067593,0.177769,-0.504524,0.218245,-0.417100,0.915969,-0.261675,-0.130065,0.262697,-0.630595,-0.559899,0.555917,0.344397,0.326220,-0.044346,-0.240508
0.446921,0.602424,0.749939,0.002227,-0.061681,0.568085,0.820652,-0.291451,0.116791,-0.221463,0.768553,-0.410810,-0.039050,-0.285073,-0.169666,0.212618,0.816984,-0.350578,0.256182,-0.015818,-0.064703,0.190051,-0.508971,0.290126,-0.314770,0.919053,-0.337667,-0.129602,0.306882,-0.524954,-0.453818,0.550751,0.437946,0.321209,-0.021359,-0.199820
0.462721,0.587797,0.747430,0.012738,-0.039414,0.611055,0.790504,-0.354604,0.098773,-0.172204,0.737758,-0.320039,-0.057110,-0.279033,-0.261837,0.114163,0.803491,-0.412351,0.242705,0.049140,-0.052473,0.202549,-0.519884,0.380452,-0.214244,0.890942,-0.407737,-0.137701,0.354865,-0.444556,-0.368885,0.552190,0.514527,0.281004,-0.000003,-0.164394
0.478512,0.573133,0.746153,0.019101,-0.017639,0.652255,0.757554,-0.416512,0.090655,-0.115292,0.718568,-0.242359,-0.069756,-0.273354,-0.336721,0.014574,0.782717,-0.457938,0.225687,0.111129,-0.029116,0.210782,-0.541878,0.484253,-0.125261,0.832171,-0.469435,-0.157322,0.405201,-0.399660,-0.313815,0.568712,0.557764,0.218077,0.013063,-0.137444
0.493151,0.558860,0.745666,0.020934,0.001978,0.689728,0.723764,-0.469828,0.093494,-0.055050,0.719911,-0.195321,-0.072242,-0.269106,-0.387605,-0.069669,0.764341,-0.482373,0.209278,0.164240,0.004385,0.208647,-0.586348,0.601185,-0.057259,0.746443,-0.507534,-0.187802,0.462882,-0.403679,-0.294750,0.608595,0.561465,0.135945,0.013173,-0.121794
0.506417,0.546117,0.745353,0.019810,0.015913,0.719679,0.693842,-0.509183,0.102173,0.001682,0.744509,-0.184664,-0.064387,-0.267269,-0.417584,-0.130554,0.756016,-0.491642,0.195662,0.205831,0.041539,0.196060,-0.656102,0.723646,-0.015785,0.670342,-0.494448,-0.215822,0.531046,-0.454540,-0.306371,0.663419,0.529747,0.046912,0.003299,-0.108770
0.518261,0.536721,0.745142,0.019648,0.027462,0.744488,0.666781,-0.531356,0.112353,0.053385,0.784984,-0.201352,-0.047674,-0.267317,-0.440489,-0.172693,0.758147,-0.495675,0.186572,0.239840,0.075212,0.176001,-0.743226,0.848686,0.002021,0.612246,-0.444131,-0.231120,0.603468,-0.537314,-0.327857,0.722944,0.458213,-0.021456,-0.010867,-0.096291
0.528575,0.529077,0.745137,0.020754,0.036738,0.765274,0.642320,-0.544130,0.123037,0.095256,0.837793,-0.233793,-0.025136,-0.269114,-0.461456,-0.199183,0.768496,-0.498170,0.182139,0.265620,0.100988,0.151533,-0.839934,0.974364,0.000941,0.566942,-0.377604,-0.232104,0.676448,-0.648106,-0.346792,0.771503,0.353178,-0.060092,-0.025608,-0.095984
0.537740,0.521036,0.745434,0.023427,0.043862,0.783011,0.620017,-0.556481,0.134596,0.123154,0.897255,-0.270408,-0.002035,-0.272573,-0.479179,-0.212909,0.784248,-0.500484,0.179607,0.282478,0.119349,0.125715,-0.940886,1.099198,-0.014319,0.527994,-0.303961,-0.222911,0.748436,-0.782187,-0.361867,0.802132,0.232893,-0.082249,-0.038418,-0.113795
0.546353,0.513335,0.746006,0.026254,0.049371,0.798049,0.599992,-0.568304,0.146165,0.137562,0.949797,-0.299982,0.014726,-0.276558,-0.493555,-0.219879,0.801258,-0.505605,0.175296,0.294713,0.133437,0.102231,-1.039454,1.218588,-0.039734,0.493712,-0.221845,-0.208055,0.814721,-0.920326,-0.374676,0.822126,0.118016,-0.105324,-0.046281,-0.138702
0.552621,0.507268,0.746540,0.028298,0.053959,0.809285,0.584248,-0.577907,0.155981,0.135392,0.988874,-0.316931,0.020785,-0.278738,-0.504099,-0.221715,0.810890,-0.509610,0.173201,0.302452,0.138661,0.084640,-1.120701,1.312802,-0.073488,0.465690,-0.145857,-0.189408,0.865041,-1.046255,-0.379283,0.822755,0.018292,-0.116972,-0.047105,-0.172626
0.555114,0.503109,0.746907,0.029607,0.057862,0.816991,0.572976,-0.583656,0.166084,0.121407,1.014312,-0.322584,0.016437,-0.279161,-0.513119,-0.219713,0.810701,-0.509199,0.176767,0.308907,0.135321,0.071895,-1.180110,1.376148,-0.107479,0.439847,-0.093864,-0.174756,0.896213,-1.144386,-0.373582,0.809390,-0.057602,-0.116827,-0.043010,-0.207930
0.553349,0.500274,0.747099,0.030225,0.061314,0.821362,0.566297,-0.584563,0.178878,0.103944,1.025452,-0.321231,0.005108,-0.279302,-0.524118,-0.215099,0.804391,-0.504232,0.186323,0.316483,0.126611,0.062382,-1.222246,1.414189,-0.134987,0.414343,-0.070013,-0.170171,0.914737,-1.208433,-0.361593,0.794677,-0.104858,-0.114987,-0.037340,-0.234770
0.547833,0.498215,0.746997,0.030738,0.063905,0.822254,0.564685,-0.579138,0.193645,0.087849,1.016435,-0.315193,-0.009094,-0.279949,-0.538467,-0.208490,0.797395,-0.497862,0.199522,0.322438,0.113315,0.057874,-1.248595,1.430069,-0.154720,0.395771,-0.062204,-0.172644,0.929827,-1.243782,-0.350222,0.783221,-0.128385,-0.115439,-0.030609,-0.250897
0.540976,0.497323,0.746312,0.031997,0.065403,0.821099,0.566123,-0.561784,0.210783,0.076977,0.982362,-0.303065,-0.022882,-0.281071,-0.553386,-0.201390,0.793643,-0.496358,0.212400,0.325343,0.096696,0.058921,-1.244374,1.420649,-0.152729,0.384798,-0.072555,-0.179777,0.936803,-1.245617,-0.343265,0.776721,-0.140571,-0.112986,-0.020691,-0.246980
0.533698,0.496955,0.744865,0.034304,0.065403,0.818426,0.569846,-0.535138,0.228717,0.068505,0.932346,-0.286953,-0.036174,-0.282763,-0.566161,-0.189093,0.796156,-0.501910,0.221404,0.323232,0.080170,0.065477,-1.209042,1.393011,-0.128668,0.377404,-0.097574,-0.190372,0.937454,-1.226103,-0.339210,0.774198,-0.149024,-0.108055,-0.008130,-0.233718
0.526341,0.496329,0.742182,0.037959,0.063498,0.814746,0.575079,-0.503433,0.244811,0.059985,0.877389,-0.270446,-0.048804,-0.284608,-0.574963,-0.169221,0.806571,-0.514810,0.224923,0.314466,0.067727,0.077028,-1.145886,1.350378,-0.085913,0.371258,-0.135762,-0.204411,0.934445,-1.193768,-0.338152,0.776880,-0.152485,-0.101883,0.004088,-0.219325
0.519995,0.495784,0.737708,0.043214,0.057545,0.809548,0.582626,-0.464695,0.257187,0.053714,0.819422,-0.256374,-0.058378,-0.285175,-0.577900,-0.147371,0.824159,-0.535695,0.223751,0.298685,0.061761,0.092466,-1.049506,1.281332,-0.021796,0.369194,-0.194633,-0.222132,0.921977,-1.137013,-0.346431,0.790823,-0.143613,-0.092428,0.012963,-0.190224
0.514464,0.495891,0.732891,0.048674,0.049315,0.802956,0.591996,-0.419803,0.264347,0.043327,0.766997,-0.252664,-0.065912,-0.283424,-0.572101,-0.121439,0.844935,-0.559233,0.219529,0.274855,0.062472,0.110224,-0.929762,1.186330,0.046005,0.373006,-0.267320,-0.240535,0.895058,-1.064017,-0.366977,0.818635,-0.118734,-0.089310,0.017433,-0.148721
0.508747,0.497242,0.728823,0.053127,0.039511,0.795433,0.602414,-0.374290,0.266447,0.027996,0.729114,-0.263614,-0.071663,-0.278205,-0.558787,-0.093098,0.860857,-0.580336,0.215397,0.243515,0.067851,0.126585,-0.802421,1.066146,0.100042,0.390739,-0.345079,-0.251357,0.845879,-0.972352,-0.394460,0.853072,-0.069987,-0.087615,0.018565,-0.098791
0.501431,0.499077,0.726140,0.055365,0.028843,0.787502,0.613142,-0.334626,0.265816,0.010102,0.709412,-0.291663,-0.072897,-0.270187,-0.538608,-0.063747,0.865135,-0.591162,0.215189,0.202671,0.074349,0.139659,-0.680891,0.923785,0.119172,0.430072,-0.418334,-0.247023,0.766799,-0.859224,-0.426811,0.872764,0.009282,-0.071234,0.017514,-0.048461
0.491741,0.499416,0.725548,0.052048,0.016789,0.779862,0.623558,-0.304043,0.266630,-0.009478,0.703748,-0.337733,-0.065999,-0.262813,-0.508464,-0.030677,0.857041,-0.581389,0.221328,0.148064,0.078681,0.151807,-0.571573,0.770141,0.081666,0.490234,-0.475574,-0.226624,0.658177,-0.735721,-0.470866,0.852117,0.116865,-0.029665,0.014844,-0.010255
0.481906,0.499404,0.727364,0.045547,0.005014,0.772182,0.633747,-0.282374,0.273387,-0.024362,0.704464,-0.388923,-0.055242,-0.258670,-0.470933,0.000222,0.839576,-0.553826,0.231701,0.088266,0.081167,0.162981,-0.475760,0.621911,0.006738,0.564471,-0.509918,-0.194166,0.538159,-0.607672,-0.520966,0.798616,0.242117,0.027676,0.014141,0.019805
0.472378,0.498207,0.731535,0.036172,-0.006540,0.764195,0.643937,-0.270110,0.290107,-0.029817,0.708443,-0.436259,-0.044324,-0.261854,-0.427326,0.025014,0.819863,-0.504051,0.243165,0.027399,0.081506,0.171965,-0.406411,0.498420,-0.093699,0.634081,-0.507453,-0.157241,0.425354,-0.495220,-0.578028,0.714529,0.355841,0.095524,0.012737,0.028797
0.462443,0.494638,0.737682,0.024232,-0.017929,0.755607,0.654331,-0.265030,0.318583,-0.022355,0.712796,-0.476418,-0.034123,-0.275887,-0.379749,0.040604,0.807238,-0.431480,0.253382,-0.034075,0.078865,0.177988,-0.373254,0.409929,-0.210027,0.676935,-0.465617,-0.126444,0.328942,-0.417520,-0.647535,0.600359,0.429200,0.170905,0.005437,0.004712
0.452369,0.489741,0.745182,0.010370,-0.029678,0.743824,0.667636,-0.259552,0.356712,0.000118,0.710807,-0.507557,-0.024539,-0.301581,-0.333640,0.043086,0.810063,-0.350443,0.260993,-0.093694,0.073465,0.181358,-0.369298,0.351784,-0.321487,0.679839,-0.405520,-0.112118,0.248720,-0.376734,-0.732498,0.469861,0.453071,0.241869,-0.009063,-0.043360
0.443255,0.484499,0.753362,-0.002730,-0.041012,0.729713,0.682517,-0.247633,0.398577,0.029815,0.700367,-0.529027,-0.018215,-0.339132,-0.291762,0.036667,0.832177,-0.269176,0.264175,-0.149475,0.066662,0.181899,-0.391901,0.320025,-0.419845,0.644157,-0.340080,-0.114846,0.188564,-0.376242,-0.836932,0.344577,0.429358,0.284685,-0.029146,-0.112478
0.434999,0.480138,0.760898,-0.015146,-0.051584,0.714028,0.698050,-0.229192,0.439612,0.061635,0.683004,-0.542780,-0.015861,-0.383741,-0.257130,0.022780,0.872668,-0.197929,0.263510,-0.197453,0.058248,0.176235,-0.441408,0.305746,-0.500808,0.577384,-0.276869,-0.130064,0.147136,-0.411028,-0.954021,0.236549,0.371178,0.292131,-0.051981,-0.201894
0.427048,0.477219,0.767054,-0.026958,-0.061054,0.697597,0.713375,-0.207259,0.476488,0.091992,0.661787,-0.553377,-0.015173,-0.428906,-0.231183,0.004008,0.925234,-0.143022,0.261800,-0.236162,0.048259,0.163989,-0.509120,0.297501,-0.567929,0.493406,-0.221674,-0.150739,0.116640,-0.469081,-1.072901,0.143954,0.298683,0.273122,-0.073607,-0.308351
0.419822,0.475392,0.772331,-0.037064,-0.068598,0.682817,0.726417,-0.184379,0.505931,0.115355,0.640242,-0.565322,-0.013024,-0.470629,-0.212376,-0.012200,0.980467,-0.102854,0.261685,-0.267489,0.038667,0.150807,-0.575562,0.288455,-0.631349,0.411091,-0.178514,-0.170058,0.090327,-0.538209,-1.185349,0.061084,0.231695,0.238535,-0.089717,-0.422767
0.414668,0.475739,0.776117,-0.044780,-0.074058,0.670542,0.736806,-0.163688,0.526390,0.130048,0.623485,-0.576626,-0.010512,-0.505848,-0.200638,-0.025318,1.035016,-0.082584,0.261858,-0.283869,0.030212,0.136091,-0.639172,0.283171,-0.682430,0.340035,-0.144371,-0.186529,0.078189,-0.612101,-1.275235,0.005107,0.179918,0.186862,-0.099391,-0.529460
0.411327,0.476973,0.778304,-0.049896,-0.078044,0.660689,0.744923,-0.146265,0.538311,0.137652,0.613737,-0.588512,-0.006075,-0.532419,-0.192477,-0.034970,1.085772,-0.074649,0.261784,-0.287694,0.021311,0.120689,-0.697846,0.279429,-0.719324,0.282606,-0.115400,-0.199600,0.080976,-0.685905,-1.339178,-0.021243,0.139518,0.129001,-0.103373,-0.618464
0.409047,0.477573,0.779216,-0.052199,-0.081160,0.653114,0.751086,-0.132219,0.543771,0.140288,0.610479,-0.603925,0.002024,-0.548523,-0.182174,-0.039451,1.128881,-0.069544,0.261800,-0.286106,0.011038,0.106894,-0.747817,0.272968,-0.746252,0.237870,-0.090337,-0.209063,0.090076,-0.755613,-1.379606,-0.027959,0.105190,0.081567,-0.104372,-0.687228
0.408104,0.478284,0.779039,-0.051806,-0.082478,0.648301,0.755129,-0.122026,0.544720,0.138706,0.612427,-0.622902,0.012587,-0.552406,-0.166983,-0.037797,1.161009,-0.068941,0.261807,-0.281434,0.001062,0.095952,-0.786529,0.265921,-0.763440,0.205975,-0.071322,-0.214966,0.098317,-0.816296,-1.393861,-0.022605,0.079409,0.052485,-0.105978,-0.735524
0.408617,0.479319,0.778033,-0.049379,-0.082477,0.645712,0.757506,-0.114786,0.539365,0.133624,0.618691,-0.642944,0.026378,-0.543644,-0.153166,-0.032920,1.180264,-0.072731,0.261779,-0.277196,-0.008385,0.088592,-0.806098,0.260133,-0.765407,0.191755,-0.061533,-0.215084,0.107333,-0.855265,-1.383150,-0.007115,0.060870,0.041629,-0.106654,-0.757197
0.410446,0.480512,0.776517,-0.045731,-0.081627,0.645157,0.758300,-0.110573,0.530592,0.124298,0.626942,-0.663490,0.041140,-0.523726,-0.137090,-0.024732,1.188444,-0.081726,0.261839,-0.275341,-0.016987,0.083754,-0.809209,0.256753,-0.752013,0.191297,-0.059054,-0.211611,0.116774,-0.872190,-1.355612,0.010795,0.046053,0.039228,-0.106606,-0.757602
0.413142,0.481689,0.774607,-0.041673,-0.080393,0.646435,0.757576,-0.110271,0.521722,0.111516,0.636634,-0.684100,0.054245,-0.494190,-0.116643,-0.012152,1.186413,-0.099421,0.261800,-0.275486,-0.023648,0.081496,-0.799174,0.255502,-0.727119,0.202574,-0.060792,-0.206717,0.125577,-0.865767,-1.314906,0.022853,0.032935,0.038718,-0.105906,-0.744663
0.415770,0.482557,0.772059,-0.035372,-0.078552,0.651026,0.754151,-0.114276,0.509889,0.099083,0.651160,-0.702577,0.066046,-0.455771,-0.104157,0.003608,1.171975,-0.132528,0.261536,-0.275394,-0.028625,0.084400,-0.771331,0.255052,-0.694038,0.233474,-0.067423,-0.198437,0.135265,-0.823492,-1.253180,0.027821,0.022985,0.046515,-0.102294,-0.717028
0.416794,0.481893,0.768575,-0.025565,-0.075725,0.658089,0.748686,-0.121470,0.487975,0.087613,0.672180,-0.718765,0.076696,-0.411907,-0.111129,0.021662,1.149183,-0.189515,0.263156,-0.271830,-0.039529,0.091756,-0.732621,0.256537,-0.655744,0.280542,-0.080697,-0.188336,0.145531,-0.751118,-1.167604,0.027270,0.018406,0.069875,-0.097241,-0.673138
0.416825,0.481216,0.764454,-0.013095,-0.071219,0.667870,0.740747,-0.131337,0.455164,0.077399,0.697000,-0.729173,0.085740,-0.365343,-0.140056,0.037541,1.117528,-0.266038,0.264668,-0.261592,-0.057319,0.104320,-0.687241,0.260301,-0.610764,0.340429,-0.102114,-0.177510,0.158388,-0.656332,-1.060269,0.022739,0.024318,0.112597,-0.092657,-0.615293
0.417945,0.481300,0.760304,0.001193,-0.064340,0.680572,0.729850,-0.146628,0.414131,0.065062,0.718740,-0.723757,0.088026,-0.320339,-0.183364,0.046874,1.073774,-0.350284,0.262368,-0.240215,-0.074890,0.121580,-0.636850,0.269831,-0.555683,0.408516,-0.133347,-0.166934,0.176292,-0.548444,-0.936770,0.024700,0.052323,0.167220,-0.087832,-0.546282
0.421640,0.479519,0.756410,0.012487,-0.052692,0.697810,0.714233,-0.171973,0.366336,0.043116,0.729251,-0.689433,0.074622,-0.283468,-0.228859,0.048821,1.018131,-0.431672,0.255242,-0.203971,-0.083357,0.139399,-0.584147,0.291876,-0.489890,0.475514,-0.175858,-0.158558,0.197803,-0.441177,-0.805974,0.052007,0.115106,0.216497,-0.079655,-0.467003
0.427280,0.476055,0.752343,0.020434,-0.039505,0.716046,0.696635,-0.203798,0.316294,0.013048,0.725995,-0.626172,0.048212,-0.255859,-0.273179,0.041423,0.956559,-0.498000,0.244767,-0.160275,-0.081854,0.156405,-0.529131,0.321983,-0.418132,0.533955,-0.227254,-0.153273,0.215447,-0.344579,-0.682090,0.100581,0.200899,0.257885,-0.069172,-0.382811
0.435233,0.471272,0.748435,0.024701,-0.025133,0.735070,0.677074,-0.241520,0.273617,-0.014203,0.711059,-0.544310,0.013765,-0.239968,-0.308727,0.024920,0.898112,-0.541352,0.232213,-0.113291,-0.068304,0.171940,-0.483738,0.361601,-0.343563,0.574690,-0.282498,-0.153305,0.230259,-0.273739,-0.582781,0.168520,0.288612,0.274688,-0.058680,-0.302116
0.445419,0.464712,0.745202,0.024960,-0.009933,0.754658,0.655568,-0.286034,0.246024,-0.027133,0.692012,-0.458189,-0.023310,-0.236687,-0.331587,0.002120,0.850725,-0.560789,0.218598,-0.064075,-0.040918,0.184678,-0.461500,0.414879,-0.269194,0.591665,-0.333160,-0.160839,0.251159,-0.239869,-0.519610,0.256250,0.355075,0.248959,-0.049551,-0.231842
0.455486,0.455589,0.742465,0.023167,0.004234,0.773913,0.632854,-0.335005,0.232506,-0.021575,0.681412,-0.381820,-0.056061,-0.241754,-0.350766,-0.022758,0.818447,-0.562465,0.206548,-0.015184,-0.003498,0.192733,-0.465018,0.481067,-0.200080,0.585935,-0.369178,-0.175896,0.287396,-0.242187,-0.490181,0.358737,0.380314,0.183370,-0.041836,-0.173939
0.463025,0.444598,0.739908,0.022794,0.017371,0.791695,0.610243,-0.384861,0.226460,0.001750,0.690517,-0.330311,-0.077503,-0.250859,-0.377119,-0.045590,0.802849,-0.556232,0.202910,0.030331,0.033385,0.195830,-0.493801,0.558829,-0.138401,0.559503,-0.387993,-0.196577,0.341169,-0.279681,-0.482345,0.467403,0.358476,0.098061,-0.036575,-0.127520
0.467336,0.434682,0.737676,0.023365,0.029504,0.807837,0.588203,-0.434293,0.226478,0.036616,0.725951,-0.309429,-0.085422,-0.258894,-0.411572,-0.065445,0.798030,-0.543945,0.208693,0.072250,0.064986,0.194637,-0.544563,0.649466,-0.081888,0.520442,-0.387457,-0.219823,0.414489,-0.347156,-0.481987,0.569547,0.295866,0.015160,-0.036047,-0.095721
0.468966,0.427587,0.736188,0.024406,0.040664,0.822204,0.567214,-0.483684,0.232071,0.071595,0.785164,-0.312786,-0.084561,-0.263902,-0.447983,-0.082559,0.796014,-0.527107,0.220149,0.111985,0.092220,0.189556,-0.607643,0.753447,-0.028340,0.478902,-0.370076,-0.241993,0.502981,-0.432812,-0.478927,0.659783,0.212811,-0.054655,-0.038808,-0.076688
0.468499,0.421721,0.735748,0.023352,0.049906,0.833495,0.549774,-0.532357,0.238700,0.093815,0.855877,-0.326467,-0.083560,-0.268537,-0.479847,-0.095924,0.792405,-0.513315,0.233604,0.149286,0.116229,0.180444,-0.668332,0.865792,0.019403,0.441897,-0.344877,-0.259427,0.590926,-0.521595,-0.469662,0.741956,0.137055,-0.112602,-0.038758,-0.060590
0.465829,0.416933,0.736380,0.020603,0.056678,0.842031,0.536047,-0.575439,0.245925,0.099744,0.926814,-0.342803,-0.082926,-0.271183,-0.502694,-0.105204,0.782865,-0.502216,0.247186,0.179584,0.134510,0.168623,-0.721778,0.976250,0.054281,0.414944,-0.312711,-0.269209,0.663659,-0.607906,-0.454175,0.800415,0.074747,-0.147204,-0.037632,-0.053789
0.461662,0.413794,0.737427,0.016719,0.061663,0.848655,0.525073,-0.611749,0.256189,0.097892,0.991760,-0.359965,-0.080637,-0.271566,-0.519450,-0.113168,0.771513,-0.498397,0.258104,0.205065,0.148457,0.155111,-0.764999,1.081093,0.077341,0.401692,-0.277008,-0.270131,0.716485,-0.683895,-0.433780,0.835211,0.028642,-0.164259,-0.036317,-0.054766
0.457003,0.411985,0.737900,0.012257,0.065538,0.854100,0.515818,-0.642502,0.270119,0.097610,1.045694,-0.377226,-0.075611,-0.270891,-0.535091,-0.122269,0.763477,-0.507224,0.263738,0.228978,0.161366,0.141067,-0.798531,1.180466,0.092296,0.401856,-0.240993,-0.263038,0.752308,-0.745775,-0.412413,0.856122,-0.001679,-0.177376,-0.033942,-0.058082
0.451887,0.410015,0.737013,0.007723,0.068181,0.859226,0.506973,-0.668083,0.284191,0.100553,1.082470,-0.392660,-0.068196,-0.269436,-0.550832,-0.131854,0.757539,-0.526888,0.264007,0.248987,0.174614,0.127868,-0.827648,1.272474,0.098655,0.410132,-0.203479,-0.250646,0.775705,-0.799625,-0.395459,0.866874,-0.022967,-0.190134,-0.030177,-0.064073
0.444710,0.408202,0.734351,0.002648,0.069775,0.864876,0.497106,-0.689813,0.296465,0.110574,1.102687,-0.408740,-0.057482,-0.264976,-0.567627,-0.142313,0.754855,-0.550881,0.262331,0.265158,0.189441,0.114314,-0.852408,1.354437,0.098926,0.419435,-0.166073,-0.236422,0.789423,-0.847177,-0.380616,0.870881,-0.038674,-0.201227,-0.025741,-0.071780
0.435141,0.406867,0.729449,-0.002828,0.070365,0.870992,0.486223,-0.708911,0.306453,0.128123,1.110368,-0.424821,-0.044796,-0.256275,-0.585542,-0.153759,0.755552,-0.575315,0.261271,0.278038,0.205917,0.100205,-0.876242,1.425553,0.094966,0.426940,-0.130005,-0.221889,0.798939,-0.889685,-0.366142,0.871531,-0.050544,-0.208551,-0.021428,-0.083608
0.423637,0.405928,0.722743,-0.008564,0.069996,0.877516,0.474334,-0.724631,0.313643,0.152504,1.108628,-0.439295,-0.031286,-0.242689,-0.604738,-0.168083,0.758271,-0.596186,0.261213,0.287441,0.224049,0.086011,-0.902530,1.483452,0.084999,0.432895,-0.095346,-0.208369,0.806902,-0.927356,-0.353124,0.870061,-0.057759,-0.212063,-0.018188,-0.100853
0.410177,0.404947,0.716100,-0.015101,0.067673,0.884503,0.461353,-0.734347,0.316430,0.183552,1.098342,-0.453063,-0.016185,-0.223256,-0.623653,-0.188257,0.760553,-0.604630,0.261177,0.293346,0.244875,0.071174,-0.931158,1.523127,0.064126,0.436812,-0.061027,-0.198345,0.810059,-0.958370,-0.343487,0.864809,-0.057320,-0.214580,-0.016982,-0.120496
0.394766,0.402861,0.710981,-0.022737,0.062847,0.891532,0.448001,-0.738398,0.313162,0.214189,1.083775,-0.466333,-0.001971,-0.198588,-0.631063,-0.208707,0.758170,-0.588783,0.261236,0.299693,0.269099,0.053519,-0.966896,1.546635,0.031289,0.435104,-0.023944,-0.191805,0.811429,-0.982484,-0.335644,0.855334,-0.050476,-0.218611,-0.017201,-0.144087
0.377732,0.401142,0.708176,-0.030981,0.055923,0.898594,0.434099,-0.736579,0.305472,0.241421,1.070458,-0.484257,0.014565,-0.170714,-0.629876,-0.227366,0.753733,-0.548271,0.261402,0.308910,0.295967,0.029962,-1.007692,1.556863,-0.012233,0.425758,0.017477,-0.188129,0.810957,-0.998759,-0.330482,0.842019,-0.041039,-0.226543,-0.018618,-0.171402
0.358620,0.399993,0.707917,-0.039338,0.047308,0.905683,0.419468,-0.726755,0.290465,0.264981,1.059124,-0.512767,0.039166,-0.142206,-0.629958,-0.241582,0.754968,-0.489543,0.261597,0.319180,0.322741,0.000393,-1.053509,1.556511,-0.067038,0.411416,0.061307,-0.185055,0.807208,-1.007851,-0.329439,0.825668,-0.030833,-0.235103,-0.020498,-0.200075
0.336237,0.396133,0.710027,-0.044904,0.038189,0.913162,0.403312,-0.706732,0.258636,0.283065,1.044564,-0.552081,0.073130,-0.115181,-0.634606,-0.244805,0.768172,-0.416994,0.261804,0.326099,0.345315,-0.030828,-1.112871,1.548845,-0.136315,0.398298,0.102282,-0.179234,0.801071,-1.012997,-0.331431,0.807274,-0.018157,-0.234897,-0.021124,-0.227210
0.312407,0.390699,0.713937,-0.047401,0.030149,0.920398,0.386926,-0.680195,0.214273,0.294528,1.028264,-0.595541,0.111157,-0.090716,-0.644562,-0.240499,0.792390,-0.334316,0.261684,0.330396,0.360866,-0.061611,-1.183563,1.536268,-0.216899,0.387854,0.135296,-0.173020,0.792073,-1.013534,-0.335462,0.787870,-0.004898,-0.226448,-0.021027,-0.249191
0.288903,0.383637,0.718577,-0.046142,0.023974,0.927524,0.370129,-0.648031,0.158085,0.299903,1.008839,-0.635718,0.151088,-0.070357,-0.661067,-0.225235,0.832917,-0.253179,0.263743,0.328842,0.367042,-0.088402,-1.260405,1.519401,-0.302779,0.380953,0.156622,-0.167577,0.780800,-1.009924,-0.340752,0.768686,0.008561,-0.208504,-0.020785,-0.266930
0.266128,0.374363,0.722618,-0.040442,0.020447,0.934630,0.352723,-0.609245,0.089862,0.300293,0.983987,-0.666685,0.191068,-0.056379,-0.683004,-0.194681,0.895933,-0.186801,0.267626,0.316920,0.363500,-0.107589,-1.338788,1.498845,-0.388151,0.379137,0.166049,-0.162860,0.768872,-1.004668,-0.346727,0.750987,0.022513,-0.181450,-0.021063,-0.281720
0.243712,0.364236,0.725044,-0.030515,0.020248,0.941874,0.333964,-0.565044,0.016436,0.294960,0.955475,-0.684746,0.224879,-0.051545,-0.702012,-0.152232,0.979832,-0.141925,0.265792,0.294373,0.353396,-0.118035,-1.414997,1.476539,-0.468566,0.382987,0.166521,-0.159590,0.757561,-1.000525,-0.352711,0.735344,0.036089,-0.151674,-0.022697,-0.292303
0.223028,0.356036,0.726102,-0.021020,0.019841,0.948477,0.315525,-0.519484,-0.050915,0.278686,0.927923,-0.689945,0.246553,-0.059336,-0.700378,-0.100173,1.078994,-0.122365,0.251722,0.264403,0.341901,-0.120425,-1.485356,1.453810,-0.539185,0.388201,0.157614,-0.158274,0.746237,-0.997542,-0.357144,0.720320,0.049259,-0.121869,-0.024711,-0.303163
0.203200,0.352749,0.726724,-0.013226,0.018607,0.954444,0.297516,-0.473867,-0.104017,0.251311,0.904075,-0.689892,0.257604,-0.087492,-0.670954,-0.047367,1.189793,-0.131573,0.224649,0.229141,0.333392,-0.116886,-1.546941,1.433283,-0.596388,0.391571,0.143577,-0.158773,0.734190,-0.996254,-0.360960,0.706193,0.057517,-0.094336,-0.028314,-0.314093
0.183038,0.354643,0.727480,-0.008405,0.015931,0.959813,0.280061,-0.428970,-0.141635,0.217046,0.885225,-0.692568,0.262883,-0.138769,-0.617810,-0.002088,1.306666,-0.167840,0.187822,0.190923,0.329953,-0.109717,-1.600502,1.415773,-0.641185,0.393688,0.128329,-0.159567,0.722648,-0.996761,-0.364252,0.693630,0.059257,-0.068304,-0.034361,-0.323219
0.163779,0.359063,0.728076,-0.006763,0.011308,0.964060,0.265358,-0.387604,-0.167432,0.180218,0.872243,-0.699810,0.264827,-0.205695,-0.548648,0.032839,1.417574,-0.219736,0.146428,0.154168,0.330929,-0.100688,-1.650907,1.398751,-0.679522,0.398155,0.111819,-0.157986,0.714917,-0.997148,-0.364462,0.681716,0.060435,-0.040848,-0.041117,-0.331535
0.147183,0.367391,0.728437,-0.006541,0.006519,0.967163,0.253988,-0.350112,-0.179436,0.143650,0.863301,-0.712708,0.265007,-0.286290,-0.468871,0.045847,1.508160,-0.270388,0.109978,0.122506,0.333962,-0.092216,-1.699862,1.383353,-0.714040,0.406305,0.101836,-0.153176,0.712423,-0.995088,-0.364191,0.669756,0.060621,-0.020609,-0.049169,-0.336898
0.131802,0.376546,0.728238,-0.006773,0.001713,0.969562,0.244747,-0.315062,-0.185312,0.111822,0.858106,-0.726750,0.264381,-0.374245,-0.391714,0.037059,1.567037,-0.310890,0.086621,0.094705,0.337833,-0.083933,-1.745915,1.371049,-0.746094,0.415860,0.099951,-0.147434,0.717143,-0.990656,-0.364564,0.658112,0.057624,-0.003737,-0.058746,-0.336828
0.115760,0.383247,0.727214,-0.006489,-0.002961,0.971626,0.236415,-0.279348,-0.194108,0.087137,0.853431,-0.737541,0.262302,-0.462143,-0.328842,0.014710,1.590777,-0.338775,0.079313,0.068044,0.340751,-0.074804,-1.786737,1.362189,-0.776044,0.424737,0.105186,-0.142404,0.729439,-0.984721,-0.365359,0.648039,0.050927,0.014705,-0.068917,-0.329531
0.099293,0.389006,0.725540,-0.004691,-0.006038,0.973593,0.228162,-0.238263,-0.205230,0.066836,0.840676,-0.745269,0.256388,-0.545739,-0.280863,-0.015138,1.582118,-0.352620,0.085188,0.041801,0.339682,-0.065110,-1.821582,1.355773,-0.803426,0.433756,0.117846,-0.137029,0.745292,-0.977281,-0.367137,0.640552,0.042500,0.027784,-0.077553,-0.314595
0.080737,0.393581,0.723442,-0.001924,-0.009205,0.975723,0.218805,-0.186966,-0.216088,0.048373,0.816739,-0.746172,0.245520,-0.617115,-0.247460,-0.048638,1.535056,-0.352505,0.100289,0.014166,0.336055,-0.052846,-1.852262,1.349599,-0.829165,0.442321,0.127039,-0.133841,0.757667,-0.969730,-0.370429,0.634371,0.033887,0.036251,-0.081230,-0.295036
0.060054,0.397181,0.721282,0.001706,-0.012438,0.977912,0.208642,-0.125700,-0.227002,0.028679,0.782101,-0.742247,0.230820,-0.674778,-0.223778,-0.081769,1.460585,-0.341378,0.121390,-0.014165,0.330599,-0.038441,-1.880281,1.341797,-0.853793,0.449305,0.133082,-0.133569,0.762015,-0.963568,-0.375424,0.630434,0.024357,0.041349,-0.080995,-0.274126
0.038762,0.400594,0.719525,0.006093,-0.015712,0.980063,0.197973,-0.059283,-0.236766,0.007206,0.742229,-0.734217,0.213779,-0.716626,-0.204524,-0.108990,1.369987,-0.321332,0.146400,-0.041109,0.323581,-0.023885,-1.905969,1.331008,-0.878092,0.454806,0.137647,-0.135746,0.757042,-0.959109,-0.381937,0.629375,0.014466,0.044028,-0.078644,-0.254300
0.018144,0.404684,0.718533,0.011573,-0.019203,0.981918,0.187976,0.006793,-0.240589,-0.013488,0.705645,-0.716120,0.194897,-0.735214,-0.187442,-0.125320,1.260259,-0.291231,0.173843,-0.065044,0.316483,-0.011011,-1.929236,1.316693,-0.903370,0.460501,0.134357,-0.139910,0.743262,-0.955066,-0.389536,0.628760,0.008055,0.044801,-0.073086,-0.237105
-0.002310,0.410884,0.718174,0.016507,-0.022041,0.983332,0.179722,0.071729,-0.241331,-0.036271,0.671734,-0.690087,0.175575,-0.734955,-0.167537,-0.134355,1.146250,-0.252877,0.200972,-0.083576,0.310939,-0.003341,-1.951468,1.300876,-0.928506,0.466274,0.131769,-0.142170,0.721534,-0.950067,-0.397831,0.626992,0.005495,0.038267,-0.066090,-0.223181
-0.023331,0.418270,0.718058,0.020759,-0.024481,0.984428,0.172833,0.131679,-0.241586,-0.060865,0.648868,-0.654725,0.152795,-0.720529,-0.146499,-0.139342,1.039150,-0.215486,0.221108,-0.096603,0.308233,-0.001149,-1.970614,1.286005,-0.952233,0.469478,0.131198,-0.142374,0.697268,-0.944450,-0.406298,0.623686,0.003018,0.028616,-0.059565,-0.211730
-0.045172,0.425848,0.717990,0.024189,-0.026777,0.985309,0.166924,0.179907,-0.241623,-0.084696,0.649043,-0.608165,0.122910,-0.695547,-0.127921,-0.142536,0.949780,-0.190886,0.227508,-0.103331,0.308471,-0.004122,-1.983951,1.273827,-0.973960,0.468295,0.131653,-0.141909,0.675560,-0.938486,-0.414315,0.618986,-0.002016,0.021329,-0.054790,-0.202572
-0.067682,0.434610,0.718214,0.026216,-0.027994,0.985702,0.164074,0.211237,-0.240746,-0.105654,0.675767,-0.552385,0.085516,-0.664540,-0.111145,-0.146863,0.891602,-0.186303,0.218297,-0.101038,0.310385,-0.013520,-1.991935,1.264733,-0.993355,0.463995,0.137163,-0.140214,0.656660,-0.931281,-0.421753,0.613212,-0.007811,0.013811,-0.052123,-0.196672
-0.090858,0.443963,0.718930,0.027487,-0.029002,0.985908,0.162446,0.226644,-0.239386,-0.119324,0.723101,-0.485014,0.038721,-0.630765,-0.096703,-0.153833,0.857795,-0.200783,0.196963,-0.093190,0.312950,-0.025859,-1.996643,1.257206,-1.009054,0.457079,0.141818,-0.137917,0.641376,-0.924535,-0.430374,0.607874,-0.014395,0.007464,-0.049718,-0.191478
-0.112181,0.453239,0.720017,0.028613,-0.029827,0.985926,0.161991,0.219530,-0.237806,-0.122398,0.795521,-0.406489,-0.015068,-0.596987,-0.085775,-0.163130,0.848373,-0.230138,0.167078,-0.080581,0.314513,-0.038093,-2.001489,1.250244,-1.021168,0.449444,0.146270,-0.135792,0.630909,-0.921633,-0.441619,0.604471,-0.021629,0.002986,-0.048674,-0.190543
-0.129951,0.461831,0.721338,0.030205,-0.030496,0.985748,0.162661,0.182636,-0.233251,-0.110778,0.898753,-0.322506,-0.069042,-0.564573,-0.078928,-0.172194,0.858841,-0.267755,0.133433,-0.063662,0.312706,-0.048132,-2.009291,1.243937,-1.031936,0.443701,0.152655,-0.134415,0.627200,-0.923913,-0.456184,0.602947,-0.028283,-0.000200,-0.050375,-0.198205
-0.145658,0.468995,0.723119,0.032763,-0.030462,0.985333,0.164671,0.117940,-0.219671,-0.079943,1.025334,-0.244193,-0.114586,-0.533433,-0.075708,-0.177433,0.869378,-0.305405,0.103094,-0.045774,0.305233,-0.054289,-2.020373,1.239003,-1.043474,0.441630,0.157783,-0.133745,0.632973,-0.928833,-0.473265,0.602142,-0.032068,-0.003244,-0.053302,-0.212731
-0.158538,0.474640,0.725821,0.035458,-0.028645,0.984750,0.167900,0.032057,-0.194433,-0.035366,1.158263,-0.187522,-0.144031,-0.505311,-0.076232,-0.178821,0.874788,-0.338711,0.079855,-0.026909,0.291680,-0.057250,-2.032582,1.235930,-1.051565,0.443944,0.164448,-0.131784,0.649747,-0.934766,-0.487690,0.604313,-0.030332,-0.009268,-0.056477,-0.231630
-0.170144,0.479263,0.729535,0.038002,-0.025290,0.983963,0.172430,-0.066704,-0.155717,0.014658,1.282085,-0.162774,-0.151547,-0.478928,-0.079449,-0.173882,0.873332,-0.368955,0.064640,-0.008128,0.272412,-0.056909,-2.041866,1.235571,-1.053569,0.451115,0.171806,-0.127317,0.675068,-0.939824,-0.496654,0.607278,-0.021291,-0.020506,-0.058747,-0.254900
-0.182721,0.483077,0.734070,0.040102,-0.020643,0.982934,0.178343,-0.168377,-0.104336,0.063311,1.387150,-0.171650,-0.136579,-0.451865,-0.083833,-0.162393,0.864699,-0.398989,0.056794,0.009679,0.249372,-0.053814,-2.045392,1.238606,-1.050385,0.462596,0.178587,-0.120750,0.704348,-0.942957,-0.499534,0.608812,-0.005185,-0.035498,-0.059982,-0.281337
-0.196625,0.486135,0.739140,0.041232,-0.015561,0.981249,0.187641,-0.262362,-0.045684,0.105288,1.466828,-0.208197,-0.105342,-0.424015,-0.088306,-0.149074,0.851679,-0.429763,0.055681,0.027811,0.225681,-0.049954,-2.043267,1.245014,-1.044031,0.476673,0.185436,-0.114018,0.733374,-0.944554,-0.495866,0.611615,0.015737,-0.049748,-0.061767,-0.304900
-0.212274,0.491015,0.744135,0.041482,-0.009298,0.978767,0.200521,-0.342915,0.013362,0.131904,1.507181,-0.260914,-0.065195,-0.397253,-0.091235,-0.131261,0.838153,-0.463167,0.062239,0.047293,0.200973,-0.043547,-2.034204,1.254648,-1.031804,0.493160,0.182736,-0.110302,0.757991,-0.943372,-0.486302,0.616793,0.039858,-0.063367,-0.064777,-0.318279
-0.229874,0.497712,0.748555,0.041354,-0.002426,0.975369,0.216656,-0.407430,0.067554,0.141370,1.508307,-0.313876,-0.025650,-0.372327,-0.091984,-0.106581,0.827945,-0.497121,0.075475,0.069003,0.176551,-0.032410,-2.012377,1.265653,-1.006814,0.510543,0.164817,-0.112351,0.775288,-0.938585,-0.472881,0.622652,0.065494,-0.073429,-0.069101,-0.319601
-0.249068,0.503979,0.751914,0.041348,0.004480,0.970932,0.235715,-0.455656,0.112854,0.136885,1.477357,-0.355137,0.006040,-0.349229,-0.092503,-0.074525,0.823527,-0.527886,0.093409,0.093542,0.153660,-0.015484,-1.969393,1.274379,-0.961029,0.526141,0.131905,-0.121805,0.786686,-0.928874,-0.457821,0.629007,0.090841,-0.077621,-0.072878,-0.308814
-0.268918,0.507816,0.753668,0.043824,0.010883,0.964826,0.258983,-0.488035,0.146235,0.119985,1.416090,-0.382735,0.027814,-0.328718,-0.096420,-0.035084,0.826009,-0.553217,0.114441,0.120690,0.131327,0.007249,-1.894363,1.275277,-0.887179,0.537213,0.083290,-0.138957,0.794258,-0.909991,-0.442657,0.640323,0.116332,-0.078256,-0.071882,-0.282291
-0.288695,0.509008,0.753728,0.048048,0.016444,0.957377,0.284341,-0.501478,0.168813,0.086731,1.326192,-0.397328,0.036715,-0.312650,-0.102919,0.011789,0.837786,-0.570431,0.135480,0.148486,0.110480,0.035814,-1.768420,1.260277,-0.777685,0.541085,0.006708,-0.162530,0.782905,-0.873528,-0.429422,0.660700,0.150162,-0.075584,-0.063428,-0.234906
-0.308989,0.507594,0.751777,0.053320,0.020700,0.948776,0.310729,-0.499104,0.181518,0.039085,1.218895,-0.397756,0.032669,-0.300509,-0.111406,0.063870,0.856678,-0.582270,0.155916,0.174147,0.092944,0.066287,-1.602360,1.229599,-0.642095,0.536516,-0.092149,-0.189557,0.753849,-0.822108,-0.419138,0.687599,0.192961,-0.072568,-0.048606,-0.176279
-0.329518,0.503605,0.747581,0.058945,0.023187,0.939330,0.337116,-0.482807,0.184355,-0.018892,1.110310,-0.388505,0.018034,-0.292039,-0.119715,0.116394,0.878334,-0.591194,0.175396,0.193817,0.081080,0.093395,-1.416413,1.184908,-0.501788,0.523895,-0.196927,-0.214618,0.710370,-0.762581,-0.413769,0.717652,0.242631,-0.070051,-0.030667,-0.116631
-0.348216,0.497183,0.741589,0.063403,0.020754,0.929330,0.363173,-0.449186,0.177608,-0.086232,1.013588,-0.383280,-0.002841,-0.289329,-0.122321,0.165827,0.900135,-0.594674,0.192263,0.202443,0.076205,0.114713,-1.216475,1.122077,-0.379365,0.507323,-0.294378,-0.230270,0.641051,-0.695787,-0.416727,0.750267,0.302869,-0.065576,-0.012651,-0.054279
-0.366128,0.488269,0.735073,0.065593,0.015476,0.918536,0.389550,-0.408951,0.164019,-0.157423,0.937580,-0.389186,-0.020132,-0.291926,-0.115877,0.218375,0.919683,-0.593432,0.209180,0.195291,0.073985,0.131612,-1.018733,1.040332,-0.297244,0.501321,-0.366290,-0.230801,0.546446,-0.620858,-0.426747,0.774818,0.378759,-0.067597,0.003388,0.003622
-0.384129,0.477949,0.729438,0.064431,0.007182,0.906501,0.417197,-0.367715,0.154148,-0.217178,0.886487,-0.414413,-0.027737,-0.301320,-0.102204,0.264940,0.931433,-0.579351,0.225699,0.168096,0.072289,0.146555,-0.829296,0.938140,-0.261430,0.521657,-0.401625,-0.211541,0.435404,-0.537868,-0.440765,0.773822,0.469141,-0.061938,0.017805,0.049082
-0.401568,0.466584,0.725916,0.058826,-0.004297,0.892600,0.446974,-0.328543,0.159865,-0.251074,0.856330,-0.460460,-0.024928,-0.321176,-0.081780,0.290528,0.929846,-0.538719,0.239955,0.117733,0.069018,0.161550,-0.658623,0.815106,-0.267599,0.570711,-0.394521,-0.175006,0.322601,-0.453470,-0.465673,0.727377,0.556010,-0.028250,0.028111,0.070945
-0.416663,0.453090,0.725341,0.046342,-0.018957,0.875146,0.481261,-0.297681,0.185358,-0.256675,0.835222,-0.514594,-0.014711,-0.353858,-0.050807,0.291025,0.913923,-0.464726,0.251656,0.046332,0.059877,0.177484,-0.529242,0.676317,-0.308711,0.633985,-0.345636,-0.133425,0.222622,-0.379678,-0.517927,0.625291,0.610906,0.035067,0.027992,0.059226
-0.428471,0.439661,0.727730,0.031993,-0.032270,0.855177,0.516340,-0.274837,0.225181,-0.239329,0.816026,-0.560587,-0.002461,-0.394106,-0.014937,0.270171,0.888364,-0.373194,0.258839,-0.029516,0.045908,0.194026,-0.435350,0.535054,-0.365860,0.704542,-0.282487,-0.096147,0.135165,-0.316073,-0.589702,0.492380,0.639111,0.118650,0.021119,0.031900
-0.436890,0.427360,0.732325,0.016539,-0.043378,0.833243,0.550955,-0.262525,0.275371,-0.199456,0.800507,-0.587553,0.005563,-0.438109,0.016424,0.225763,0.861386,-0.283633,0.262756,-0.101033,0.026820,0.207854,-0.388398,0.409387,-0.428953,0.759219,-0.221239,-0.072492,0.073842,-0.275837,-0.676202,0.343110,0.633711,0.209829,0.004486,-0.019022
-0.442359,0.416178,0.738045,0.000756,-0.051435,0.810130,0.583989,-0.260020,0.330464,-0.143547,0.790680,-0.594740,0.006651,-0.483807,0.036860,0.159688,0.842761,-0.209982,0.264425,-0.163979,0.002769,0.215352,-0.396546,0.312926,-0.494027,0.772861,-0.168148,-0.067999,0.046649,-0.270806,-0.779318,0.188708,0.587135,0.289777,-0.023978,-0.105329
-0.445634,0.406006,0.743842,-0.012319,-0.055667,0.787490,0.613684,-0.258989,0.379565,-0.091111,0.782258,-0.590120,0.003963,-0.528270,0.046349,0.089092,0.842323,-0.159336,0.262458,-0.211760,-0.022752,0.215376,-0.440153,0.248210,-0.556407,0.738572,-0.129687,-0.080280,0.036962,-0.294520,-0.899420,0.052249,0.513373,0.333122,-0.055870,-0.212863
-0.447866,0.395170,0.748478,-0.022310,-0.058630,0.766728,0.638900,-0.258474,0.415128,-0.049538,0.774514,-0.578647,0.000941,-0.568093,0.046619,0.034492,0.868497,-0.136984,0.261490,-0.245880,-0.046681,0.207782,-0.506929,0.211796,-0.617532,0.661262,-0.102306,-0.102268,0.035107,-0.342680,-1.027803,-0.053120,0.431715,0.324120,-0.083855,-0.332269
-0.450616,0.384452,0.751424,-0.030055,-0.061024,0.747431,0.660848,-0.256837,0.439957,-0.018402,0.769942,-0.569907,0.000777,-0.602763,0.034739,-0.003039,0.919975,-0.138592,0.261880,-0.267080,-0.066878,0.194332,-0.579387,0.194964,-0.673109,0.556656,-0.087079,-0.127444,0.035349,-0.405894,-1.156366,-0.126432,0.353782,0.269367,-0.100679,-0.450786
-0.454361,0.375127,0.753104,-0.036397,-0.063536,0.728983,0.680605,-0.253016,0.460448,0.004121,0.768584,-0.571297,0.004122,-0.633182,0.012714,-0.029354,0.986899,-0.150730,0.261800,-0.277489,-0.082142,0.177543,-0.647627,0.187455,-0.719828,0.440850,-0.083133,-0.152317,0.034241,-0.475896,-1.282574,-0.176866,0.278979,0.189720,-0.105085,-0.559103
-0.457630,0.366838,0.754401,-0.041771,-0.066304,0.713102,0.696667,-0.249015,0.477912,0.017845,0.766311,-0.580793,0.008576,-0.658086,-0.008132,-0.041048,1.056095,-0.160229,0.261788,-0.281276,-0.091763,0.159332,-0.716879,0.183040,-0.761246,0.324955,-0.082409,-0.175808,0.030500,-0.550221,-1.405118,-0.213404,0.202066,0.105382,-0.103163,-0.652956
-0.459178,0.360986,0.755182,-0.045369,-0.067735,0.699927,0.709546,-0.244808,0.489462,0.023991,0.765942,-0.594957,0.014147,-0.671310,-0.028886,-0.035986,1.116235,-0.172706,0.261806,-0.271896,-0.094504,0.141442,-0.776215,0.184489,-0.793506,0.229157,-0.088317,-0.194424,0.024109,-0.619231,-1.506028,-0.221947,0.138359,0.026137,-0.092883,-0.709206
-0.458779,0.358203,0.755122,-0.047852,-0.068127,0.689235,0.719739,-0.241654,0.498618,0.027050,0.770508,-0.614670,0.019378,-0.670151,-0.048997,-0.022120,1.158997,-0.189660,0.261799,-0.253787,-0.092206,0.126229,-0.817679,0.190668,-0.815314,0.159076,-0.100914,-0.206550,0.017225,-0.679581,-1.575227,-0.209354,0.090280,-0.033670,-0.080562,-0.733281
-0.457245,0.357645,0.754144,-0.049876,-0.067774,0.680732,0.727683,-0.240803,0.509218,0.029070,0.780350,-0.642730,0.023904,-0.655233,-0.065709,-0.006997,1.179425,-0.206319,0.261800,-0.235947,-0.087083,0.116013,-0.838214,0.199467,-0.828546,0.112866,-0.113916,-0.212187,0.010900,-0.732355,-1.612949,-0.188756,0.053175,-0.068148,-0.072790,-0.743177
-0.455718,0.357832,0.752418,-0.051244,-0.068325,0.675342,0.732543,-0.241486,0.518665,0.026364,0.793784,-0.679226,0.030395,-0.627818,-0.078135,0.011459,1.176876,-0.218898,0.261799,-0.220922,-0.078762,0.112072,-0.835101,0.212024,-0.834297,0.094701,-0.120585,-0.210881,0.004156,-0.776872,-1.620339,-0.157933,0.030770,-0.085117,-0.067774,-0.743311
-0.453993,0.358672,0.749912,-0.051431,-0.069847,0.672195,0.735275,-0.242482,0.526195,0.018861,0.810800,-0.719540,0.038366,-0.590206,-0.086509,0.032976,1.157127,-0.230469,0.261803,-0.212125,-0.067402,0.114342,-0.807219,0.224395,-0.829676,0.109451,-0.124735,-0.201235,0.001649,-0.811281,-1.589548,-0.122113,0.029745,-0.069599,-0.070084,-0.740229
-0.451564,0.359206,0.746609,-0.050353,-0.072039,0.670597,0.736597,-0.243704,0.532632,0.008283,0.830695,-0.757367,0.045885,-0.547091,-0.093266,0.055256,1.126543,-0.246946,0.261793,-0.208777,-0.055898,0.122656,-0.760252,0.236072,-0.812199,0.149259,-0.124493,-0.188449,0.002561,-0.833146,-1.532179,-0.087903,0.046451,-0.034705,-0.077222,-0.735142
-0.448562,0.358952,0.742633,-0.047924,-0.074601,0.669828,0.737203,-0.245173,0.537077,-0.002964,0.852246,-0.788329,0.051569,-0.503064,-0.101693,0.074151,1.089506,-0.270787,0.261800,-0.207558,-0.046806,0.135695,-0.702839,0.248116,-0.781883,0.204025,-0.118613,-0.176711,0.004247,-0.835004,-1.459451,-0.064289,0.073789,0.004250,-0.085318,-0.726314
-0.445331,0.359470,0.738016,-0.042673,-0.075261,0.671318,0.736102,-0.245528,0.535497,-0.012425,0.873879,-0.809462,0.055263,-0.460457,-0.114879,0.085178,1.049177,-0.299390,0.261845,-0.205058,-0.040512,0.150607,-0.641596,0.260864,-0.741525,0.270004,-0.114253,-0.163630,0.009289,-0.804462,-1.364220,-0.062170,0.109810,0.059765,-0.097186,-0.712819
-0.439605,0.362345,0.731977,-0.034309,-0.073140,0.674763,0.733599,-0.242167,0.525563,-0.019290,0.891169,-0.810600,0.055958,-0.421741,-0.137236,0.089083,1.011750,-0.334981,0.261626,-0.195084,-0.040472,0.166257,-0.582002,0.281219,-0.694976,0.332073,-0.115116,-0.153591,0.023838,-0.738871,-1.254411,-0.081355,0.150673,0.132090,-0.114800,-0.690207
-0.431145,0.366201,0.725225,-0.023355,-0.068260,0.680125,0.729538,-0.234299,0.503301,-0.030435,0.898894,-0.792842,0.050837,-0.388819,-0.167972,0.088413,0.978909,-0.375123,0.262169,-0.173862,-0.045186,0.181630,-0.523666,0.315706,-0.641911,0.378102,-0.127539,-0.147699,0.047423,-0.638071,-1.131840,-0.110932,0.191779,0.216176,-0.134532,-0.652403
-0.421040,0.368810,0.719243,-0.010335,-0.060643,0.687335,0.723730,-0.225017,0.468284,-0.050385,0.893612,-0.756407,0.036227,-0.363561,-0.204202,0.085217,0.950377,-0.415611,0.263211,-0.139780,-0.049476,0.194913,-0.469002,0.367272,-0.575213,0.399916,-0.160523,-0.147264,0.080242,-0.513634,-0.998617,-0.125207,0.232525,0.292629,-0.147012,-0.592724
-0.409896,0.369822,0.714940,0.002763,-0.048975,0.696805,0.715581,-0.220012,0.427493,-0.073874,0.875385,-0.691645,0.010332,-0.347326,-0.244083,0.080609,0.926872,-0.453796,0.261941,-0.093528,-0.049185,0.204036,-0.426490,0.433271,-0.485725,0.394485,-0.220296,-0.156626,0.127374,-0.392262,-0.865950,-0.093040,0.277018,0.332717,-0.143488,-0.508189
-0.398944,0.369800,0.712968,0.014080,-0.036601,0.706271,0.706855,-0.220323,0.387303,-0.099333,0.847645,-0.607173,-0.022338,-0.337214,-0.281079,0.076711,0.904388,-0.480849,0.258883,-0.043784,-0.043564,0.209421,-0.390807,0.503059,-0.380112,0.377693,-0.300202,-0.171088,0.180210,-0.289213,-0.739149,-0.019741,0.322567,0.348996,-0.130915,-0.411024
-0.388456,0.367907,0.713443,0.023615,-0.023892,0.715690,0.697610,-0.230051,0.355303,-0.119485,0.820306,-0.513436,-0.058011,-0.331535,-0.313202,0.073741,0.883139,-0.495253,0.254974,0.004853,-0.031870,0.213105,-0.372114,0.572600,-0.267767,0.352266,-0.387155,-0.191758,0.233651,-0.221512,-0.633608,0.092009,0.359066,0.329439,-0.108508,-0.311541
-0.379147,0.363841,0.716011,0.031369,-0.011220,0.725028,0.687914,-0.253587,0.337082,-0.126095,0.806690,-0.422071,-0.092741,-0.329565,-0.341561,0.069058,0.864284,-0.498055,0.251505,0.051178,-0.014152,0.215463,-0.384971,0.644489,-0.157784,0.316205,-0.464339,-0.220226,0.291408,-0.200441,-0.559763,0.234771,0.372747,0.263451,-0.076611,-0.219671
-0.372618,0.359765,0.720088,0.035290,0.000349,0.733334,0.678951,-0.290693,0.332953,-0.116622,0.818557,-0.347246,-0.120258,-0.329630,-0.366433,0.059046,0.845699,-0.487804,0.250254,0.093575,0.007064,0.213738,-0.430149,0.723310,-0.059949,0.276953,-0.512460,-0.251003,0.362548,-0.222577,-0.509774,0.383307,0.352099,0.177682,-0.048071,-0.147643
-0.366948,0.357775,0.725122,0.037761,0.011212,0.740898,0.670462,-0.338093,0.340194,-0.090645,0.862707,-0.294047,-0.135872,-0.329630,-0.388681,0.044892,0.827895,-0.472459,0.250940,0.132306,0.027810,0.206742,-0.502231,0.815056,0.017217,0.237168,-0.514077,-0.279966,0.451081,-0.280516,-0.479571,0.518956,0.295071,0.097147,-0.031325,-0.096331
-0.361747,0.356842,0.730588,0.038744,0.021155,0.747748,0.662514,-0.392323,0.351750,-0.058882,0.937230,-0.268916,-0.141487,-0.329098,-0.407332,0.028282,0.809483,-0.455252,0.254057,0.168721,0.047134,0.193985,-0.586946,0.926218,0.071227,0.198535,-0.471825,-0.302165,0.549144,-0.360151,-0.458826,0.629273,0.205300,0.040835,-0.027633,-0.063254
-0.357674,0.355690,0.735799,0.038201,0.029965,0.753916,0.655175,-0.450266,0.362086,-0.031487,1.031867,-0.268307,-0.142425,-0.329547,-0.421610,0.010808,0.789062,-0.436056,0.258682,0.204202,0.065274,0.174772,-0.671685,1.054369,0.108253,0.163072,-0.403896,-0.315576,0.647939,-0.448077,-0.438228,0.713721,0.096576,0.011502,-0.031407,-0.041583
-0.354592,0.355509,0.740202,0.034642,0.038718,0.758629,0.649448,-0.508398,0.370850,-0.008473,1.131074,-0.273818,-0.142712,-0.332994,-0.432109,-0.005367,0.767487,-0.415821,0.261405,0.238349,0.080625,0.148811,-0.751233,1.183130,0.138146,0.133193,-0.329794,-0.322730,0.743715,-0.537070,-0.418248,0.780683,-0.008756,-0.003244,-0.035164,-0.021944
-0.352496,0.356590,0.744741,0.029538,0.046719,0.761682,0.645590,-0.561516,0.374838,0.005158,1.219910,-0.283369,-0.144698,-0.338348,-0.436120,-0.018401,0.744560,-0.392148,0.262666,0.266381,0.090579,0.119578,-0.810867,1.296093,0.155916,0.112363,-0.257740,-0.321663,0.818223,-0.616600,-0.401470,0.819573,-0.102730,0.002358,-0.041916,-0.009057
-0.350770,0.358797,0.749389,0.023892,0.054158,0.763490,0.643101,-0.605816,0.374875,0.012007,1.289569,-0.294511,-0.149644,-0.345502,-0.435925,-0.028599,0.724904,-0.367740,0.262229,0.288563,0.095488,0.090798,-0.849442,1.381266,0.161076,0.099964,-0.199975,-0.316012,0.866110,-0.679183,-0.388023,0.835363,-0.176806,0.020262,-0.048377,-0.002333
-0.349079,0.361895,0.753132,0.018705,0.061223,0.764465,0.641479,-0.638284,0.370079,0.017495,1.335364,-0.303374,-0.156861,-0.354577,-0.437876,-0.035822,0.714152,-0.347852,0.261800,0.306676,0.095636,0.066138,-0.871112,1.434392,0.160537,0.089630,-0.159077,-0.311342,0.896527,-0.720486,-0.378411,0.839470,-0.227644,0.036177,-0.050741,0.001064
-0.347675,0.365608,0.754964,0.018302,0.067595,0.764815,0.640433,-0.654421,0.353982,0.022676,1.353344,-0.309727,-0.162346,-0.363316,-0.447020,-0.038004,0.714959,-0.337227,0.265037,0.317939,0.089452,0.050067,-0.868344,1.454128,0.164682,0.071505,-0.120316,-0.308824,0.919935,-0.736836,-0.376067,0.834304,-0.261026,0.044591,-0.052256,-0.000274
-0.344990,0.369616,0.754606,0.022844,0.071696,0.764951,0.639678,-0.647396,0.327784,0.029958,1.341561,-0.316757,-0.158875,-0.366289,-0.461743,-0.036245,0.731755,-0.346014,0.265254,0.317173,0.080840,0.047080,-0.821576,1.422765,0.184941,0.040085,-0.085944,-0.307599,0.931186,-0.724974,-0.382322,0.828463,-0.271020,0.039152,-0.051748,-0.003185
-0.341478,0.373874,0.751875,0.030828,0.073618,0.765025,0.639036,-0.622745,0.295703,0.038885,1.308525,-0.324817,-0.147966,-0.363707,-0.479457,-0.031991,0.761842,-0.375971,0.260307,0.306432,0.072467,0.053391,-0.736085,1.351195,0.221650,-0.004108,-0.054535,-0.306235,0.935186,-0.693085,-0.393269,0.824708,-0.263997,0.023259,-0.050082,-0.009394
-0.338576,0.378434,0.746839,0.040749,0.073450,0.765175,0.638320,-0.587951,0.263444,0.046847,1.265433,-0.334537,-0.133423,-0.358081,-0.496608,-0.025461,0.801211,-0.422999,0.249992,0.289034,0.065700,0.064890,-0.626130,1.254728,0.263834,-0.053908,-0.030682,-0.305106,0.932976,-0.650596,-0.406014,0.823442,-0.246566,0.001154,-0.048429,-0.020645
-0.336742,0.383260,0.740033,0.051342,0.068193,0.763776,0.639813,-0.542668,0.236851,0.050836,1.218317,-0.351439,-0.113938,-0.349408,-0.508067,-0.016059,0.850344,-0.483730,0.231610,0.263393,0.061972,0.084248,-0.495431,1.126196,0.295146,-0.093750,-0.034260,-0.305869,0.907784,-0.598172,-0.421566,0.827020,-0.208219,-0.029670,-0.045057,-0.032650
-0.336511,0.388573,0.731955,0.059978,0.059670,0.760600,0.643684,-0.494724,0.217315,0.046695,1.175782,-0.383693,-0.091729,-0.339269,-0.511050,-0.005336,0.905240,-0.554394,0.209111,0.231623,0.060342,0.109973,-0.360818,0.973015,0.302253,-0.097340,-0.075015,-0.304078,0.852118,-0.539297,-0.432386,0.829814,-0.131976,-0.063426,-0.038262,-0.041807
-0.338135,0.395281,0.722904,0.065727,0.048561,0.755492,0.650041,-0.450630,0.208871,0.034569,1.144876,-0.432191,-0.069930,-0.330690,-0.502211,0.005736,0.962579,-0.630034,0.183901,0.197832,0.060676,0.137084,-0.239100,0.808288,0.276205,-0.052741,-0.151439,-0.299223,0.768028,-0.478967,-0.435210,0.827021,-0.015762,-0.094765,-0.028193,-0.048671
-0.341151,0.403550,0.713508,0.067659,0.035542,0.748274,0.658973,-0.416234,0.210862,0.019753,1.129347,-0.491001,-0.046611,-0.324018,-0.482211,0.017649,1.015113,-0.702807,0.159416,0.166268,0.061547,0.160232,-0.147308,0.652600,0.221318,0.045487,-0.243345,-0.287852,0.669878,-0.421757,-0.427558,0.805384,0.138561,-0.115611,-0.014780,-0.056963
-0.344627,0.412814,0.704324,0.066544,0.021529,0.739034,0.670027,-0.395931,0.213686,0.008491,1.128426,-0.555640,-0.013267,-0.315167,-0.457013,0.032162,1.053853,-0.767636,0.142891,0.138095,0.059191,0.177843,-0.095726,0.521966,0.153216,0.207871,-0.322400,-0.259310,0.574651,-0.367405,-0.403590,0.742190,0.339230,-0.115850,0.004123,-0.070758
-0.348623,0.425575,0.693746,0.062752,0.010515,0.730027,0.680450,-0.379601,0.215820,-0.001722,1.134191,-0.632974,0.031612,-0.303377,-0.426252,0.050613,1.091547,-0.838933,0.128397,0.107169,0.054302,0.195288,-0.055831,0.383968,0.070365,0.425640,-0.403291,-0.216458,0.468316,-0.305423,-0.367261,0.645435,0.581837,-0.104893,0.029023,-0.090358
-0.350899,0.433553,0.688693,0.059291,0.004170,0.724071,0.687160,-0.370407,0.216724,-0.007318,1.137363,-0.677685,0.058203,-0.296254,-0.408148,0.061455,1.112429,-0.879718,0.120255,0.089282,0.051229,0.205057,-0.033779,0.304643,0.022196,0.553853,-0.448831,-0.190700,0.406878,-0.269167,-0.345480,0.587012,0.720163,-0.097631,0.043692,-0.102079
-0.350550,0.432314,0.692007,0.059177,0.004162,0.724074,0.687167,-0.370938,0.216080,-0.006448,1.134195,-0.669226,0.053974,-0.296653,-0.409968,0.059643,1.106617,-0.871393,0.121215,0.091815,0.051584,0.203080,-0.036591,0.316555,0.029537,0.535859,-0.440810,-0.194219,0.415340,-0.273629,-0.348492,0.594635,0.700313,-0.098532,0.041333,-0.100032
-0.350498,0.432131,0.693905,0.058836,0.004138,0.724081,0.687188,-0.369186,0.214919,-0.006288,1.128130,-0.664673,0.053082,-0.295248,-0.408214,0.059081,1.100297,-0.865863,0.120759,0.091737,0.051383,0.201786,-0.035839,0.317742,0.030476,0.536869,-0.437449,-0.193782,0.414542,-0.271952,-0.348205,0.592829,0.700237,-0.098180,0.040780,-0.099236
-0.350576,0.432406,0.695156,0.058347,0.004104,0.724093,0.687218,-0.365851,0.213187,-0.006426,1.118995,-0.660747,0.053554,-0.292587,-0.404253,0.058967,1.091988,-0.860153,0.119494,0.090378,0.050856,0.200464,-0.033161,0.314084,0.028589,0.547323,-0.435407,-0.191315,0.409059,-0.266852,-0.346247,0.585976,0.709677,-0.097125,0.040946,-0.098823
-0.350543,0.432290,0.696996,0.057710,0.004059,0.724107,0.687257,-0.361925,0.210811,-0.006275,1.106544,-0.652784,0.052580,-0.289445,-0.400030,0.058158,1.079585,-0.850036,0.118285,0.089631,0.050336,0.198102,-0.030889,0.313949,0.028960,0.553615,-0.429933,-0.189562,0.405399,-0.262194,-0.344937,0.580316,0.714033,-0.096153,0.040282,-0.097560
-0.350550,0.432314,0.699356,0.056928,0.004004,0.724124,0.687305,-0.356823,0.207858,-0.006203,1.091035,-0.643760,0.051920,-0.285365,-0.394367,0.057374,1.064506,-0.838234,0.116603,0.088321,0.049621,0.195352,-0.027588,0.312120,0.028413,0.564176,-0.424036,-0.186828,0.399535,-0.255606,-0.342841,0.572007,0.722372,-0.094783,0.039760,-0.096226
-0.350551,0.432318,0.702531,0.055937,0.003934,0.724144,0.687365,-0.350758,0.204327,-0.006100,1.072502,-0.632844,0.051050,-0.280514,-0.387660,0.056404,1.046432,-0.824012,0.114618,0.086813,0.048777,0.192038,-0.023712,0.310180,0.027909,0.576392,-0.416852,-0.183643,0.392720,-0.247850,-0.340406,0.562265,0.731905,-0.093169,0.039091,-0.094597
-0.350550,0.432312,0.706212,0.054812,0.003855,0.724167,0.687432,-0.343751,0.200241,-0.005975,1.051057,-0.620162,0.050012,-0.274910,-0.379921,0.055269,1.025497,-0.807511,0.112332,0.085089,0.047804,0.188192,-0.019253,0.308029,0.027382,0.590376,-0.408489,-0.179988,0.384908,-0.238919,-0.337612,0.551061,0.742774,-0.091311,0.038300,-0.092697
-0.350550,0.432314,0.710258,0.053559,0.003767,0.724191,0.687506,-0.335823,0.195625,-0.005839,1.026828,-0.605877,0.048866,-0.268570,-0.371158,0.053998,1.001862,-0.788907,0.109740,0.083123,0.046701,0.183857,-0.014193,0.305518,0.026738,0.606309,-0.399084,-0.175832,0.376018,-0.228792,-0.334434,0.538341,0.755196,-0.089205,0.037421,-0.090564
-0.350550,0.432314,0.714683,0.052180,0.003670,0.724216,0.687586,-0.327034,0.190505,-0.005685,0.999953,-0.590017,0.047585,-0.261542,-0.361444,0.052584,0.975638,-0.768256,0.106868,0.080948,0.045479,0.179044,-0.008588,0.302760,0.026041,0.623935,-0.388636,-0.171231,0.366180,-0.217571,-0.330917,0.524255,0.768924,-0.086870,0.036441,-0.088193
-0.350550,0.432314,0.719415,0.050628,0.003561,0.724243,0.687674,-0.317430,0.184910,-0.005518,0.970586,-0.572689,0.046187,-0.253861,-0.350829,0.051039,0.946985,-0.745693,0.103730,0.078571,0.044143,0.173786,-0.002463,0.299743,0.025276,0.643201,-0.377222,-0.166203,0.355427,-0.205308,-0.327072,0.508859,0.783933,-0.084319,0.035371,-0.085603
-0.350550,0.432314,0.724396,0.048972,0.003444,0.724270,0.687767,-0.307066,0.178873,-0.005338,0.938898,-0.553992,0.044680,-0.245572,-0.339375,0.049373,0.916068,-0.721348,0.100343,0.076005,0.042702,0.168112,0.004148,0.296485,0.024450,0.663993,-0.364907,-0.160776,0.343822,-0.192075,-0.322923,0.492244,0.800130,-0.081566,0.034216,-0.082808
-0.350550,0.432314,0.729570,0.047216,0.003321,0.724296,0.687863,-0.296003,0.172429,-0.005145,0.905072,-0.534033,0.043071,-0.236725,-0.327149,0.047594,0.883064,-0.695360,0.096728,0.073267,0.041164,0.162056,0.011204,0.293009,0.023570,0.686186,-0.351760,-0.154984,0.331435,-0.177949,-0.318494,0.474510,0.817418,-0.078628,0.032983,-0.079825
-0.350550,0.432314,0.734872,0.045367,0.003191,0.724321,0.687961,-0.284305,0.165614,-0.004942,0.869302,-0.512927,0.041368,-0.227369,-0.314219,0.045714,0.848164,-0.667878,0.092905,0.070372,0.039537,0.155651,0.018665,0.289334,0.022638,0.709654,-0.337858,-0.148859,0.318336,-0.163012,-0.313811,0.455757,0.835700,-0.075520,0.031680,-0.076670
-0.350550,0.432314,0.740239,0.043398,0.003052,0.724345,0.688064,-0.272039,0.158469,-0.004729,0.831796,-0.490797,0.039583,-0.217559,-0.300662,0.043741,0.811570,-0.639062,0.088896,0.067335,0.037831,0.148935,0.026489,0.285480,0.021662,0.734262,-0.323281,-0.142437,0.304602,-0.147350,-0.308900,0.436093,0.854869,-0.072261,0.030313,-0.073362
-0.350550,0.432314,0.745605,0.041361,0.002909,0.724367,0.688167,-0.259275,0.151034,-0.004507,0.792770,-0.467770,0.037726,-0.207352,-0.286555,0.041689,0.773493,-0.609078,0.084726,0.064176,0.036055,0.141947,0.034630,0.281469,0.020646,0.759867,-0.308114,-0.135754,0.290310,-0.131053,-0.303791,0.415633,0.874815,-0.068871,0.028891,-0.069919
-0.350550,0.432314,0.750908,0.039263,0.002762,0.724386,0.688270,-0.246088,0.143352,-0.004278,0.752449,-0.443979,0.035807,-0.196806,-0.271981,0.039568,0.734153,-0.578101,0.080417,0.060912,0.034222,0.134727,0.043041,0.277325,0.019595,0.786321,-0.292443,-0.128849,0.275545,-0.114215,-0.298513,0.394493,0.895424,-0.065368,0.027421,-0.066363
-0.350550,0.432314,0.756085,0.037113,0.002610,0.724402,0.688373,-0.232554,0.135468,-0.004043,0.711066,-0.419561,0.033838,-0.185982,-0.257023,0.037392,0.693776,-0.546307,0.075994,0.057562,0.032340,0.127318,0.051673,0.273072,0.018517,0.813472,-0.276359,-0.121763,0.260391,-0.096935,-0.293095,0.372797,0.916574,-0.061773,0.025913,-0.062714
-0.350550,0.432314,0.761079,0.034906,0.002455,0.724415,0.688475,-0.218751,0.127427,-0.003803,0.668860,-0.394658,0.031829,-0.174943,-0.241767,0.035173,0.652597,-0.513880,0.071484,0.054145,0.030420,0.119761,0.060477,0.268735,0.017418,0.841163,-0.259955,-0.114535,0.244936,-0.079310,-0.287569,0.350670,0.938146,-0.058106,0.024375,-0.058991
-0.350550,0.432314,0.765835,0.032675,0.002298,0.724425,0.688575,-0.204758,0.119276,-0.003559,0.626076,-0.369413,0.029793,-0.163753,-0.226302,0.032923,0.610853,-0.481009,0.066911,0.050682,0.028474,0.112100,0.069402,0.264339,0.016304,0.869234,-0.243327,-0.107209,0.229267,-0.061443,-0.281968,0.328239,0.960013,-0.054390,0.022816,-0.055218
-0.350550,0.432314,0.770309,0.030429,0.002140,0.724431,0.688672,-0.190656,0.111062,-0.003314,0.582959,-0.343972,0.027742,-0.152475,-0.210717,0.030656,0.568784,-0.447883,0.062303,0.047192,0.026513,0.104380,0.078395,0.259908,0.015181,0.897523,-0.226570,-0.099825,0.213478,-0.043438,-0.276323,0.305634,0.982050,-0.050645,0.021244,-0.051415
-0.350550,0.432314,0.774459,0.028175,0.001982,0.724434,0.688765,-0.176528,0.102832,-0.003069,0.539759,-0.318482,0.025686,-0.141176,-0.195102,0.028384,0.526635,-0.414693,0.057686,0.043695,0.024549,0.096645,0.087407,0.255468,0.014056,0.925866,-0.209780,-0.092428,0.197659,-0.025398,-0.270667,0.282985,1.004129,-0.046891,0.019670,-0.047605
-0.350550,0.432314,0.778251,0.025933,0.001824,0.724433,0.688855,-0.162454,0.094634,-0.002824,0.496726,-0.293091,0.023638,-0.129921,-0.179547,0.026121,0.484648,-0.381630,0.053087,0.040211,0.022592,0.088940,0.096384,0.251046,0.012935,0.954100,-0.193055,-0.085059,0.181900,-0.007428,-0.265033,0.260423,1.026123,-0.043152,0.018102,-0.043810
-0.350550,0.432314,0.781664,0.023713,0.001668,0.724428,0.688940,-0.148516,0.086514,-0.002582,0.454107,-0.267943,0.021610,-0.118774,-0.164142,0.023880,0.443065,-0.348887,0.048532,0.036760,0.020653,0.081309,0.105275,0.246666,0.011826,0.982062,-0.176491,-0.077761,0.166293,0.010369,-0.259453,0.238078,1.047906,-0.039450,0.016549,-0.040051
-0.350550,0.432314,0.784683,0.021523,0.001514,0.724420,0.689021,-0.134793,0.078520,-0.002343,0.412149,-0.243186,0.019614,-0.107799,-0.148976,0.021673,0.402127,-0.316651,0.044048,0.033364,0.018745,0.073796,0.114027,0.242354,0.010733,1.009591,-0.160184,-0.070576,0.150928,0.027891,-0.253960,0.216081,1.069351,-0.035805,0.015020,-0.036350
-0.350550,0.432314,0.787300,0.019372,0.001362,0.724408,0.689098,-0.121366,0.070699,-0.002110,0.371094,-0.218962,0.017660,-0.097061,-0.134136,0.019515,0.362070,-0.285108,0.039660,0.030041,0.016878,0.066445,0.122591,0.238135,0.009664,1.036527,-0.144227,-0.063546,0.135894,0.045035,-0.248585,0.194557,1.090334,-0.032238,0.013524,-0.032729
-0.350550,0.432314,0.789520,0.017301,0.001217,0.724394,0.689168,-0.108312,0.063094,-0.001883,0.331179,-0.195410,0.015760,-0.086621,-0.119708,0.017415,0.323126,-0.254442,0.035395,0.026809,0.015063,0.059299,0.130917,0.234033,0.008625,1.062715,-0.128714,-0.056711,0.121277,0.061703,-0.243359,0.173631,1.110735,-0.028771,0.012069,-0.029209
-0.350550,0.432314,0.791356,0.015296,0.001076,0.724378,0.689233,-0.095706,0.055751,-0.001664,0.292634,-0.172668,0.013926,-0.076540,-0.105776,0.015388,0.285519,-0.224829,0.031275,0.023689,0.013309,0.052397,0.138957,0.230072,0.007621,1.088004,-0.113734,-0.050111,0.107162,0.077798,-0.238312,0.153422,1.130435,-0.025423,0.010665,-0.025809
-0.350550,0.432314,0.792829,0.013364,0.000940,0.724359,0.689293,-0.083621,0.048712,-0.001454,0.255683,-0.150865,0.012167,-0.066875,-0.092420,0.013445,0.249466,-0.196440,0.027326,0.020698,0.011628,0.045781,0.146665,0.226275,0.006658,1.112247,-0.099373,-0.043783,0.093631,0.093229,-0.233475,0.134049,1.149320,-0.022212,0.009318,-0.022551
-0.350550,0.432314,0.793964,0.011513,0.000810,0.724338,0.689349,-0.072127,0.042016,-0.001254,0.220539,-0.130128,0.010495,-0.057683,-0.079717,0.011597,0.215177,-0.169439,0.023570,0.017853,0.010030,0.039488,0.153996,0.222664,0.005743,1.135305,-0.085714,-0.037765,0.080761,0.107905,-0.228874,0.115624,1.167282,-0.019159,0.008037,-0.019451
-0.350550,0.432314,0.794796,0.009802,0.000689,0.724317,0.689397,-0.061290,0.035703,-0.001065,0.187405,-0.110577,0.008918,-0.049016,-0.067740,0.009854,0.182848,-0.143982,0.020028,0.015171,0.008523,0.033556,0.160908,0.219259,0.004880,1.157044,-0.072836,-0.032091,0.068627,0.121741,-0.224535,0.098252,1.184217,-0.016281,0.006830,-0.016529
-0.350550,0.432314,0.795361,0.008197,0.000577,0.724295,0.689442,-0.051174,0.029810,-0.000890,0.156471,-0.092324,0.007446,-0.040926,-0.056558,0.008228,0.152666,-0.120216,0.016722,0.012667,0.007116,0.028017,0.167361,0.216080,0.004075,1.177340,-0.060814,-0.026794,0.057299,0.134659,-0.220485,0.082034,1.200028,-0.013594,0.005702,-0.013800
-0.350550,0.432314,0.795701,0.006701,0.000472,0.724272,0.689481,-0.041835,0.024370,-0.000727,0.127917,-0.075476,0.006087,-0.033457,-0.046237,0.006727,0.124806,-0.098277,0.013671,0.010355,0.005818,0.022904,0.173317,0.213145,0.003331,1.196075,-0.049715,-0.021904,0.046843,0.146583,-0.216747,0.067064,1.214622,-0.011113,0.004661,-0.011282
-0.350550,0.432314,0.795857,0.005320,0.000374,0.724251,0.689516,-0.033328,0.019415,-0.000579,0.101906,-0.060129,0.004849,-0.026654,-0.036835,0.005359,0.099428,-0.078294,0.010891,0.008249,0.004635,0.018247,0.178743,0.210472,0.002654,1.213140,-0.039606,-0.017450,0.037318,0.157445,-0.213342,0.053427,1.227916,-0.008853,0.003714,-0.008988
-0.350550,0.432314,0.795874,0.004128,0.000290,0.724231,0.689545,-0.025703,0.014973,-0.000447,0.078590,-0.046371,0.003740,-0.020556,-0.028407,0.004133,0.076679,-0.060381,0.008399,0.006362,0.003574,0.014072,0.183607,0.208077,0.002046,1.228437,-0.030545,-0.013458,0.028780,0.167182,-0.210289,0.041203,1.239833,-0.006827,0.002865,-0.006932
-0.350550,0.432314,0.795789,0.003068,0.000216,0.724212,0.689571,-0.019003,0.011070,-0.000330,0.058105,-0.034284,0.002765,-0.015198,-0.021002,0.003056,0.056692,-0.044642,0.006209,0.004704,0.002643,0.010404,0.187879,0.205971,0.001513,1.241878,-0.022583,-0.009950,0.021278,0.175736,-0.207607,0.030463,1.250303,-0.005048,0.002118,-0.005125
-0.350550,0.432314,0.795650,0.002144,0.000151,0.724195,0.689592,-0.013266,0.007728,-0.000231,0.040563,-0.023935,0.001931,-0.010610,-0.014662,0.002133,0.039577,-0.031165,0.004335,0.003284,0.001845,0.007263,0.191538,0.204168,0.001056,1.253386,-0.015765,-0.006946,0.014854,0.183061,-0.205311,0.021266,1.259268,-0.003524,0.001478,-0.003578
-0.350550,0.432314,0.795504,0.001361,0.000096,0.724180,0.689610,-0.008528,0.004968,-0.000148,0.026074,-0.015385,0.001241,-0.006820,-0.009425,0.001371,0.025440,-0.020033,0.002787,0.002111,0.001186,0.004669,0.194561,0.202680,0.000679,1.262893,-0.010134,-0.004465,0.009548,0.189112,-0.203414,0.013670,1.266673,-0.002265,0.000950,-0.002300
-0.350550,0.432314,0.795383,0.000796,0.000056,0.724169,0.689622,-0.004816,0.002805,-0.000083,0.014725,-0.008689,0.000701,-0.003852,-0.005323,0.000774,0.014367,-0.011314,0.001574,0.001192,0.000669,0.002637,0.196928,0.201513,0.000383,1.270338,-0.005723,-0.002522,0.005393,0.193851,-0.201928,0.007721,1.272474,-0.001279,0.000537,-0.001298
-0.350550,0.432314,0.795290,0.000380,0.000027,0.724161,0.689631,-0.002132,0.001242,-0.000037,0.006521,-0.003847,0.000310,-0.001705,-0.002357,0.000343,0.006362,-0.005010,0.000697,0.000528,0.000297,0.001167,0.198640,0.200670,0.000170,1.275722,-0.002534,-0.001117,0.002388,0.197277,-0.200854,0.003419,1.276667,-0.000566,0.000237,-0.000575
-0.350550,0.432314,0.795182,0.000114,0.000008,0.724155,0.689637,-0.000560,0.000327,-0.000010,0.001713,-0.001011,0.000082,-0.000448,-0.000619,0.000090,0.001671,-0.001316,0.000183,0.000139,0.000078,0.000306,0.199643,0.200176,0.000045,1.278876,-0.000666,-0.000294,0.000627,0.199285,-0.200224,0.000898,1.279124,-0.000148,0.000062,-0.000151
-0.350550,0.432314,0.795042,0.000000,0.000000,0.724153,0.689639,0.000000,0.000000,0.000000,0.000000,0.000000,0.000000,0.000000,0.000000,0.000000,0.000000,0.000000,0.000000,0.000000,0.000000,0.000000,0.200000,0.200000,0.000000,1.280000,0.000000,0.000000,0.000000,0.200000,-0.200000,0.000000,1.280000,0.000000,0.000000,0.000000
-0.350550,0.432314,0.794932,0.000000,0.000000,0.724153,0.689639,0.000023,-0.000014,0.000000,-0.000071,0.000042,-0.000003,0.000019,0.000026,-0.000004,-0.000070,0.000055,-0.000008,-0.000006,-0.000003,-0.000013,0.200015,0.199993,-0.000002,1.280047,0.000028,0.000012,-0.000026,0.200030,-0.199991,-0.000037,1.280036,0.000006,-0.000003,0.000006
-0.350550,0.432314,0.794912,0.000000,0.000000,0.724153,0.689639,-0.000012,0.000007,-0.000000,0.000036,-0.000021,0.000002,-0.000009,-0.000013,0.000002,0.000035,-0.000028,0.000004,0.000003,0.000002,0.000006,0.199993,0.200004,0.000001,1.279976,-0.000014,-0.000006,0.000013,0.199985,-0.200005,0.000019,1.279982,-0.000003,0.000001,-0.000003
-0.350550,0.432314,0.794954,0.000000,0.000000,0.724153,0.689639,0.000003,-0.000002,0.000000,-0.000009,0.000005,-0.000000,0.000002,0.000003,-0.000000,-0.000009,0.000007,-0.000001,-0.000001,-0.000000,-0.000002,0.200002,0.199999,-0.000000,1.280006,0.000004,0.000002,-0.000003,0.200004,-0.199999,-0.000005,1.280005,0.000001,-0.000000,0.000001
-0.350550,0.432314,0.794998,0.000000,0.000000,0.724153,0.689639,0.000000,0.000000,0.000000,0.000000,0.000000,0.000000,0.000000,0.000000,0.000000,0.000000,0.000000,0.000000,0.000000,0.000000,0.000000,0.200000,0.200000,0.000000,1.280000,0.000000,0.000000,0.000000,0.200000,-0.200000,0.000000,1.280000,0.000000,0.000000,0.000000
-0.350550,0.432314,0.795021,0.000000,0.000000,0.724153,0.689639,-0.000000,0.000000,-0.000000,0.000001,-0.000001,0.000000,-0.000000,-0.000000,0.000000,0.000001,-0.000001,0.000000,0.000000,0.000000,0.000000,0.200000,0.200000,0.000000,1.279999,-0.000001,-0.000000,0.000001,0.199999,-0.200000,0.000001,1.279999,-0.000000,0.000000,-0.000000
-0.350550,0.432314,0.795025,0.000000,0.000000,0.724153,0.689639,0.000000,-0.000000,0.000000,-0.000001,0.000000,-0.000000,0.000000,0.000000,-0.000000,-0.000001,0.000001,-0.000000,-0.000000,-0.000000,-0.000000,0.200000,0.200000,-0.000000,1.280000,0.000000,0.000000,-0.000000,0.200000,-0.200000,-0.000000,1.280000,0.000000,-0.000000,0.000000
-0.350550,0.432314,0.795024,0.000000,0.000000,0.724153,0.689639,-0.000000,0.000000,-0.000000,0.000000,-0.000000,0.000000,-0.000000,-0.000000,0.000000,0.000000,-0.000000,0.000000,0.000000,0.000000,0.000000,0.200000,0.200000,0.000000,1.280000,-0.000000,-0.000000,0.000000,0.200000,-0.200000,0.000000,1.280000,-0.000000,0.000000,-0.000000
-0.350550,0.432314,0.795024,0.000000,0.000000,0.724153,0.689639,0.000000,0.000000,0.000000,0.000000,0.000000,0.000000,0.000000,0.000000,0.000000,0.000000,0.000000,0.000000,0.000000,0.000000,0.000000,0.200000,0.200000,0.000000,1.280000,0.000000,0.000000,0.000000,0.200000,-0.200000,0.000000,1.280000,0.000000,0.000000,0.000000
-0.350550,0.432314,0.795024,0.000000,0.000000,0.724153,0.689639,0.000000,-0.000000,0.000000,-0.000000,0.000000,-0.000000,0.000000,0.000000,-0.000000,-0.000000,0.000000,-0.000000,-0.000000,-0.000000,-0.000000,0.200000,0.200000,-0.000000,1.280000,0.000000,0.000000,-0.000000,0.200000,-0.200000,-0.000000,1.280000,0.000000,-0.000000,0.000000
-0.350550,0.432314,0.795024,0.000000,0.000000,0.724153,0.689639,-0.000000,0.000000,-0.000000,0.000000,-0.000000,0.000000,-0.000000,-0.000000,0.000000,0.000000,-0.000000,0.000000,0.000000,0.000000,0.000000,0.200000,0.200000,0.000000,1.280000,-0.000000,-0.000000,0.000000,0.200000,-0.200000,0.000000,1.280000,-0.000000,0.000000,-0.000000
-0.350550,0.432314,0.795024,0.000000,0.000000,0.724153,0.689639,0.000000,-0.000000,0.000000,-0.000000,0.000000,-0.000000,0.000000,0.000000,-0.000000,-0.000000,0.000000,-0.000000,-0.000000,-0.000000,-0.000000,0.200000,0.200000,-0.000000,1.280000,0.000000,0.000000,-0.000000,0.200000,-0.200000,-0.000000,1.280000,0.000000,-0.000000,0.000000
-0.350550,0.432314,0.795024,0.000000,0.000000,0.724153,0.689639,0.000000,-0.000000,0.000000,-0.000000,0.000000,-0.000000,0.000000,0.000000,-0.000000,-0.000000,0.000000,-0.000000,-0.000000,-0.000000,-0.000000,0.200000,0.200000,-0.000000,1.280000,0.000000,0.000000,-0.000000,0.200000,-0.200000,-0.000000,1.280000,0.000000,-0.000000,0.000000
-0.350550,0.432314,0.795024,0.000000,0.000000,0.724153,0.689639,-0.000000,0.000000,-0.000000,0.000000,-0.000000,0.000000,-0.000000,-0.000000,0.000000,0.000000,-0.000000,0.000000,0.000000,0.000000,0.000000,0.200000,0.200000,0.000000,1.280000,-0.000000,-0.000000,0.000000,0.200000,-0.200000,0.000000,1.280000,-0.000000,0.000000,-0.000000
-0.350550,0.432314,0.795024,0.000000,0.000000,0.724153,0.689639,0.000000,-0.000000,0.000000,-0.000000,0.000000,-0.000000,0.000000,0.000000,-0.000000,-0.000000,0.000000,-0.000000,-0.000000,-0.000000,-0.000000,0.200000,0.200000,-0.000000,1.280000,0.000000,0.000000,-0.000000,0.200000,-0.200000,-0.000000,1.280000,0.000000,-0.000000,0.000000
-0.350550,0.432314,0.795024,0.000000,0.000000,0.724153,0.689639,-0.000000,0.000000,-0.000000,0.000000,-0.000000,0.000000,-0.000000,-0.000000,0.000000,0.000000,-0.000000,0.000000,0.000000,0.000000,0.000000,0.200000,0.200000,0.000000,1.280000,-0.000000,-0.000000,0.000000,0.200000,-0.200000,0.000000,1.280000,-0.000000,0.000000,-0.000000
-0.350550,0.432314,0.795024,0.000000,0.000000,0.724153,0.689639,-0.000000,0.000000,-0.000000,0.000000,-0.000000,0.000000,-0.000000,-0.000000,0.000000,0.000000,-0.000000,0.000000,0.000000,0.000000,0.000000,0.200000,0.200000,0.000000,1.280000,-0.000000,-0.000000,0.000000,0.200000,-0.200000,0.000000,1.280000,-0.000000,0.000000,-0.000000
-0.350550,0.432314,0.795024,0.000000,0.000000,0.724153,0.689639,0.000000,-0.000000,0.000000,-0.000000,0.000000,-0.000000,0.000000,0.000000,-0.000000,-0.000000,0.000000,-0.000000,-0.000000,-0.000000,-0.000000,0.200000,0.200000,-0.000000,1.280000,0.000000,0.000000,-0.000000,0.200000,-0.200000,-0.000000,1.280000,0.000000,-0.000000,0.000000
-0.350550,0.432314,0.795024,0.000000,0.000000,0.724153,0.689639,-0.000000,0.000000,-0.000000,0.000000,-0.000000,0.000000,-0.000000,-0.000000,0.000000,0.000000,-0.000000,0.000000,0.000000,0.000000,0.000000,0.200000,0.200000,0.000000,1.280000,-0.000000,-0.000000,0.000000,0.200000,-0.200000,0.000000,1.280000,-0.000000,0.000000,-0.000000
-0.350550,0.432314,0.795024,0.000000,0.000000,0.724153,0.689639,0.000000,-0.000000,0.000000,-0.000000,0.000000,-0.000000,0.000000,0.000000,-0.000000,-0.000000,0.000000,-0.000000,-0.000000,-0.000000,-0.000000,0.200000,0.200000,-0.000000,1.280000,0.000000,0.000000,-0.000000,0.200000,-0.200000,-0.000000,1.280000,0.000000,-0.000000,0.000000
-0.350550,0.432314,0.795024,0.000000,0.000000,0.724153,0.689639,-0.000000,0.000000,-0.000000,0.000000,-0.000000,0.000000,-0.000000,-0.000000,0.000000,0.000000,-0.000000,0.000000,0.000000,0.000000,0.000000,0.200000,0.200000,0.000000,1.280000,-0.000000,-0.000000,0.000000,0.200000,-0.200000,0.000000,1.280000,-0.000000,0.000000,-0.000000
-0.350550,0.432314,0.795024,0.000000,0.000000,0.724153,0.689639,-0.000000,0.000000,-0.000000,0.000000,-0.000000,0.000000,-0.000000,-0.000000,0.000000,0.000000,-0.000000,0.000000,0.000000,0.000000,0.000000,0.200000,0.200000,0.000000,1.280000,-0.000000,-0.000000,0.000000,0.200000,-0.200000,0.000000,1.280000,-0.000000,0.000000,-0.000000
-0.350550,0.432314,0.795024,0.000000,0.000000,0.724153,0.689639,0.000000,-0.000000,0.000000,-0.000000,0.000000,-0.000000,0.000000,0.000000,-0.000000,-0.000000,0.000000,-0.000000,-0.000000,-0.000000,-0.000000,0.200000,0.200000,-0.000000,1.280000,0.000000,0.000000,-0.000000,0.200000,-0.200000,-0.000000,1.280000,0.000000,-0.000000,0.000000
-0.350550,0.432314,0.795024,0.000000,0.000000,0.724153,0.689639,-0.000000,0.000000,-0.000000,0.000000,-0.000000,0.000000,-0.000000,-0.000000,0.000000,0.000000,-0.000000,0.000000,0.000000,0.000000,0.000000,0.200000,0.200000,0.000000,1.280000,-0.000000,-0.000000,0.000000,0.200000,-0.200000,0.000000,1.280000,-0.000000,0.000000,-0.000000
-0.350550,0.432314,0.795024,0.000000,0.000000,0.724153,0.689639,0.000000,-0.000000,0.000000,-0.000000,0.000000,-0.000000,0.000000,0.000000,-0.000000,-0.000000,0.000000,-0.000000,-0.000000,-0.000000,-0.000000,0.200000,0.200000,-0.000000,1.280000,0.000000,0.000000,-0.000000,0.200000,-0.200000,-0.000000,1.280000,0.000000,-0.000000,0.000000
-0.350550,0.432314,0.795024,0.000000,0.000000,0.724153,0.689639,0.000000,-0.000000,0.000000,-0.000000,0.000000,-0.000000,0.000000,0.000000,-0.000000,-0.000000,0.000000,-0.000000,-0.000000,-0.000000,-0.000000,0.200000,0.200000,-0.000000,1.280000,0.000000,0.000000,-0.000000,0.200000,-0.200000,-0.000000,1.280000,0.000000,-0.000000,0.000000
-0.350550,0.432314,0.795024,0.000000,0.000000,0.724153,0.689639,-0.000000,0.000000,-0.000000,0.000000,-0.000000,0.000000,-0.000000,-0.000000,0.000000,0.000000,-0.000000,0.000000,0.000000,0.000000,0.000000,0.200000,0.200000,0.000000,1.280000,-0.000000,-0.000000,0.000000,0.200000,-0.200000,0.000000,1.280000,-0.000000,0.000000,-0.000000
-0.350550,0.432314,0.795024,0.000000,0.000000,0.724153,0.689639,0.000000,-0.000000,0.000000,-0.000000,0.000000,-0.000000,0.000000,0.000000,-0.000000,-0.000000,0.000000,-0.000000,-0.000000,-0.000000,-0.000000,0.200000,0.200000,-0.000000,1.280000,0.000000,0.000000,-0.000000,0.200000,-0.200000,-0.000000,1.280000,0.000000,-0.000000,0.000000
-0.350550,0.432314,0.795024,0.000000,0.000000,0.724153,0.689639,0.000000,0.000000,0.000000,0.000000,0.000000,0.000000,0.000000,0.000000,0.000000,0.000000,0.000000,0.000000,0.000000,0.000000,0.000000,0.200000,0.200000,0.000000,1.280000,0.000000,0.000000,0.000000,0.200000,-0.200000,0.000000,1.280000,0.000000,0.000000,0.000000
-0.350550,0.432314,0.795024,0.000000,0.000000,0.724153,0.689639,-0.000000,0.000000,-0.000000,0.000000,-0.000000,0.000000,-0.000000,-0.000000,0.000000,0.000000,-0.000000,0.000000,0.000000,0.000000,0.000000,0.200000,0.200000,0.000000,1.280000,-0.000000,-0.000000,0.000000,0.200000,-0.200000,0.000000,1.280000,-0.000000,0.000000,-0.000000
-0.350550,0.432314,0.795024,0.000000,0.000000,0.724153,0.689639,0.000000,-0.000000,0.000000,-0.000000,0.000000,-0.000000,0.000000,0.000000,-0.000000,-0.000000,0.000000,-0.000000,-0.000000,-0.000000,-0.000000,0.200000,0.200000,-0.000000,1.280000,0.000000,0.000000,-0.000000,0.200000,-0.200000,-0.000000,1.280000,0.000000,-0.000000,0.000000
-0.350550,0.432314,0.795024,0.000000,0.000000,0.724153,0.689639,-0.000000,0.000000,-0.000000,0.000000,-0.000000,0.000000,-0.000000,-0.000000,0.000000,0.000000,-0.000000,0.000000,0.000000,0.000000,0.000000,0.200000,0.200000,0.000000,1.280000,-0.000000,-0.000000,0.000000,0.200000,-0.200000,0.000000,1.280000,-0.000000,0.000000,-0.000000
-0.350550,0.432314,0.795024,0.000000,0.000000,0.724153,0.689639,0.000000,0.000000,0.000000,0.000000,0.000000,0.000000,0.000000,0.000000,0.000000,0.000000,0.000000,0.000000,0.000000,0.000000,0.000000,0.200000,0.200000,0.000000,1.280000,0.000000,0.000000,0.000000,0.200000,-0.200000,0.000000,1.280000,0.000000,0.000000,0.000000
-0.350550,0.432314,0.795024,0.000000,0.000000,0.724153,0.689639,0.000000,-0.000000,0.000000,-0.000000,0.000000,-0.000000,0.000000,0.000000,-0.000000,-0.000000,0.000000,-0.000000,-0.000000,-0.000000,-0.000000,0.200000,0.200000,-0.000000,1.280000,0.000000,0.000000,-0.000000,0.200000,-0.200000,-0.000000,1.280000,0.000000,-0.000000,0.000000
-0.350550,0.432314,0.795024,0.000000,0.000000,0.724153,0.689639,-0.000000,0.000000,-0.000000,0.000000,-0.000000,0.000000,-0.000000,-0.000000,0.000000,0.000000,-0.000000,0.000000,0.000000,0.000000,0.000000,0.200000,0.200000,0.000000,1.280000,-0.000000,-0.000000,0.000000,0.200000,-0.200000,0.000000,1.280000,-0.000000,0.000000,-0.000000
-0.350550,0.432314,0.795024,0.000000,0.000000,0.724153,0.689639,0.000000,-0.000000,0.000000,-0.000000,0.000000,-0.000000,0.000000,0.000000,-0.000000,-0.000000,0.000000,-0.000000,-0.000000,-0.000000,-0.000000,0.200000,0.200000,-0.000000,1.280000,0.000000,0.000000,-0.000000,0.200000,-0.200000,-0.000000,1.280000,0.000000,-0.000000,0.000000
-0.350550,0.432314,0.795024,0.000000,0.000000,0.724153,0.689639,0.000000,0.000000,0.000000,0.000000,0.000000,0.000000,0.000000,0.000000,0.000000,0.000000,0.000000,0.000000,0.000000,0.000000,0.000000,0.200000,0.200000,0.000000,1.280000,0.000000,0.000000,0.000000,0.200000,-0.200000,0.000000,1.280000,0.000000,0.000000,0.000000
-0.350550,0.432314,0.795024,0.000000,0.000000,0.724153,0.689639,-0.000000,0.000000,-0.000000,0.000000,-0.000000,0.000000,-0.000000,-0.000000,0.000000,0.000000,-0.000000,0.000000,0.000000,0.000000,0.000000,0.200000,0.200000,0.000000,1.280000,-0.000000,-0.000000,0.000000,0.200000,-0.200000,0.000000,1.280000,-0.000000,0.000000,-0.000000
-0.350550,0.432314,0.795024,0.000000,0.000000,0.724153,0.689639,0.000000,-0.000000,0.000000,-0.000000,0.000000,-0.000000,0.000000,0.000000,-0.000000,-0.000000,0.000000,-0.000000,-0.000000,-0.000000,-0.000000,0.200000,0.200000,-0.000000,1.280000,0.000000,0.000000,-0.000000,0.200000,-0.200000,-0.000000,1.280000,0.000000,-0.000000,0.000000
-0.350550,0.432314,0.795024,0.000000,0.000000,0.724153,0.689639,-0.000000,0.000000,-0.000000,0.000000,-0.000000,0.000000,-0.000000,-0.000000,0.000000,0.000000,-0.000000,0.000000,0.000000,0.000000,0.000000,0.200000,0.200000,0.000000,1.280000,-0.000000,-0.000000,0.000000,0.200000,-0.200000,0.000000,1.280000,-0.000000,0.000000,-0.000000
-0.350550,0.432314,0.795024,0.000000,0.000000,0.724153,0.689639,0.000000,0.000000,0.000000,0.000000,0.000000,0.000000,0.000000,0.000000,0.000000,0.000000,0.000000,0.000000,0.000000,0.000000,0.000000,0.200000,0.200000,0.000000,1.280000,0.000000,0.000000,0.000000,0.200000,-0.200000,0.000000,1.280000,0.000000,0.000000,0.000000
-0.350550,0.432314,0.795024,0.000000,0.000000,0.724153,0.689639,0.000000,-0.000000,0.000000,-0.000000,0.000000,-0.000000,0.000000,0.000000,-0.000000,-0.000000,0.000000,-0.000000,-0.000000,-0.000000,-0.000000,0.200000,0.200000,-0.000000,1.280000,0.000000,0.000000,-0.000000,0.200000,-0.200000,-0.000000,1.280000,0.000000,-0.000000,0.000000
-0.350550,0.432314,0.795024,0.000000,0.000000,0.724153,0.689639,-0.000000,0.000000,-0.000000,0.000000,-0.000000,0.000000,-0.000000,-0.000000,0.000000,0.000000,-0.000000,0.000000,0.000000,0.000000,0.000000,0.200000,0.200000,0.000000,1.280000,-0.000000,-0.000000,0.000000,0.200000,-0.200000,0.000000,1.280000,-0.000000,0.000000,-0.000000
-0.350550,0.432314,0.795024,0.000000,0.000000,0.724153,0.689639,0.000000,-0.000000,0.000000,-0.000000,0.000000,-0.000000,0.000000,0.000000,-0.000000,-0.000000,0.000000,-0.000000,-0.000000,-0.000000,-0.000000,0.200000,0.200000,-0.000000,1.280000,0.000000,0.000000,-0.000000,0.200000,-0.200000,-0.000000,1.280000,0.000000,-0.000000,0.000000
-0.350550,0.432314,0.795024,0.000000,0.000000,0.724153,0.689639,0.000000,0.000000,0.000000,0.000000,0.000000,0.000000,0.000000,0.000000,0.000000,0.000000,0.000000,0.000000,0.000000,0.000000,0.000000,0.200000,0.200000,0.000000,1.280000,0.000000,0.000000,0.000000,0.200000,-0.200000,0.000000,1.280000,0.000000,0.000000,0.000000
-0.350550,0.432314,0.795024,0.000000,0.000000,0.724153,0.689639,-0.000000,0.000000,-0.000000,0.000000,-0.000000,0.000000,-0.000000,-0.000000,0.000000,0.000000,-0.000000,0.000000,0.000000,0.000000,0.000000,0.200000,0.200000,0.000000,1.280000,-0.000000,-0.000000,0.000000,0.200000,-0.200000,0.000000,1.280000,-0.000000,0.000000,-0.000000
-0.350550,0.432314,0.795024,0.000000,0.000000,0.724153,0.689639,0.000000,-0.000000,0.000000,-0.000000,0.000000,-0.000000,0.000000,0.000000,-0.000000,-0.000000,0.000000,-0.000000,-0.000000,-0.000000,-0.000000,0.200000,0.200000,-0.000000,1.280000,0.000000,0.000000,-0.000000,0.200000,-0.200000,-0.000000,1.280000,0.000000,-0.000000,0.000000
-0.350550,0.432314,0.795024,0.000000,0.000000,0.724153,0.689639,-0.000000,0.000000,-0.000000,0.000000,-0.000000,0.000000,-0.000000,-0.000000,0.000000,0.000000,-0.000000,0.000000,0.000000,0.000000,0.000000,0.200000,0.200000,0.000000,1.280000,-0.000000,-0.000000,0.000000,0.200000,-0.200000,0.000000,1.280000,-0.000000,0.000000,-0.000000
-0.350550,0.432314,0.795024,0.000000,0.000000,0.724153,0.689639,0.000000,0.000000,0.000000,0.000000,0.000000,0.000000,0.000000,0.000000,0.000000,0.000000,0.000000,0.000000,0.000000,0.000000,0.000000,0.200000,0.200000,0.000000,1.280000,0.000000,0.000000,0.000000,0.200000,-0.200000,0.000000,1.280000,0.000000,0.000000,0.000000
-0.350550,0.432314,0.795024,0.000000,0.000000,0.724153,0.689639,0.000000,-0.000000,0.000000,-0.000000,0.000000,-0.000000,0.000000,0.000000,-0.000000,-0.000000,0.000000,-0.000000,-0.000000,-0.000000,-0.000000,0.200000,0.200000,-0.000000,1.280000,0.000000,0.000000,-0.000000,0.200000,-0.200000,-0.000000,1.280000,0.000000,-0.000000,0.000000
-0.350550,0.432314,0.795024,0.000000,0.000000,0.724153,0.689639,-0.000000,0.000000,-0.000000,0.000000,-0.000000,0.000000,-0.000000,-0.000000,0.000000,0.000000,-0.000000,0.000000,0.000000,0.000000,0.000000,0.200000,0.200000,0.000000,1.280000,-0.000000,-0.000000,0.000000,0.200000,-0.200000,0.000000,1.280000,-0.000000,0.000000,-0.000000
-0.350550,0.432314,0.795024,0.000000,0.000000,0.724153,0.689639,0.000000,-0.000000,0.000000,-0.000000,0.000000,-0.000000,0.000000,0.000000,-0.000000,-0.000000,0.000000,-0.000000,-0.000000,-0.000000,-0.000000,0.200000,0.200000,-0.000000,1.280000,0.000000,0.000000,-0.000000,0.200000,-0.200000,-0.000000,1.280000,0.000000,-0.000000,0.000000
-0.350550,0.432314,0.795024,0.000000,0.000000,0.724153,0.689639,-0.000000,0.000000,-0.000000,0.000000,-0.000000,0.000000,-0.000000,-0.000000,0.000000,0.000000,-0.000000,0.000000,0.000000,0.000000,0.000000,0.200000,0.200000,0.000000,1.280000,-0.000000,-0.000000,0.000000,0.200000,-0.200000,0.000000,1.280000,-0.000000,0.000000,-0.000000
-0.350550,0.432314,0.795024,0.000000,0.000000,0.724153,0.689639,-0.000000,0.000000,-0.000000,0.000000,-0.000000,0.000000,-0.000000,-0.000000,0.000000,0.000000,-0.000000,0.000000,0.000000,0.000000,0.000000,0.200000,0.200000,0.000000,1.280000,-0.000000,-0.000000,0.000000,0.200000,-0.200000,0.000000,1.280000,-0.000000,0.000000,-0.000000
-0.350550,0.432314,0.795024,0.000000,0.000000,0.724153,0.689639,0.000000,-0.000000,0.000000,-0.000000,0.000000,-0.000000,0.000000,0.000000,-0.000000,-0.000000,0.000000,-0.000000,-0.000000,-0.000000,-0.000000,0.200000,0.200000,-0.000000,1.280000,0.000000,0.000000,-0.000000,0.200000,-0.200000,-0.000000,1.280000,0.000000,-0.000000,0.000000
-0.350550,0.432314,0.795024,0.000000,0.000000,0.724153,0.689639,-0.000000,0.000000,-0.000000,0.000000,-0.000000,0.000000,-0.000000,-0.000000,0.000000,0.000000,-0.000000,0.000000,0.000000,0.000000,0.000000,0.200000,0.200000,0.000000,1.280000,-0.000000,-0.000000,0.000000,0.200000,-0.200000,0.000000,1.280000,-0.000000,0.000000,-0.000000
-0.350550,0.432314,0.795024,0.000000,0.000000,0.724153,0.689639,0.000000,0.000000,0.000000,0.000000,0.000000,0.000000,0.000000,0.000000,0.000000,0.000000,0.000000,0.000000,0.000000,0.000000,0.000000,0.200000,0.200000,0.000000,1.280000,0.000000,0.000000,0.000000,0.200000,-0.200000,0.000000,1.280000,0.000000,0.000000,0.000000
-0.350550,0.432314,0.795024,0.000000,0.000000,0.724153,0.689639,0.000000,-0.000000,0.000000,-0.000000,0.000000,-0.000000,0.000000,0.000000,-0.000000,-0.000000,0.000000,-0.000000,-0.000000,-0.000000,-0.000000,0.200000,0.200000,-0.000000,1.280000,0.000000,0.000000,-0.000000,0.200000,-0.200000,-0.000000,1.280000,0.000000,-0.000000,0.000000
-0.350550,0.432314,0.795024,0.000000,0.000000,0.724153,0.689639,-0.000000,0.000000,-0.000000,0.000000,-0.000000,0.000000,-0.000000,-0.000000,0.000000,0.000000,-0.000000,0.000000,0.000000,0.000000,0.000000,0.200000,0.200000,0.000000,1.280000,-0.000000,-0.000000,0.000000,0.200000,-0.200000,0.000000,1.280000,-0.000000,0.000000,-0.000000
-0.350550,0.432314,0.795024,0.000000,0.000000,0.724153,0.689639,0.000000,-0.000000,0.000000,-0.000000,0.000000,-0.000000,0.000000,0.000000,-0.000000,-0.000000,0.000000,-0.000000,-0.000000,-0.000000,-0.000000,0.200000,0.200000,-0.000000,1.280000,0.000000,0.000000,-0.000000,0.200000,-0.200000,-0.000000,1.280000,0.000000,-0.000000,0.000000
-0.350550,0.432314,0.795024,0.000000,0.000000,0.724153,0.689639,-0.000000,0.000000,-0.000000,0.000000,-0.000000,0.000000,-0.000000,-0.000000,0.000000,0.000000,-0.000000,0.000000,0.000000,0.000000,0.000000,0.200000,0.200000,0.000000,1.280000,-0.000000,-0.000000,0.000000,0.200000,-0.200000,0.000000,1.280000,-0.000000,0.000000,-0.000000
-0.350550,0.432314,0.795024,0.000000,0.000000,0.724153,0.689639,-0.000000,0.000000,-0.000000,0.000000,-0.000000,0.000000,-0.000000,-0.000000,0.000000,0.000000,-0.000000,0.000000,0.000000,0.000000,0.000000,0.200000,0.200000,0.000000,1.280000,-0.000000,-0.000000,0.000000,0.200000,-0.200000,0.000000,1.280000,-0.000000,0.000000,-0.000000
-0.350550,0.432314,0.795024,0.000000,0.000000,0.724153,0.689639,0.000000,-0.000000,0.000000,-0.000000,0.000000,-0.000000,0.000000,0.000000,-0.000000,-0.000000,0.000000,-0.000000,-0.000000,-0.000000,-0.000000,0.200000,0.200000,-0.000000,1.280000,0.000000,0.000000,-0.000000,0.200000,-0.200000,-0.000000,1.280000,0.000000,-0.000000,0.000000
-0.350550,0.432314,0.795024,0.000000,0.000000,0.724153,0.689639,-0.000000,0.000000,-0.000000,0.000000,-0.000000,0.000000,-0.000000,-0.000000,0.000000,0.000000,-0.000000,0.000000,0.000000,0.000000,0.000000,0.200000,0.200000,0.000000,1.280000,-0.000000,-0.000000,0.000000,0.200000,-0.200000,0.000000,1.280000,-0.000000,0.000000,-0.000000
-0.350550,0.432314,0.795024,0.000000,0.000000,0.724153,0.689639,0.000000,0.000000,0.000000,0.000000,0.000000,0.000000,0.000000,0.000000,0.000000,0.000000,0.000000,0.000000,0.000000,0.000000,0.000000,0.200000,0.200000,0.000000,1.280000,0.000000,0.000000,0.000000,0.200000,-0.200000,0.000000,1.280000,0.000000,0.000000,0.000000
-0.350550,0.432314,0.795024,0.000000,0.000000,0.724153,0.689639,0.000000,-0.000000,0.000000,-0.000000,0.000000,-0.000000,0.000000,0.000000,-0.000000,-0.000000,0.000000,-0.000000,-0.000000,-0.000000,-0.000000,0.200000,0.200000,-0.000000,1.280000,0.000000,0.000000,-0.000000,0.200000,-0.200000,-0.000000,1.280000,0.000000,-0.000000,0.000000
-0.350550,0.432314,0.795024,0.000000,0.000000,0.724153,0.689639,-0.000000,0.000000,-0.000000,0.000000,-0.000000,0.000000,-0.000000,-0.000000,0.000000,0.000000,-0.000000,0.000000,0.000000,0.000000,0.000000,0.200000,0.200000,0.000000,1.280000,-0.000000,-0.000000,0.000000,0.200000,-0.200000,0.000000,1.280000,-0.000000,0.000000,-0.000000
-0.350550,0.432314,0.795024,0.000000,0.000000,0.724153,0.689639,0.000000,-0.000000,0.000000,-0.000000,0.000000,-0.000000,0.000000,0.000000,-0.000000,-0.000000,0.000000,-0.000000,-0.000000,-0.000000,-0.000000,0.200000,0.200000,-0.000000,1.280000,0.000000,0.000000,-0.000000,0.200000,-0.200000,-0.000000,1.280000,0.000000,-0.000000,0.000000
-0.350550,0.432314,0.795024,0.000000,0.000000,0.724153,0.689639,0.000000,0.000000,0.000000,0.000000,0.000000,0.000000,0.000000,0.000000,0.000000,0.000000,0.000000,0.000000,0.000000,0.000000,0.000000,0.200000,0.200000,0.000000,1.280000,0.000000,0.000000,0.000000,0.200000,-0.200000,0.000000,1.280000,0.000000,0.000000,0.000000
-0.350550,0.432314,0.795024,0.000000,0.000000,0.724153,0.689639,-0.000000,0.000000,-0.000000,0.000000,-0.000000,0.000000,-0.000000,-0.000000,0.000000,0.000000,-0.000000,0.000000,0.000000,0.000000,0.000000,0.200000,0.200000,0.000000,1.280000,-0.000000,-0.000000,0.000000,0.200000,-0.200000,0.000000,1.280000,-0.000000,0.000000,-0.000000
-0.350550,0.432314,0.795024,0.000000,0.000000,0.724153,0.689639,0.000000,-0.000000,0.000000,-0.000000,0.000000,-0.000000,0.000000,0.000000,-0.000000,-0.000000,0.000000,-0.000000,-0.000000,-0.000000,-0.000000,0.200000,0.200000,-0.000000,1.280000,0.000000,0.000000,-0.000000,0.200000,-0.200000,-0.000000,1.280000,0.000000,-0.000000,0.000000
-0.350550,0.432314,0.795024,0.000000,0.000000,0.724153,0.689639,-0.000000,0.000000,-0.000000,0.000000,-0.000000,0.000000,-0.000000,-0.000000,0.000000,0.000000,-0.000000,0.000000,0.000000,0.000000,0.000000,0.200000,0.200000,0.000000,1.280000,-0.000000,-0.000000,0.000000,0.200000,-0.200000,0.000000,1.280000,-0.000000,0.000000,-0.000000
-0.350550,0.432314,0.795024,0.000000,0.000000,0.724153,0.689639,-0.000000,0.000000,-0.000000,0.000000,-0.000000,0.000000,-0.000000,-0.000000,0.000000,0.000000,-0.000000,0.000000,0.000000,0.000000,0.000000,0.200000,0.200000,0.000000,1.280000,-0.000000,-0.000000,0.000000,0.200000,-0.200000,0.000000,1.280000,-0.000000,0.000000,-0.000000
-0.350550,0.432314,0.795024,0.000000,0.000000,0.724153,0.689639,0.000000,-0.000000,0.000000,-0.000000,0.000000,-0.000000,0.000000,0.000000,-0.000000,-0.000000,0.000000,-0.000000,-0.000000,-0.000000,-0.000000,0.200000,0.200000,-0.000000,1.280000,0.000000,0.000000,-0.000000,0.200000,-0.200000,-0.000000,1.280000,0.000000,-0.000000,0.000000
-0.350550,0.432314,0.795024,0.000000,0.000000,0.724153,0.689639,-0.000000,0.000000,-0.000000,0.000000,-0.000000,0.000000,-0.000000,-0.000000,0.000000,0.000000,-0.000000,0.000000,0.000000,0.000000,0.000000,0.200000,0.200000,0.000000,1.280000,-0.000000,-0.000000,0.000000,0.200000,-0.200000,0.000000,1.280000,-0.000000,0.000000,-0.000000
-0.350550,0.432314,0.795024,0.000000,0.000000,0.724153,0.689639,0.000000,-0.000000,0.000000,-0.000000,0.000000,-0.000000,0.000000,0.000000,-0.000000,-0.000000,0.000000,-0.000000,-0.000000,-0.000000,-0.000000,0.200000,0.200000,-0.000000,1.280000,0.000000,0.000000,-0.000000,0.200000,-0.200000,-0.000000,1.280000,0.000000,-0.000000,0.000000
-0.350550,0.432314,0.795024,0.000000,0.000000,0.724153,0.689639,0.000000,0.000000,0.000000,0.000000,0.000000,0.000000,0.000000,0.000000,0.000000,0.000000,0.000000,0.000000,0.000000,0.000000,0.000000,0.200000,0.200000,0.000000,1.280000,0.000000,0.000000,0.000000,0.200000,-0.200000,0.000000,1.280000,0.000000,0.000000,0.000000
-0.350550,0.432314,0.795024,0.000000,0.000000,0.724153,0.689639,-0.000000,0.000000,-0.000000,0.000000,-0.000000,0.000000,-0.000000,-0.000000,0.000000,0.000000,-0.000000,0.000000,0.000000,0.000000,0.000000,0.200000,0.200000,0.000000,1.280000,-0.000000,-0.000000,0.000000,0.200000,-0.200000,0.000000,1.280000,-0.000000,0.000000,-0.000000
-0.350550,0.432314,0.795024,0.000000,0.000000,0.724153,0.689639,0.000000,-0.000000,0.000000,-0.000000,0.000000,-0.000000,0.000000,0.000000,-0.000000,-0.000000,0.000000,-0.000000,-0.000000,-0.000000,-0.000000,0.200000,0.200000,-0.000000,1.280000,0.000000,0.000000,-0.000000,0.200000,-0.200000,-0.000000,1.280000,0.000000,-0.000000,0.000000
-0.350550,0.432314,0.795024,0.000000,0.000000,0.724153,0.689639,-0.000000,0.000000,-0.000000,0.000000,-0.000000,0.000000,-0.000000,-0.000000,0.000000,0.000000,-0.000000,0.000000,0.000000,0.000000,0.000000,0.200000,0.200000,0.000000,1.280000,-0.000000,-0.000000,0.000000,0.200000,-0.200000,0.000000,1.280000,-0.000000,0.000000,-0.000000
-0.350550,0.432314,0.795024,0.000000,0.000000,0.724153,0.689639,0.000000,0.000000,0.000000,0.000000,0.000000,0.000000,0.000000,0.000000,0.000000,0.000000,0.000000,0.000000,0.000000,0.000000,0.000000,0.200000,0.200000,0.000000,1.280000,0.000000,0.000000,0.000000,0.200000,-0.200000,0.000000,1.280000,0.000000,0.000000,0.000000
-0.350550,0.432314,0.795024,0.000000,0.000000,0.724153,0.689639,0.000000,-0.000000,0.000000,-0.000000,0.000000,-0.000000,0.000000,0.000000,-0.000000,-0.000000,0.000000,-0.000000,-0.000000,-0.000000,-0.000000,0.200000,0.200000,-0.000000,1.280000,0.000000,0.000000,-0.000000,0.200000,-0.200000,-0.000000,1.280000,0.000000,-0.000000,0.000000
-0.350550,0.432314,0.795024,0.000000,0.000000,0.724153,0.689639,-0.000000,0.000000,-0.000000,0.000000,-0.000000,0.000000,-0.000000,-0.000000,0.000000,0.000000,-0.000000,0.000000,0.000000,0.000000,0.000000,0.200000,0.200000,0.000000,1.280000,-0.000000,-0.000000,0.000000,0.200000,-0.200000,0.000000,1.280000,-0.000000,0.000000,-0.000000
-0.350550,0.432314,0.795024,0.000000,0.000000,0.724153,0.689639,0.000000,-0.000000,0.000000,-0.000000,0.000000,-0.000000,0.000000,0.000000,-0.000000,-0.000000,0.000000,-0.000000,-0.000000,-0.000000,-0.000000,0.200000,0.200000,-0.000000,1.280000,0.000000,0.000000,-0.000000,0.200000,-0.200000,-0.000000,1.280000,0.000000,-0.000000,0.000000
-0.350550,0.432314,0.795024,0.000000,0.000000,0.724153,0.689639,-0.000000,0.000000,-0.000000,0.000000,-0.000000,0.000000,-0.000000,-0.000000,0.000000,0.000000,-0.000000,0.000000,0.000000,0.000000,0.000000,0.200000,0.200000,0.000000,1.280000,-0.000000,-0.000000,0.000000,0.200000,-0.200000,0.000000,1.280000,-0.000000,0.000000,-0.000000
-0.350550,0.432314,0.795024,0.000000,0.000000,0.724153,0.689639,-0.000000,0.000000,-0.000000,0.000000,-0.000000,0.000000,-0.000000,-0.000000,0.000000,0.000000,-0.000000,0.000000,0.000000,0.000000,0.000000,0.200000,0.200000,0.000000,1.280000,-0.000000,-0.000000,0.000000,0.200000,-0.200000,0.000000,1.280000,-0.000000,0.000000,-0.000000
-0.350550,0.432314,0.795024,0.000000,0.000000,0.724153,0.689639,0.000000,-0.000000,0.000000,-0.000000,0.000000,-0.000000,0.000000,0.000000,-0.000000,-0.000000,0.000000,-0.000000,-0.000000,-0.000000,-0.000000,0.200000,0.200000,-0.000000,1.280000,0.000000,0.000000,-0.000000,0.200000,-0.200000,-0.000000,1.280000,0.000000,-0.000000,0.000000
-0.350550,0.432314,0.795024,0.000000,0.000000,0.724153,0.689639,-0.000000,0.000000,-0.000000,0.000000,-0.000000,0.000000,-0.000000,-0.000000,0.000000,0.000000,-0.000000,0.000000,0.000000,0.000000,0.000000,0.200000,0.200000,0.000000,1.280000,-0.000000,-0.000000,0.000000,0.200000,-0.200000,0.000000,1.280000,-0.000000,0.000000,-0.000000
-0.350550,0.432314,0.795024,0.000000,0.000000,0.724153,0.689639,0.000000,0.000000,0.000000,0.000000,0.000000,0.000000,0.000000,0.000000,0.000000,0.000000,0.000000,0.000000,0.000000,0.000000,0.000000,0.200000,0.200000,0.000000,1.280000,0.000000,0.000000,0.000000,0.200000,-0.200000,0.000000,1.280000,0.000000,0.000000,0.000000
-0.350550,0.432314,0.795024,0.000000,0.000000,0.724153,0.689639,0.000000,-0.000000,0.000000,-0.000000,0.000000,-0.000000,0.000000,0.000000,-0.000000,-0.000000,0.000000,-0.000000,-0.000000,-0.000000,-0.000000,0.200000,0.200000,-0.000000,1.280000,0.000000,0.000000,-0.000000,0.200000,-0.200000,-0.000000,1.280000,0.000000,-0.000000,0.000000
-0.350550,0.432314,0.795024,0.000000,0.000000,0.724153,0.689639,-0.000000,0.000000,-0.000000,0.000000,-0.000000,0.000000,-0.000000,-0.000000,0.000000,0.000000,-0.000000,0.000000,0.000000,0.000000,0.000000,0.200000,0.200000,0.000000,1.280000,-0.000000,-0.000000,0.000000,0.200000,-0.200000,0.000000,1.280000,-0.000000,0.000000,-0.000000
-0.350550,0.432314,0.795024,0.000000,0.000000,0.724153,0.689639,0.000000,-0.000000,0.000000,-0.000000,0.000000,-0.000000,0.000000,0.000000,-0.000000,-0.000000,0.000000,-0.000000,-0.000000,-0.000000,-0.000000,0.200000,0.200000,-0.000000,1.280000,0.000000,0.000000,-0.000000,0.200000,-0.200000,-0.000000,1.280000,0.000000,-0.000000,0.000000
-0.350550,0.432314,0.795024,0.000000,0.000000,0.724153,0.689639,0.000000,0.000000,0.000000,0.000000,0.000000,0.000000,0.000000,0.000000,0.000000,0.000000,0.000000,0.000000,0.000000,0.000000,0.000000,0.200000,0.200000,0.000000,1.280000,0.000000,0.000000,0.000000,0.200000,-0.200000,0.000000,1.280000,0.000000,0.000000,0.000000
-0.350550,0.432314,0.795024,0.000000,0.000000,0.724153,0.689639,-0.000000,0.000000,-0.000000,0.000000,-0.000000,0.000000,-0.000000,-0.000000,0.000000,0.000000,-0.000000,0.000000,0.000000,0.000000,0.000000,0.200000,0.200000,0.000000,1.280000,-0.000000,-0.000000,0.000000,0.200000,-0.200000,0.000000,1.280000,-0.000000,0.000000,-0.000000
-0.350550,0.432314,0.795024,0.000000,0.000000,0.724153,0.689639,0.000000,-0.000000,0.000000,-0.000000,0.000000,-0.000000,0.000000,0.000000,-0.000000,-0.000000,0.000000,-0.000000,-0.000000,-0.000000,-0.000000,0.200000,0.200000,-0.000000,1.280000,0.000000,0.000000,-0.000000,0.200000,-0.200000,-0.000000,1.280000,0.000000,-0.000000,0.000000
-0.350550,0.432314,0.795024,0.000000,0.000000,0.724153,0.689639,-0.000000,0.000000,-0.000000,0.000000,-0.000000,0.000000,-0.000000,-0.000000,0.000000,0.000000,-0.000000,0.000000,0.000000,0.000000,0.000000,0.200000,0.200000,0.000000,1.280000,-0.000000,-0.000000,0.000000,0.200000,-0.200000,0.000000,1.280000,-0.000000,0.000000,-0.000000
-0.350550,0.432314,0.795024,0.000000,0.000000,0.724153,0.689639,-0.000000,0.000000,-0.000000,0.000000,-0.000000,0.000000,-0.000000,-0.000000,0.000000,0.000000,-0.000000,0.000000,0.000000,0.000000,0.000000,0.200000,0.200000,0.000000,1.280000,-0.000000,-0.000000,0.000000,0.200000,-0.200000,0.000000,1.280000,-0.000000,0.000000,-0.000000
-0.350550,0.432314,0.795024,0.000000,0.000000,0.724153,0.689639,0.000000,-0.000000,0.000000,-0.000000,0.000000,-0.000000,0.000000,0.000000,-0.000000,-0.000000,0.000000,-0.000000,-0.000000,-0.000000,-0.000000,0.200000,0.200000,-0.000000,1.280000,0.000000,0.000000,-0.000000,0.200000,-0.200000,-0.000000,1.280000,0.000000,-0.000000,0.000000
-0.350550,0.432314,0.795024,0.000000,0.000000,0.724153,0.689639,-0.000000,0.000000,-0.000000,0.000000,-0.000000,0.000000,-0.000000,-0.000000,0.000000,0.000000,-0.000000,0.000000,0.000000,0.000000,0.000000,0.200000,0.200000,0.000000,1.280000,-0.000000,-0.000000,0.000000,0.200000,-0.200000,0.000000,1.280000,-0.000000,0.000000,-0.000000
-0.350550,0.432314,0.795024,0.000000,0.000000,0.724153,0.689639,0.000000,0.000000,0.000000,0.000000,-0.000000,0.000000,0.000000,0.000000,0.000000,0.000000,0.000000,0.000000,0.000000,0.000000,-0.000000,0.200000,0.200000,0.000000,1.280000,0.000000,0.000000,0.000000,0.200000,-0.200000,0.000000,1.280000,0.000000,0.000000,-0.000000
